File,Code,Excel Name,Excel MRP,PDF Name,PDF MRP,Match Reason
10 Bed Room Set-3.xlsx,TFL-BED-204 LB,চারুলতা কিং বেড,19100.0,Bed (King),19100.0,Variant Name Match
10 Bed Room Set-3.xlsx,TFL-BST-204 LB,চারুলতা বেড সাইড টেবিল,4200.0,Bed Side Table,4200.0,Measurement Match
10 Bed Room Set-3.xlsx,TFL-BED-205 LB,অম্বরী বেড,16300.0,Bed (Double),16300.0,Measurement Match
10 Bed Room Set-3.xlsx,TFL-BED-205 LB,অম্বরী কিং বেড,18500.0,Bed (King),18500.0,Measurement Match
10 Bed Room Set-3.xlsx,TFL-BST-205 LB,অম্বরী বেড সাইড টেবিল,3000.0,Bed Side Table,3000.0,Measurement Match
10 Bed Room Set-3.xlsx,TFL-BED-206 LB,পুঞ্জিকা বেড,16500.0,Bed (Double),16500.0,Measurement Match
10 Bed Room Set-3.xlsx,TFL-BED-206 LB,পুঞ্জিকা কিং বেড,18900.0,Bed (King),18900.0,Measurement Match
10 Bed Room Set-3.xlsx,TFL-BST-206 LB,পুঞ্জিকা বেড সাইড টেবিল,5250.0,NO MATCH IN PDF,,
10 Bed Room Set-3.xlsx,TFL-BED-401 WD,মিতালী বেড,28500.0,Bed (Double),28500.0,Measurement Match
10 Bed Room Set-3.xlsx,TFL-BED-401 WD,মিতালী কুইন বেড,30500.0,Bed (Queen),30500.0,Measurement Match
10 Bed Room Set-3.xlsx,TFL-BED-401 WD,মিতালী কিং বেড,32500.0,Bed (King),32500.0,Measurement Match
10 Bed Room Set-3.xlsx,TFL-BED-402 WD,রূপান্তর বেড,26500.0,Bed (Double),26500.0,Measurement Match
10 Bed Room Set-3.xlsx,TFL-BED-402 WD,রূপান্তর কুইন বেড,28500.0,Bed (Queen),28500.0,Measurement Match
10 Bed Room Set-3.xlsx,TFL-BED-402 WD,রূপান্তর কিং বেড,30500.0,Bed (King),30500.0,Measurement Match
10 Bed Room Set-3.xlsx,TFL-BST-402 WD,রূপান্তর বেড,9900.0,Bed,9900.0,Measurement Match
10 Bed Room Set-3.xlsx,TFL-BED-403 WD,টেরাকোটা বেড,28000.0,Bed (Double),28000.0,Measurement Match
10 Bed Room Set-3.xlsx,TFL-BED-403 WD,টেরাকোটা কুইন বেড,30000.0,Bed (Queen),30000.0,Measurement Match
10 Bed Room Set-3.xlsx,TFL-BED-403 WD,টেরাকোটা কিং বেড,32000.0,Bed (King),32000.0,Measurement Match
10 Bed Room Set-3.xlsx,TFL-BED-404 WD,প্রবালিকা বেড,26000.0,Bed (Double),26000.0,Measurement Match
10 Bed Room Set-3.xlsx,TFL-BED-404 WD,প্রবালিকা কুইন বেড,27500.0,Bed (Queen),27500.0,Measurement Match
10 Bed Room Set-3.xlsx,TFL-BED-404 WD,প্রবালিকা কিং বেড,29500.0,Bed (King),29500.0,Measurement Match
10 Bed Room Set-3.xlsx,TFL-BED-405 WD,মুক্তালী বেড,27500.0,Bed (Double),27500.0,Measurement Match
10 Bed Room Set-3.xlsx,TFL-BED-405 WD,মুক্তালী কুইন বেড,29500.0,Bed (Queen),29500.0,Measurement Match
10 Bed Room Set-3.xlsx,TFL-BED-405 WD,মুক্তালী কিং বেড,31500.0,Bed (King),31500.0,Measurement Match
10 Bed Room Set-3.xlsx,TFL-BST-405 WD,মুক্তালী বেড সাইড টেবিল,10000.0,Bed Side Table,10000.0,Measurement Match
10 Bed Room Set-3.xlsx,TFL-BED-406 WD,জলরেখা বেড,30500.0,Bed (Double),30500.0,Variant Name Match
10 Bed Room Set-3.xlsx,TFL-BST-406 WD,জলরেখা বেড সাইড টেবিল,10000.0,Bed Side Table,10000.0,Measurement Match
10 Bed Room Set-3.xlsx,TFL-BED-407 WD,স্বর্ণালী বেড,30500.0,Bed (Double),30500.0,Measurement Match
10 Bed Room Set-3.xlsx,TFL-BED-407 WD,স্বর্ণালী কুইন বেড,32500.0,Bed (Queen),32500.0,Measurement Match
10 Bed Room Set-3.xlsx,TFL-BED-407 WD,স্বর্ণালী কিং বেড,34500.0,Bed (King),34500.0,Measurement Match
10 Bed Room Set-3.xlsx,TFL-BST-407 WD,স্বর্ণালী বেড সাইড টেবিল,10000.0,Bed Side Table,10000.0,Measurement Match
10 Bed Room Set-3.xlsx,TFL-DST-204 LB,চারুলতা ড্রেসিং টেবিল,10990.0,Dressing Table,10990.0,Measurement Match
10 Bed Room Set-3.xlsx,TFL-DST-205 LB,অম্বরী ড্রেসিং টেবিল,13500.0,Dressing Table,13500.0,Measurement Match
10 Bed Room Set-3.xlsx,TFL-DST-206 LB,পুঞ্জিকা ড্রেসিং টেবিল,12700.0,Dressing Table,12700.0,Measurement Match
10 Bed Room Set-3.xlsx,TFL-DST-402 WD,রূপান্তর ড্রেসিং টেবিল,22000.0,Dressing Table,22000.0,Measurement Match
10 Bed Room Set-3.xlsx,TFL-DST-405 WD,মুক্তালী ড্রেসিং টেবিল,23200.0,Dressing Table,23200.0,Measurement Match
10 Bed Room Set-3.xlsx,TFL-DST-406 WD,জলরেখা ড্রেসিং টেবিল,23500.0,Dressing Table,23500.0,Variant Name Match
10 Bed Room Set-3.xlsx,TFL-DST-407 WD,স্বর্ণালী ড্রেসিং টেবিল,22500.0,Dressing Table,22500.0,Measurement Match
10 Bed Room Set-3.xlsx,TFL-CBD-206 LB,পুঞ্জিকা ২-ডোর কাপবোর্ড,19100.0,Cupboard (2 Door),19100.0,Measurement Match
10 Bed Room Set-3.xlsx,TFL-CBD-205 LB-2D,অম্বরী ২-ডোর কাপবোর্ড,17100.0,Cupboard (2 Door),17100.0,Variant Name Match
10 Bed Room Set-3.xlsx,TFL-CBD-205 LB-3D,অম্বরী ৩-ডোর কাপবোর্ড,22500.0,Cupboard (3 Door),22500.0,Variant + Closest Meas
10 Bed Room Set-3.xlsx,TFL-CBD-205 LB-3D,অম্বরী ৩-ডোর কাপবোর্ড,24500.0,Cupboard (3 Door),24500.0,Measurement Match
10 Bed Room Set-3.xlsx,TFL-CBD-204 LB-2D,চারুলতা ২-ডোর কাপবোর্ড,17990.0,Cupboard (2 Door),17990.0,Variant Name Match
10 Bed Room Set-3.xlsx,TFL-CBD-204 LB-3D,চারুলতা ৩-ডোর কাপবোর্ড,22500.0,Cupboard (3 Door),22500.0,Measurement Match
10 Bed Room Set-3.xlsx,TFL-CBD-402 WD,রূপান্তর ২-ডোর কাপবোর্ড,42990.0,Cupboard (2 Door),42990.0,Measurement Match
10 Bed Room Set-3.xlsx,TFL-CBD-405 WD,মুক্তালী ২-ডোর কাপবোর্ড,43990.0,Cupboard (2 Door),43990.0,Measurement Match
10 Bed Room Set-3.xlsx,TFL-CBD-406 WD,জলরেখা ৩-ডোর কাপবোর্ড,57500.0,Cupboard (2 Door),57500.0,Only 1 Option
10 Bed Room Set-3.xlsx,TFL-CBD-407 WD,স্বর্ণালী ২-ডোর কাপবোর্ড,44500.0,Cupboard (2 Door),44500.0,Measurement Match
10 Bed Room Set-3.xlsx,TFL-WDR-402 WD,রূপান্তর ওয়ারড্রোব,42000.0,Wardrobe,42000.0,Measurement Match
10 Bed Room Set-3.xlsx,TFL-COD-405 WD,মুক্তালী চেস্ট অফ ড্রয়ার,32500.0,Chest of Drawer,32500.0,Measurement Match
10 Bed Room Set-3.xlsx,TFL-WDR-407 WD,স্বর্ণালী ওয়ারড্রোব,43500.0,Wardrobe,43500.0,Measurement Match
10 Bed Room Set-3.xlsx,TFL-WDD-204 LB,চারুলতা ওয়ারড্রোব,19590.0,NO MATCH IN PDF,,
10 Bed Room Set-3.xlsx,TFL-COD-205 LB,অম্বরী ওয়ারড্রোব,13980.0,NO MATCH IN PDF,,
10 Bedroom Set.xlsx,TFL-BED-109 LB,বনলতা কিং বেড,16050.0,Bed (King),16050.0,Variant Name Match
10 Bedroom Set.xlsx,TFL-BST-109 LB,বনলতা বেড সাইড টেবিল,3900.0,Bed Side Table,3900.0,Measurement Match
10 Bedroom Set.xlsx,TFL-BED-110 LB,শুভ্রা বেড,19300.0,Bed (Double),19300.0,Measurement Match
10 Bedroom Set.xlsx,TFL-BST-110 LB,শুভ্রা বেড সাইড টেবিল,3990.0,Bed Side Table,3990.0,Measurement Match
10 Bedroom Set.xlsx,TFL-BED-111 LB,বিপরীত বেড,15900.0,Bed (Double),15900.0,Measurement Match
10 Bedroom Set.xlsx,TFL-BST-111 LB,বিপরীত বেড সাইড টেবিল,4990.0,Bed Side Table,4990.0,Measurement Match
10 Bedroom Set.xlsx,TFL-BED-112 LB,কদম্বরী বেড,14500.0,Bed (Double),14500.0,Measurement Match
10 Bedroom Set.xlsx,TFL-BST-112 LB,কদম্বরী বেড সাইড টেবিল,5250.0,Bed Side Table,5250.0,Measurement Match
10 Bedroom Set.xlsx,TFL-BED-113 LB,দিগন্ত বেড,15500.0,Bed (Double),15500.0,Measurement Match
10 Bedroom Set.xlsx,TFL-BST-113 LB,দিগন্ত বেড সাইড টেবিল,5500.0,Bed Side Table,5500.0,Measurement Match
10 Bedroom Set.xlsx,TFL-BED-114 LB,রেখাচিত্র বেড,15500.0,Bed (Double),15500.0,Variant Name Match
10 Bedroom Set.xlsx,TFL-BST-114 LB,রেখাচিত্র বেড সাইড টেবিল,5590.0,Bed side table,5590.0,Measurement Match
10 Bedroom Set.xlsx,TFL-BED-116 MT,অবয়ব বেড,22000.0,Bed (Double),22000.0,Measurement Match
10 Bedroom Set.xlsx,TFL-BST-116 MT,অবয়ব বেড সাইড টেবিল,5900.0,NO MATCH IN PDF,,
10 Bedroom Set.xlsx,TFL-BED-201 LB,পদ্ম বেড,15600.0,LB Bed (Double),15600.0,Measurement Match
10 Bedroom Set.xlsx,TFL-BED-201 LB,পদ্ম কিং বেড,18500.0,Bed (King),18500.0,Measurement Match
10 Bedroom Set.xlsx,TFL-BST-201 LB,পদ্ম বেড সাইড টেবিল,4800.0,Bed Side Table,4800.0,Measurement Match
10 Bedroom Set.xlsx,TFL-BED-202 LB,শিল্পিক বেড,13000.0,Bed (Double),13000.0,Measurement Match
10 Bedroom Set.xlsx,TFL-BED-202 LB,শিল্পিক কিং বেড,17800.0,Bed (King),17800.0,Measurement Match
10 Bedroom Set.xlsx,TFL-BST-202 LB,শিল্পিক বেড সাইড টেবিল,2900.0,Bed Side Table,2900.0,Measurement Match
10 Bedroom Set.xlsx,TFL-BED-203 LB,অরণ্য বেড,14980.0,Bed (Double),14980.0,Measurement Match
10 Bedroom Set.xlsx,TFL-BED-203 LB,অরণ্য কিং বেড,18500.0,Bed (King),18500.0,Measurement Match
10 Bedroom Set.xlsx,TFL-BST-203 LB,অরণ্য বেড সাইড টেবিল,4400.0,Bed Side Table,4400.0,Measurement Match
10 Bedroom Set.xlsx,TFL-DST-109 LB,বনলতা ড্রেসিং টেবিল,10900.0,Dressing Table,10900.0,Measurement Match
10 Bedroom Set.xlsx,TFL-DST-111 LB,বিপরীত ড্রেসিং টেবিল,9990.0,Dressing Table,9990.0,Measurement Match
10 Bedroom Set.xlsx,TFL-DST-112 LB,কদম্বরী ড্রেসিং টেবিল,11990.0,Dressing Table,11990.0,Measurement Match
10 Bedroom Set.xlsx,TFL-DST-113 LB,দিগন্ত ড্রেসিং টেবিল,12990.0,Dressing Table,12990.0,Measurement Match
10 Bedroom Set.xlsx,TFL-DST-114 LB,রেখাচিত্র ড্রেসিং টেবিল,11500.0,Dressing Table,11500.0,Measurement Match
10 Bedroom Set.xlsx,TFL-DST-116 MT,অবয়ব ড্রেসিং টেবিল,14990.0,NO MATCH IN PDF,,
10 Bedroom Set.xlsx,TFL-DST-110 LB,শুভ্রা ড্রেসিং টেবিল,11990.0,Dressing Table,11990.0,Measurement Match
10 Bedroom Set.xlsx,TFL-DST-203 LB,অরণ্য ড্রেসিং টেবিল,12990.0,Dressing Table,12990.0,Measurement Match
10 Bedroom Set.xlsx,TFL-DST-202 LB,শিল্পিক ড্রেসিং টেবিল,13500.0,Dressing Table,13500.0,Measurement Match
10 Bedroom Set.xlsx,TFL-DST-201 LB,পদ্ম ড্রেসিং টেবিল,9980.0,Dressing Table,9980.0,Measurement Match
10 Bedroom Set.xlsx,TFL-CBD-203 LB-2D,অরণ্য ২-ডোর কাপবোর্ড,17900.0,Cupboard (2 Door),17900.0,Variant Name Match
10 Bedroom Set.xlsx,TFL-CBD-203 LB-3D,অরণ্য ৩-ডোর কাপবোর্ড,23000.0,Cupboard (3 Door),23000.0,Measurement Match
10 Bedroom Set.xlsx,TFL-CBD-202 LB-3D,শিল্পিক ৩-ডোর কাপবোর্ড,22500.0,Cupboard (3 Door),22500.0,Measurement Match
10 Bedroom Set.xlsx,TFL-CBD-202 LB-3D,শিল্পিক ৩-ডোর কাপবোর্ড,24500.0,Cupboard (3 Door),24500.0,Measurement Match
10 Bedroom Set.xlsx,TFL-CBD-202 LB-2D,শিল্পিক ২-ডোর কাপবোর্ড,18990.0,Cupboard (2 Door),18990.0,Variant Name Match
10 Bedroom Set.xlsx,TFL-CBD-201 LB-1D,পদ্ম ১-ডোর কাপবোর্ড,9750.0,MULTIPLE MATCHES - AMBIGUOUS,,
10 Bedroom Set.xlsx,TFL-CBD-201 LB-2D,পদ্ম ২-ডোর কাপবোর্ড,15900.0,Cupboard (2 Door),15900.0,Variant + Closest Meas
10 Bedroom Set.xlsx,TFL-CBD-201 LB-3D,পদ্ম ৩-ডোর কাপবোর্ড,22500.0,Cupboard (3 Door),22500.0,Measurement Match
10 Bedroom Set.xlsx,TFL-CBD-201 LB-3D,পদ্ম ৩-ডোর কাপবোর্ড,24500.0,Cupboard (3 Door),24500.0,Variant + Closest Meas
10 Bedroom Set.xlsx,TFL-CBD-109 LB-2D,বনলতা ২-ডোর কাপবোর্ড,16550.0,Cupboard (2-Door),16550.0,Measurement Match
10 Bedroom Set.xlsx,TFL-CBD-109 LB-3D,বনলতা ৩-ডোর কাপবোর্ড,24990.0,Cupboard (3 Door),24990.0,Measurement Match
10 Bedroom Set.xlsx,TFL-CBD-110 LB-2D,শুভ্রা ২-ডোর কাপবোর্ড,16610.0,Cupboard (2-Door),16610.0,Variant Name Match
10 Bedroom Set.xlsx,TFL-CBD-111 LB-2D,বিপরীত ২-ডোর কাপবোর্ড,17110.0,Cupboard (2-Door),17110.0,Measurement Match
10 Bedroom Set.xlsx,TFL-CBD-112 LB-2D,কদম্বরী ২-ডোর কাপবোর্ড,16550.0,Cupboard (2-Door),16550.0,Variant Name Match
10 Bedroom Set.xlsx,TFL-CBD-112 LB-3D,কদম্বরী ৩-ডোর কাপবোর্ড,24800.0,Cupboard (3 Door),24800.0,Measurement Match
10 Bedroom Set.xlsx,TFL-CBD-113 LB-2D,দিগন্ত ২-ডোর কাপবোর্ড,16800.0,Cupboard (2 Door),16800.0,Measurement Match
10 Bedroom Set.xlsx,TFL-CBD-113 LB-3D,দিগন্ত ৩-ডোর কাপবোর্ড,24990.0,Cupboard (3 Door),24990.0,Measurement Match
10 Bedroom Set.xlsx,TFL-CBD-114 LB-2D,রেখাচিত্র ২-ডোর কাপবোর্ড,16550.0,Cupboard (2 Door),16550.0,Variant Name Match
10 Bedroom Set.xlsx,TFL-CBD-116 MT-2D,অবয়ব ২-ডোর কাপবোর্ড,19990.0,NO MATCH IN PDF,,
10 Bedroom Set.xlsx,TFL-COD-110 LB,শুভ্রা চেস্ট অফ ড্রয়ার,15500.0,NO MATCH IN PDF,,
10 Bedroom Set.xlsx,TFL-WDR-110 LB,শুভ্রা ওয়ারড্রোব,16100.0,NO MATCH IN PDF,,
10 Bedroom Set.xlsx,TFL-COD-111 LB,বিপরীত চেস্ট অফ ড্রয়ার,15900.0,NO MATCH IN PDF,,
10 Bedroom Set.xlsx,TFL-WDR-112 LB,কদম্বরী ওয়ারড্রোব,20400.0,NO MATCH IN PDF,,
10 Bedroom Set.xlsx,TFL-COD-113 LB,দিগন্ত চেস্ট অফ ড্রয়ার,15900.0,NO MATCH IN PDF,,
10 Bedroom Set.xlsx,TFL-COD-114 LB,রেখাচিত্র চেস্ট অফ ড্রয়ার,15990.0,NO MATCH IN PDF,,
10 Bedroom Set.xlsx,TFL-COD-109 LB,বনলতা চেস্ট অফ ড্রয়ার,14200.0,NO MATCH IN PDF,,
10 Bedroom Set.xlsx,TFL-COD-116 MT,অবয়ব চেস্ট অফ ড্রয়ার,19990.0,Chest of Drawer,19990.0,Measurement Match
10 Bedroom Set.xlsx,TFL-WDR-202 LB,শিল্পিক ওয়ারড্রোব,17500.0,NO MATCH IN PDF,,
10 Bedroom Set.xlsx,TFL-WDR-201 LB,পদ্ম ওয়ারড্রোব,17500.0,NO MATCH IN PDF,,
10 Bedroom Set.xlsx,TFL-COD-203 LB,অরণ্য চেস্ট অফ ড্রয়ার,13990.0,NO MATCH IN PDF,,
10 Bedroom Set.xlsx,TFL-ALN-201 LB,পদ্ম আলনা,5700.0,Alna,5700.0,Measurement Match
10 Bedroom Set.xlsx,TFL-ALN-202 LB,শিল্পিক আলনা,7400.0,Alna,7400.0,Variant Name Match
4 Product.xlsx,TFL-CBD-205 LB-3D,অম্বরী ৩-ডোর কাপবোর্ড,22500.0,Cupboard (3 Door),22500.0,Variant + Closest Meas
4 Product.xlsx,TFL-CBD-205 LB-3D,অম্বরী ৩-ডোর কাপবোর্ড,24500.0,Cupboard (3 Door),24500.0,Measurement Match
4 Product.xlsx,TFL-CBD-204 LB-2D,চারুলতা ২-ডোর কাপবোর্ড,17990.0,Cupboard (2 Door),17990.0,Variant Name Match
4 Product.xlsx,TFL-CBD-204 LB-2D,চারুলতা ৩-ডোর কাপবোর্ড,22500.0,Cupboard (3 Door),22500.0,Measurement Match
4 Product.xlsx,TFL-CBD-204 LB-3D,চারুলতা ৩-ডোর কাপবোর্ড,24500.0,Cupboard (3 Door),24500.0,Variant + Closest Meas
4 Product.xlsx,TFL-COD-118 LB,কসমস চেস্ট অফ ড্রয়ার,17500.0,NO MATCH IN PDF,,
4 Product.xlsx,TFL-CBD-207 LB-3D,3-Door Cupboard,24200.0,Cupboard (3 Door),24200.0,Measurement Match
4 Product.xlsx,TFL-CBD-208 LB-2D,2-Door Cupboard,26000.0,Cupboard Cum Dressing Tabl;e (2 Door),26000.0,Measurement Match
4 Product.xlsx,TFL-CBD-208 LB-3D,3-Door Cupboard,32000.0,Cupboard Cum Dressing Tabl;e (3 Door),32000.0,Measurement Match
4 Product.xlsx,TFL-WDR-406 WD,জলরেখা ওয়ারড্রোব,0,NO MATCH IN PDF,,
Bedroom Set Uv Print.xlsx,TFL-BST-120 LB,ফ্লোরাল বেড সাইড টেবিল,3550.0,Bed side table,3550.0,Measurement Match
Bedroom Set Uv Print.xlsx,TFL-BED-119 LB,রৌজা বেড,16800.0,Bed (Double),16800.0,Measurement Match
Bedroom Set Uv Print.xlsx,TFL-BST-119 LB,রৌজা বেড সাইড টেবিল,5000.0,Bed Side Table,5000.0,Measurement Match
Bedroom Set Uv Print.xlsx,TFL-BED-118 LB,কসমস বেড,16800.0,Bed (Double),16800.0,Measurement Match
Bedroom Set Uv Print.xlsx,TFL-BST-118 LB,কসমস বেড সাইড টেবিল,5000.0,Bed Side Table,5000.0,Measurement Match
Bedroom Set Uv Print.xlsx,TFL-BED-117 LB,সূর্যমুখী বেড,16800.0,Bed (Double),16800.0,Measurement Match
Bedroom Set Uv Print.xlsx,TFL-BST-117 LB,সূর্যমুখী বেড সাইড টেবিল,5000.0,Bed Side Table,5000.0,Measurement Match
Bedroom Set Uv Print.xlsx,TFL-DST-117 LB,সূর্যমুখী ড্রেসিং টেবিল,13500.0,Dressing Table,13500.0,Measurement Match
Bedroom Set Uv Print.xlsx,TFL-DST-118 LB,কসমস ড্রেসিং টেবিল,14000.0,Dressing Table,14000.0,Variant Name Match
Bedroom Set Uv Print.xlsx,TFL-DST-119 LB,রৌজা ড্রেসিং টেবিল,13000.0,NO MATCH IN PDF,,
Bedroom Set Uv Print.xlsx,TFL-DST-120 LB,ফ্লোরাল ড্রেসিং টেবিল,13500.0,NO MATCH IN PDF,,
Bedroom Set Uv Print.xlsx,TFL-CBD-117 LB-2D,সূর্যমুখী ২-ডোর কাপবোর্ড,18200.0,Cupboard UV (2-Door),18200.0,Variant Name Match
Bedroom Set Uv Print.xlsx,TFL-CBD-117 LB-3D,সূর্যমুখী ৩-ডোর কাপবোর্ড,24900.0,Cupboard UV (3 Door),24900.0,Measurement Match
Bedroom Set Uv Print.xlsx,TFL-CBD-117 LB-3D,সূর্যমুখী ৩-ডোর কাপবোর্ড,27900.0,Cupboard UV (3 Door),27900.0,Measurement Match
Bedroom Set Uv Print.xlsx,TFL-CBD-118 LB-2D,কসমস ২-ডোর কাপবোর্ড,18200.0,Cupboard UV (2 Door),18200.0,Variant Name Match
Bedroom Set Uv Print.xlsx,TFL-CBD-118 LB-3D,কসমস ৩-ডোর কাপবোর্ড,24900.0,Cupboard UV (3 Door),24900.0,Variant + Closest Meas
Bedroom Set Uv Print.xlsx,TFL-CBD-118 LB-3D,কসমস ৩-ডোর কাপবোর্ড,27900.0,Cupboard (3 Door),27900.0,Measurement Match
Bedroom Set Uv Print.xlsx,TFL-CBD-119 LB-2D,রৌজা ২-ডোর কাপবোর্ড,17380.0,NO MATCH IN PDF,,
Bedroom Set Uv Print.xlsx,TFL-CBD-119 LB-3D,রৌজা ৩-ডোর কাপবোর্ড,23600.0,NO MATCH IN PDF,,
Bedroom Set Uv Print.xlsx,TFL-CBD-119 LB-3D,রৌজা ৩-ডোর কাপবোর্ড,26600.0,NO MATCH IN PDF,,
Bedroom Set Uv Print.xlsx,TFL-CBD-120 LB-2D,ফ্লোরাল ২-ডোর কাপবোর্ড,17380.0,NO MATCH IN PDF,,
Bedroom Set Uv Print.xlsx,TFL-CBD-120 LB-3D,ফ্লোরাল ৩-ডোর কাপবোর্ড,23600.0,NO MATCH IN PDF,,
Bedroom Set Uv Print.xlsx,TFL-CBD-120 LB-3D,ফ্লোরাল ৩-ডোর কাপবোর্ড,26600.0,NO MATCH IN PDF,,
Bedroom Set Uv Print.xlsx,TFL-COD-117 LB,সূর্যমুখী চেস্ট অফ ড্রয়ার,17500.0,NO MATCH IN PDF,,
Bedroom Set Uv Print.xlsx,TFL-WDR-118 LB,কসমস ওয়ারড্রোব,17500.0,NO MATCH IN PDF,,
Bedroom Set Uv Print.xlsx,TFL-COD-119 LB,রৌজা চেস্ট অফ ড্রয়ার,17500.0,NO MATCH IN PDF,,
Bedroom Set Uv Print.xlsx,TFL-COD-120 LB,ফ্লোরাল চেস্ট অফ ড্রয়ার,17500.0,NO MATCH IN PDF,,
Bedroom Set Uv Print.xlsx,TFL-WDR-117 LB,সূর্যমুখী ওয়ারড্রোব,19800.0,NO MATCH IN PDF,,
Bedroom Set Uv Print.xlsx,TFL-WDR-118 LB,কসমস ওয়ারড্রোব,19800.0,NO MATCH IN PDF,,
Bedroom Set Uv Print.xlsx,TFL-WDR-119 LB,রৌজা ওয়ারড্রোব,19800.0,NO MATCH IN PDF,,
Bedroom Set Uv Print.xlsx,TFL-WDR-120 LB,ফ্লোরাল ওয়ারড্রোব,19800.0,NO MATCH IN PDF,,
Dining Table Set.xlsx,TFL-DNC-201 MT,Dining Chair,2495.0,Dining Chair,2495.0,Measurement Match
Dining Table Set.xlsx,TFL-DNT-107 WD,Dining Talbe,13200.0,NO MATCH IN PDF,,
Dining Table Set.xlsx,TFL-DNC-107 WD,Dining Chair,3200.0,NO MATCH IN PDF,,
Dining Table Set.xlsx,TFL-DNT-103 WD,Dining Table,30800.0,Dining Table,30800.0,Measurement Match
Dining Table Set.xlsx,TFL-DNC-103 WD,Dining Chair,7000.0,Dining Chair,7000.0,Measurement Match
Dining Table Set.xlsx,TFL-DSB-103 WD,Sideboard,35990.0,Sideboard,35990.0,Measurement Match
Dining Table Set.xlsx,TFL-DNW-103 WD,Dinner Wagon,70000.0,Showcase,70000.0,Measurement Match
Dining Table Set.xlsx,TFL-DSB-107 WD,Sideboard,35990.0,NO MATCH IN PDF,,
Dining Table Set.xlsx,TFL-DNW-107 WD,Dinner Wagon,70000.0,NO MATCH IN PDF,,
Dressing Stool.xlsx,TFL-DTS-106-LB,Dressing Stool,2700.0,NO MATCH IN PDF,,
Dressing Stool.xlsx,TFL-DTS-201-LB,পদ্ম ড্রেসিং স্টুল,2250.0,NO MATCH IN PDF,,
Kids Bed.xlsx,TFL-BED-132 LB,প্রিন্সেস কিডস বেড,17500.0,Kids Bed,17500.0,Only 1 Option
Kids Bed.xlsx,TFL-BED-133 LB,হ্যালো কিটি কিডস বেড,20500.0,Kids Bed,20500.0,Only 1 Option
Kids Bed.xlsx,TFL-BED-134 LB,স্কাইবো কিডস বেড,18300.0,Kids Bed,18300.0,Only 1 Option
Kids Bed.xlsx,TFL-BED-135 LB,পোকো কিডস বেড,20500.0,Kids Bed,20500.0,Only 1 Option
Kids Bed.xlsx,TFL-BED-136 LB,মোয়ানা মোয়ানা কিডস বেড,18200.0,Kids Bed,18200.0,Only 1 Option
Living Room Furniture.xlsx,TFL-DVN-202 FF,Divan,34000.0,Divan,34000.0,Measurement Match
Living Room Furniture.xlsx,TFL-DVN-203 FR,Divan,30500.0,Divan,30500.0,Measurement Match
Living Room Furniture.xlsx,TFL-SOF-101 WD-S,Single Seater Sofa,17000.0,Sofa (Single Seater),17000.0,Measurement Match
Living Room Furniture.xlsx,TFL-SOF-101 WD-D,Double Seater Sofa,27000.0,Sofa (Double Seater),27000.0,Measurement Match
Living Room Furniture.xlsx,TFL-SOF-102 WD-S,Single Seater Sofa,19500.0,Sofa (Single Seater),19500.0,Measurement Match
Living Room Furniture.xlsx,TFL-SOF-102 WD-D,Double Seater Sofa,27500.0,Sofa (Double Seater),27500.0,Measurement Match
Living Room Furniture.xlsx,TFL-SOF-103 WD-S,Single Seater Sofa,19800.0,Sofa (Single Seater),19800.0,Measurement Match
Living Room Furniture.xlsx,TFL-SOF-103 WD-D,Double Seater Sofa,25500.0,Sofa (Double Seater),25500.0,Measurement Match
Living Room Furniture.xlsx,TFL-SOF-106 WD-S,Single Seater Sofa,14980.0,Sofa (Single Seater),14980.0,Measurement Match
Living Room Furniture.xlsx,TFL-SOF-106 WD-D,Double Seater Sofa,22000.0,Sofa (Double Seater),22000.0,Measurement Match
Living Room Furniture.xlsx,TFL-SOF-107 WD-S,Single Seater Sofa,20500.0,Sofa (Single Seater),20500.0,Measurement Match
Living Room Furniture.xlsx,TFL-SOF-107 WD-D,Double Seater Sofa,28500.0,Sofa (Double Seater),28500.0,Measurement Match
Living Room Furniture.xlsx,TFL-SOF-108 WD-S,Single Seater Sofa,20800.0,Sofa (Single Seater),20800.0,Measurement Match
Living Room Furniture.xlsx,TFL-SOF-108-WD-D,Double Seater Sofa,28000.0,NO MATCH IN PDF,,
Living Room Furniture.xlsx,TFL-CRT-101 WD,Center Table,9990.0,Center Table,9990.0,Measurement Match
Living Room Furniture.xlsx,TFL-CRT-102 WD,Center Table,10980.0,Center Table,10980.0,Measurement Match
Living Room Furniture.xlsx,TFL-CRT-103 WD,Center Table,7980.0,Center Table,7980.0,Measurement Match
Living Room Furniture.xlsx,TFL-CRT-106 WD,Center Table,14980.0,Center Table,14980.0,Measurement Match
Living Room Furniture.xlsx,TFL-CRT-107 WD,Center Table,9890.0,Center Table,9890.0,Measurement Match
Living Room Furniture.xlsx,TFL-CRT-108 WD,Center Table,12000.0,Center Table,12000.0,Measurement Match
Living Room Furniture.xlsx,TFL-STD-106 WD,Center Table,8880.0,Center Table,8880.0,Measurement Match
Living Room Furniture.xlsx,TFL-STD-107 WD,Sidetable,6500.0,Side Table,6500.0,Measurement Match
Living Room Furniture.xlsx,TFL-STD-108 WD,Sidetable,7980.0,Side Table,7980.0,Measurement Match
Living Room Furniture.xlsx,TFL-STD-101 WD,Sidetable,7980.0,Side Table,7980.0,Measurement Match
Living Room Furniture.xlsx,TFL-STD-102 WD,Sidetable,7990.0,Side Table,7990.0,Measurement Match
Living Room Furniture.xlsx,TFL-STD-103 WD,Sidetable,4990.0,Side Table,4990.0,Measurement Match
Living Room Furniture.xlsx,TFL-DSC-201 LB,Showcase,25550.0,Showcase,25550.0,Measurement Match
Living Room Furniture.xlsx,TFL-DSC-202 LB,Showcase,28000.0,Showcase,28000.0,Measurement Match
Reading Table.xlsx,TFL-RET-202 LB,Reading Table,7400.0,Reading Table,7400.0,Measurement Match
Reading Table.xlsx,TFL-RET-203 LB,Reading Table,7800.0,Reading Table,7800.0,Measurement Match
Shoe Rack.xlsx,TFL-SRK-202 LB,Shoe Rack,6500.0,Shoe Rack,6500.0,Measurement Match
Shoe Rack.xlsx,TFL-SRK-203 LB,Shoe Rack,7500.0,Shoe Rack,7500.0,Measurement Match
Steel Almirah.xlsx,TFL-STA-102 MT,2-Door Steel Almirah,28500.0,Steel Almirah UV (2 Door),28500.0,Measurement Match
Steel Almirah.xlsx,TFL-STA-103 MT,2-Door Steel Almirah,28500.0,Steel Almirah UV (2 Door),28500.0,Measurement Match
Steel Almirah.xlsx,TFL-STA-104 MT,2-Door Steel Almirah,28500.0,Steel Almirah UV (2 Door),28500.0,Measurement Match
Steel Almirah.xlsx,TFL-STA-105 MT,2-Door Steel Almirah,28500.0,Steel Almirah UV (2 Door),28500.0,Measurement Match
Steel Almirah.xlsx,TFL-STA-106 MT,2-Door Steel Almirah,28500.0,Steel Almirah UV (2 Door),28500.0,Measurement Match
Steel Almirah.xlsx,TFL-STA-107 MT,2-Door Steel Almirah,28500.0,Steel Almirah UV (2 Door),28500.0,Measurement Match
Steel Almirah.xlsx,TFL-STA-108 MT,2-Door Steel Almirah,28500.0,Steel Almirah UV (2 Door),28500.0,Measurement Match
Steel Almirah.xlsx,TFL-STA-109 MT,2-Door Steel Almirah,28500.0,Steel Almirah UV (2 Door),28500.0,Measurement Match
Steel Almirah.xlsx,TFL-STA-110 MT,2-Door Steel Almirah,28500.0,Steel Almirah UV (2 Door),28500.0,Measurement Match
Steel Almirah.xlsx,TFL-STA-111 MT,2-Door Steel Almirah,28500.0,Steel Almirah UV (2 Door),28500.0,Measurement Match
Steel Almirah.xlsx,TFL-STA-112 MT,2-Door Steel Almirah,28500.0,Steel Almirah UV (2 Door),28500.0,Measurement Match
Steel Almirah.xlsx,TFL-STA-113 MT,2-Door Steel Almirah,28500.0,Steel Almirah UV (2 Door),28500.0,Measurement Match
Steel Almirah.xlsx,TFL-STA-114 MT,2-Door Steel Almirah,28500.0,Steel Almirah UV (2 Door),28500.0,Measurement Match
Steel Almirah.xlsx,TFL-STA-115 MT,2-Door Steel Almirah,28500.0,Steel Almirah UV (2 Door),28500.0,Measurement Match
Steel Almirah.xlsx,TFL-STA-116 MT,2-Door Steel Almirah,28500.0,Steel Almirah UV (2 Door),28500.0,Measurement Match
Tv Cabinet.xlsx,TFL-TVC-111 LB,TV Cabinet,15500.0,NO MATCH IN PDF,,
10 Bed Room Set-3_backup_20260802_102020.xlsx,TFL-BED-204 LB,King Bed ,19100.0,Bed (King),19100.0,Variant Name Match
10 Bed Room Set-3_backup_20260802_102020.xlsx,TFL-BST-204 LB,Bed Side Table,4200.0,Bed Side Table,4200.0,Measurement Match
10 Bed Room Set-3_backup_20260802_102020.xlsx,TFL-BED-205 LB,Double Bed,16300.0,Bed (Double),16300.0,Measurement Match
10 Bed Room Set-3_backup_20260802_102020.xlsx,TFL-BED-205 LB,King Bed ,18500.0,Bed (King),18500.0,Measurement Match
10 Bed Room Set-3_backup_20260802_102020.xlsx,TFL-BST-205 LB,Bed Side Table,3000.0,Bed Side Table,3000.0,Measurement Match
10 Bed Room Set-3_backup_20260802_102020.xlsx,TFL-BED-206 LB,Double Bed,16500.0,Bed (Double),16500.0,Measurement Match
10 Bed Room Set-3_backup_20260802_102020.xlsx,TFL-BED-206 LB,King Bed ,18900.0,Bed (King),18900.0,Measurement Match
10 Bed Room Set-3_backup_20260802_102020.xlsx,TFL-BST-206 LB,Bed Side Table,5250.0,NO MATCH IN PDF,,
10 Bed Room Set-3_backup_20260802_102020.xlsx,TFL-BED-401 WD,Double Bed,28500.0,Bed (Double),28500.0,Measurement Match
10 Bed Room Set-3_backup_20260802_102020.xlsx,TFL-BED-401 WD,Queen Bed,30500.0,Bed (Queen),30500.0,Measurement Match
10 Bed Room Set-3_backup_20260802_102020.xlsx,TFL-BED-401 WD,King Bed,32500.0,Bed (King),32500.0,Measurement Match
10 Bed Room Set-3_backup_20260802_102020.xlsx,TFL-BED-402 WD,Bed (Double),26500.0,Bed (Double),26500.0,Measurement Match
10 Bed Room Set-3_backup_20260802_102020.xlsx,TFL-BED-402 WD,Bed (Queen),28500.0,Bed (Queen),28500.0,Measurement Match
10 Bed Room Set-3_backup_20260802_102020.xlsx,TFL-BED-402 WD,Bed (King),30500.0,Bed (King),30500.0,Measurement Match
10 Bed Room Set-3_backup_20260802_102020.xlsx,TFL-BST-402 WD,Bed,9900.0,Bed,9900.0,Measurement Match
10 Bed Room Set-3_backup_20260802_102020.xlsx,TFL-BED-403 WD,Bed (Double),28000.0,Bed (Double),28000.0,Measurement Match
10 Bed Room Set-3_backup_20260802_102020.xlsx,TFL-BED-403 WD,Bed (Queen),30000.0,Bed (Queen),30000.0,Measurement Match
10 Bed Room Set-3_backup_20260802_102020.xlsx,TFL-BED-403 WD,Bed (King),32000.0,Bed (King),32000.0,Measurement Match
10 Bed Room Set-3_backup_20260802_102020.xlsx,TFL-BED-404 WD,Bed (Double),26000.0,Bed (Double),26000.0,Measurement Match
10 Bed Room Set-3_backup_20260802_102020.xlsx,TFL-BED-404 WD,Bed (Queen),27500.0,Bed (Queen),27500.0,Measurement Match
10 Bed Room Set-3_backup_20260802_102020.xlsx,TFL-BED-404 WD,Bed (King),29500.0,Bed (King),29500.0,Measurement Match
10 Bed Room Set-3_backup_20260802_102020.xlsx,TFL-BED-405 WD,Bed (Double),27500.0,Bed (Double),27500.0,Measurement Match
10 Bed Room Set-3_backup_20260802_102020.xlsx,TFL-BED-405 WD,Bed (Queen),29500.0,Bed (Queen),29500.0,Measurement Match
10 Bed Room Set-3_backup_20260802_102020.xlsx,TFL-BED-405 WD,Bed (King),31500.0,Bed (King),31500.0,Measurement Match
10 Bed Room Set-3_backup_20260802_102020.xlsx,TFL-BST-405 WD,Bed Side Table,10000.0,Bed Side Table,10000.0,Measurement Match
10 Bed Room Set-3_backup_20260802_102020.xlsx,TFL-BED-406 WD,Bed (Double),30500.0,Bed (Double),30500.0,Variant Name Match
10 Bed Room Set-3_backup_20260802_102020.xlsx,TFL-BST-406 WD,Bed Side Table,10000.0,Bed Side Table,10000.0,Measurement Match
10 Bed Room Set-3_backup_20260802_102020.xlsx,TFL-BED-407 WD,Bed (Double),30500.0,Bed (Double),30500.0,Measurement Match
10 Bed Room Set-3_backup_20260802_102020.xlsx,TFL-BED-407 WD,Bed (Queen),32500.0,Bed (Queen),32500.0,Measurement Match
10 Bed Room Set-3_backup_20260802_102020.xlsx,TFL-BED-407 WD,Bed (King),34500.0,Bed (King),34500.0,Measurement Match
10 Bed Room Set-3_backup_20260802_102020.xlsx,TFL-BST-407 WD,Bed Side Table,10000.0,Bed Side Table,10000.0,Measurement Match
10 Bed Room Set-3_backup_20260802_102020.xlsx,TFL-DST-204 LB,Dressing Table,10990.0,Dressing Table,10990.0,Measurement Match
10 Bed Room Set-3_backup_20260802_102020.xlsx,TFL-DST-205 LB,Dressing Table,13500.0,Dressing Table,13500.0,Measurement Match
10 Bed Room Set-3_backup_20260802_102020.xlsx,TFL-DST-206 LB,Dressing Table,12700.0,Dressing Table,12700.0,Measurement Match
10 Bed Room Set-3_backup_20260802_102020.xlsx,TFL-DST-402 WD,Dressing Table,22000.0,Dressing Table,22000.0,Measurement Match
10 Bed Room Set-3_backup_20260802_102020.xlsx,TFL-DST-405 WD,Dressing Table,23200.0,Dressing Table,23200.0,Measurement Match
10 Bed Room Set-3_backup_20260802_102020.xlsx,TFL-DST-406 WD,Dressing Table,23500.0,Dressing Table,23500.0,Variant Name Match
10 Bed Room Set-3_backup_20260802_102020.xlsx,TFL-DST-407 WD,Dressing Table,22500.0,Dressing Table,22500.0,Measurement Match
10 Bed Room Set-3_backup_20260802_102020.xlsx,TFL-CBD-206 LB,2-Door Cupboard,19100.0,Cupboard (2 Door),19100.0,Measurement Match
10 Bed Room Set-3_backup_20260802_102020.xlsx,TFL-CBD-205 LB-2D,2-Door Cupboard,17100.0,Cupboard (2 Door),17100.0,Variant Name Match
10 Bed Room Set-3_backup_20260802_102020.xlsx,TFL-CBD-205 LB-3D,3-Door Cupboard,22500.0,Cupboard (3 Door),22500.0,Variant + Closest Meas
10 Bed Room Set-3_backup_20260802_102020.xlsx,TFL-CBD-205 LB-3D,3-Door Cupboard,24500.0,Cupboard (3 Door),24500.0,Measurement Match
10 Bed Room Set-3_backup_20260802_102020.xlsx,TFL-CBD-204 LB-2D,2-Door Cupboard,17990.0,Cupboard (2 Door),17990.0,Variant Name Match
10 Bed Room Set-3_backup_20260802_102020.xlsx,TFL-CBD-204 LB-3D,3-Door Cupboard,22500.0,Cupboard (3 Door),22500.0,Measurement Match
10 Bed Room Set-3_backup_20260802_102020.xlsx,TFL-CBD-402 WD,2-Door Cupboard,42990.0,Cupboard (2 Door),42990.0,Measurement Match
10 Bed Room Set-3_backup_20260802_102020.xlsx,TFL-CBD-405 WD,2-Door Cupboard,43990.0,Cupboard (2 Door),43990.0,Measurement Match
10 Bed Room Set-3_backup_20260802_102020.xlsx,TFL-CBD-406 WD,3-Door Cupboard,57500.0,Cupboard (2 Door),57500.0,Only 1 Option
10 Bed Room Set-3_backup_20260802_102020.xlsx,TFL-CBD-407 WD,2-Door Cupboard,44500.0,Cupboard (2 Door),44500.0,Measurement Match
10 Bed Room Set-3_backup_20260802_102020.xlsx,TFL-WDR-402 WD,Wardrobe,42000.0,Wardrobe,42000.0,Measurement Match
10 Bed Room Set-3_backup_20260802_102020.xlsx,TFL-COD-405 WD,Chest of Drawer,32500.0,Chest of Drawer,32500.0,Measurement Match
10 Bed Room Set-3_backup_20260802_102020.xlsx,TFL-WDR-407 WD,Wardrobe,43500.0,Wardrobe,43500.0,Measurement Match
10 Bed Room Set-3_backup_20260802_102020.xlsx,TFL-WDD-204 LB,Wardrobe,19590.0,NO MATCH IN PDF,,
10 Bed Room Set-3_backup_20260802_102020.xlsx,TFL-COD-205 LB,Wardrobe,13980.0,NO MATCH IN PDF,,
10 Bedroom Set_backup_20260802_102020.xlsx,TFL-BED-109 LB,King Bed,16050.0,Bed (King),16050.0,Variant Name Match
10 Bedroom Set_backup_20260802_102020.xlsx,TFL-BST-109 LB,Bed Side Table,3900.0,Bed Side Table,3900.0,Measurement Match
10 Bedroom Set_backup_20260802_102020.xlsx,TFL-BED-110 LB,Double Bed,19300.0,Bed (Double),19300.0,Measurement Match
10 Bedroom Set_backup_20260802_102020.xlsx,TFL-BST-110 LB,Bed Side Table,3990.0,Bed Side Table,3990.0,Measurement Match
10 Bedroom Set_backup_20260802_102020.xlsx,TFL-BED-111 LB,Double Bed,15900.0,Bed (Double),15900.0,Measurement Match
10 Bedroom Set_backup_20260802_102020.xlsx,TFL-BST-111 LB,Bed Side Table,4990.0,Bed Side Table,4990.0,Measurement Match
10 Bedroom Set_backup_20260802_102020.xlsx,TFL-BED-112 LB,Double Bed,14500.0,Bed (Double),14500.0,Measurement Match
10 Bedroom Set_backup_20260802_102020.xlsx,TFL-BST-112 LB,Bed Side Table,5250.0,Bed Side Table,5250.0,Measurement Match
10 Bedroom Set_backup_20260802_102020.xlsx,TFL-BED-113 LB,Double Bed,15500.0,Bed (Double),15500.0,Measurement Match
10 Bedroom Set_backup_20260802_102020.xlsx,TFL-BST-113 LB,Bed Side Table,5500.0,Bed Side Table,5500.0,Measurement Match
10 Bedroom Set_backup_20260802_102020.xlsx,TFL-BED-114 LB,Double Bed,15500.0,Bed (Double),15500.0,Variant Name Match
10 Bedroom Set_backup_20260802_102020.xlsx,TFL-BST-114 LB,Bed side table,5590.0,Bed side table,5590.0,Measurement Match
10 Bedroom Set_backup_20260802_102020.xlsx,TFL-BED-116 MT,Double Bed,22000.0,Bed (Double),22000.0,Measurement Match
10 Bedroom Set_backup_20260802_102020.xlsx,TFL-BST-116 MT,Bed Side Table,5900.0,NO MATCH IN PDF,,
10 Bedroom Set_backup_20260802_102020.xlsx,TFL-BED-201 LB,Double Bed,15600.0,LB Bed (Double),15600.0,Measurement Match
10 Bedroom Set_backup_20260802_102020.xlsx,TFL-BED-201 LB,King Bed ,18500.0,Bed (King),18500.0,Measurement Match
10 Bedroom Set_backup_20260802_102020.xlsx,TFL-BST-201 LB,Bed Side Table,4800.0,Bed Side Table,4800.0,Measurement Match
10 Bedroom Set_backup_20260802_102020.xlsx,TFL-BED-202 LB,Double Bed,13000.0,Bed (Double),13000.0,Measurement Match
10 Bedroom Set_backup_20260802_102020.xlsx,TFL-BED-202 LB,King Bed ,17800.0,Bed (King),17800.0,Measurement Match
10 Bedroom Set_backup_20260802_102020.xlsx,TFL-BST-202 LB,Bed Side Table,2900.0,Bed Side Table,2900.0,Measurement Match
10 Bedroom Set_backup_20260802_102020.xlsx,TFL-BED-203 LB,Double Bed,14980.0,Bed (Double),14980.0,Measurement Match
10 Bedroom Set_backup_20260802_102020.xlsx,TFL-BED-203 LB,King Bed ,18500.0,Bed (King),18500.0,Measurement Match
10 Bedroom Set_backup_20260802_102020.xlsx,TFL-BST-203 LB,Bed Side Table,4400.0,Bed Side Table,4400.0,Measurement Match
10 Bedroom Set_backup_20260802_102020.xlsx,TFL-DST-109 LB,Dressing Table,10900.0,Dressing Table,10900.0,Measurement Match
10 Bedroom Set_backup_20260802_102020.xlsx,TFL-DST-111 LB,Dressing Table,9990.0,Dressing Table,9990.0,Measurement Match
10 Bedroom Set_backup_20260802_102020.xlsx,TFL-DST-112 LB,Dressing Table,11990.0,Dressing Table,11990.0,Measurement Match
10 Bedroom Set_backup_20260802_102020.xlsx,TFL-DST-113 LB,Dressing Table,12990.0,Dressing Table,12990.0,Measurement Match
10 Bedroom Set_backup_20260802_102020.xlsx,TFL-DST-114 LB,Dressing Table,11500.0,Dressing Table,11500.0,Measurement Match
10 Bedroom Set_backup_20260802_102020.xlsx,TFL-DST-116 MT,Dressing Table,14990.0,NO MATCH IN PDF,,
10 Bedroom Set_backup_20260802_102020.xlsx,TFL-DST-110 LB,Dressing Table,11990.0,Dressing Table,11990.0,Measurement Match
10 Bedroom Set_backup_20260802_102020.xlsx,TFL-DST-203 LB,Dressing Table,12990.0,Dressing Table,12990.0,Measurement Match
10 Bedroom Set_backup_20260802_102020.xlsx,TFL-DST-202 LB,Dressing Table,13500.0,Dressing Table,13500.0,Measurement Match
10 Bedroom Set_backup_20260802_102020.xlsx,TFL-DST-201 LB,Dressing Table,9980.0,Dressing Table,9980.0,Measurement Match
10 Bedroom Set_backup_20260802_102020.xlsx,TFL-CBD-203 LB-2D,2-Door Cupboard,17900.0,Cupboard (2 Door),17900.0,Variant Name Match
10 Bedroom Set_backup_20260802_102020.xlsx,TFL-CBD-203 LB-3D,3-Door Cupboard,23000.0,Cupboard (3 Door),23000.0,Measurement Match
10 Bedroom Set_backup_20260802_102020.xlsx,TFL-CBD-202 LB-3D,3-Door Cupboard,22500.0,Cupboard (3 Door),22500.0,Measurement Match
10 Bedroom Set_backup_20260802_102020.xlsx,TFL-CBD-202 LB-3D,3-Door Cupboard,24500.0,Cupboard (3 Door),24500.0,Measurement Match
10 Bedroom Set_backup_20260802_102020.xlsx,TFL-CBD-202 LB-2D,2-Door Cupboard,18990.0,Cupboard (2 Door),18990.0,Variant Name Match
10 Bedroom Set_backup_20260802_102020.xlsx,TFL-CBD-201 LB-1D,1-Door Cupboard,9750.0,MULTIPLE MATCHES - AMBIGUOUS,,
10 Bedroom Set_backup_20260802_102020.xlsx,TFL-CBD-201 LB-2D,2-Door Cupboard,15900.0,Cupboard (2 Door),15900.0,Variant + Closest Meas
10 Bedroom Set_backup_20260802_102020.xlsx,TFL-CBD-201 LB-3D,3-Door Cupboard,22500.0,Cupboard (3 Door),22500.0,Measurement Match
10 Bedroom Set_backup_20260802_102020.xlsx,TFL-CBD-201 LB-3D,3-Door Cupboard,24500.0,Cupboard (3 Door),24500.0,Variant + Closest Meas
10 Bedroom Set_backup_20260802_102020.xlsx,TFL-CBD-109 LB-2D,2-Door Cupboard,16550.0,Cupboard (2-Door),16550.0,Measurement Match
10 Bedroom Set_backup_20260802_102020.xlsx,TFL-CBD-109 LB-3D,3-Door Cupboard,24990.0,Cupboard (3 Door),24990.0,Measurement Match
10 Bedroom Set_backup_20260802_102020.xlsx,TFL-CBD-110 LB-2D,2-Door Cupboard,16610.0,Cupboard (2-Door),16610.0,Variant Name Match
10 Bedroom Set_backup_20260802_102020.xlsx,TFL-CBD-111 LB-2D,2-Door Cupboard,17110.0,Cupboard (2-Door),17110.0,Measurement Match
10 Bedroom Set_backup_20260802_102020.xlsx,TFL-CBD-112 LB-2D,2-Door Cupboard,16550.0,Cupboard (2-Door),16550.0,Variant Name Match
10 Bedroom Set_backup_20260802_102020.xlsx,TFL-CBD-112 LB-3D,3-Door Cupboard,24800.0,Cupboard (3 Door),24800.0,Measurement Match
10 Bedroom Set_backup_20260802_102020.xlsx,TFL-CBD-113 LB-2D,2-Door Cupboard,16800.0,Cupboard (2 Door),16800.0,Measurement Match
10 Bedroom Set_backup_20260802_102020.xlsx,TFL-CBD-113 LB-3D,3-Door Cupboard,24990.0,Cupboard (3 Door),24990.0,Measurement Match
10 Bedroom Set_backup_20260802_102020.xlsx,TFL-CBD-114 LB-2D,2-Door Cupboard,16550.0,Cupboard (2 Door),16550.0,Variant Name Match
10 Bedroom Set_backup_20260802_102020.xlsx,TFL-CBD-116 MT-2D,2-Door Cupboard,19990.0,NO MATCH IN PDF,,
10 Bedroom Set_backup_20260802_102020.xlsx,TFL-COD-110 LB,Chest of Drawer,15500.0,NO MATCH IN PDF,,
10 Bedroom Set_backup_20260802_102020.xlsx,TFL-WDR-110 LB,Wardrobe,16100.0,NO MATCH IN PDF,,
10 Bedroom Set_backup_20260802_102020.xlsx,TFL-COD-111 LB,Chest of Drawer,15900.0,NO MATCH IN PDF,,
10 Bedroom Set_backup_20260802_102020.xlsx,TFL-WDR-112 LB,Wardrobe,20400.0,NO MATCH IN PDF,,
10 Bedroom Set_backup_20260802_102020.xlsx,TFL-COD-113 LB,Chest of Drawer,15900.0,NO MATCH IN PDF,,
10 Bedroom Set_backup_20260802_102020.xlsx,TFL-COD-114 LB,Chest of Drawer,15990.0,NO MATCH IN PDF,,
10 Bedroom Set_backup_20260802_102020.xlsx,TFL-COD-109 LB,Chest of Drawer,14200.0,NO MATCH IN PDF,,
10 Bedroom Set_backup_20260802_102020.xlsx,TFL-COD-116 MT,Chest of Drawer ,19990.0,Chest of Drawer,19990.0,Measurement Match
10 Bedroom Set_backup_20260802_102020.xlsx,TFL-WDR-202 LB,Wardrobe,17500.0,NO MATCH IN PDF,,
10 Bedroom Set_backup_20260802_102020.xlsx,TFL-WDR-201 LB,Wardrobe,17500.0,NO MATCH IN PDF,,
10 Bedroom Set_backup_20260802_102020.xlsx,TFL-COD-203 LB,Chest of Drawer,13990.0,NO MATCH IN PDF,,
10 Bedroom Set_backup_20260802_102020.xlsx,TFL-ALN-201 LB,Alna,5700.0,Alna,5700.0,Measurement Match
10 Bedroom Set_backup_20260802_102020.xlsx,TFL-ALN-202 LB,Alna,7400.0,Alna,7400.0,Variant Name Match
4 Product_backup_20260802_102020.xlsx,TFL-CBD-205 LB-3D,3-Door Cupboard,22500.0,Cupboard (3 Door),22500.0,Variant + Closest Meas
4 Product_backup_20260802_102020.xlsx,TFL-CBD-205 LB-3D,3-Door Cupboard,24500.0,Cupboard (3 Door),24500.0,Measurement Match
4 Product_backup_20260802_102020.xlsx,TFL-CBD-204 LB-2D,2-Door Cupboard,17990.0,Cupboard (2 Door),17990.0,Variant Name Match
4 Product_backup_20260802_102020.xlsx,TFL-CBD-204 LB-2D,3-Door Cupboard,22500.0,Cupboard (3 Door),22500.0,Measurement Match
4 Product_backup_20260802_102020.xlsx,TFL-CBD-204 LB-3D,3-Door Cupboard,24500.0,Cupboard (3 Door),24500.0,Variant + Closest Meas
4 Product_backup_20260802_102020.xlsx,TFL-COD-118 LB,Chest of Drawer ,17500.0,NO MATCH IN PDF,,
4 Product_backup_20260802_102020.xlsx,TFL-CBD-207 LB-3D,3-Door Cupboard,24200.0,Cupboard (3 Door),24200.0,Measurement Match
4 Product_backup_20260802_102020.xlsx,TFL-CBD-208 LB-2D,2-Door Cupboard,26000.0,Cupboard Cum Dressing Tabl;e (2 Door),26000.0,Measurement Match
4 Product_backup_20260802_102020.xlsx,TFL-CBD-208 LB-3D,3-Door Cupboard,32000.0,Cupboard Cum Dressing Tabl;e (3 Door),32000.0,Measurement Match
4 Product_backup_20260802_102020.xlsx,TFL-WDR-406 WD,Wardrobe,0,NO MATCH IN PDF,,
Bedroom Set Uv Print_backup_20260802_102020.xlsx,TFL-BST-120 LB,Bed side table,3550.0,Bed side table,3550.0,Measurement Match
Bedroom Set Uv Print_backup_20260802_102020.xlsx,TFL-BED-119 LB,Double Bed,16800.0,Bed (Double),16800.0,Measurement Match
Bedroom Set Uv Print_backup_20260802_102020.xlsx,TFL-BST-119 LB,Bed Side Table,5000.0,Bed Side Table,5000.0,Measurement Match
Bedroom Set Uv Print_backup_20260802_102020.xlsx,TFL-BED-118 LB,Double Bed,16800.0,Bed (Double),16800.0,Measurement Match
Bedroom Set Uv Print_backup_20260802_102020.xlsx,TFL-BST-118 LB,Bed Side Table,5000.0,Bed Side Table,5000.0,Measurement Match
Bedroom Set Uv Print_backup_20260802_102020.xlsx,TFL-BED-117 LB,Double Bed,16800.0,Bed (Double),16800.0,Measurement Match
Bedroom Set Uv Print_backup_20260802_102020.xlsx,TFL-BST-117 LB,Bed Side Table,5000.0,Bed Side Table,5000.0,Measurement Match
Bedroom Set Uv Print_backup_20260802_102020.xlsx,TFL-DST-117 LB,Dressing Table,13500.0,Dressing Table,13500.0,Measurement Match
Bedroom Set Uv Print_backup_20260802_102020.xlsx,TFL-DST-118 LB,Dressing Table,14000.0,Dressing Table,14000.0,Variant Name Match
Bedroom Set Uv Print_backup_20260802_102020.xlsx,TFL-DST-119 LB,Dressing Table,13000.0,NO MATCH IN PDF,,
Bedroom Set Uv Print_backup_20260802_102020.xlsx,TFL-DST-120 LB,Dressing Table,13500.0,NO MATCH IN PDF,,
Bedroom Set Uv Print_backup_20260802_102020.xlsx,TFL-CBD-117 LB-2D,2-Door Cupboard,18200.0,Cupboard UV (2-Door),18200.0,Variant Name Match
Bedroom Set Uv Print_backup_20260802_102020.xlsx,TFL-CBD-117 LB-3D,3-Door Cupboard,24900.0,Cupboard UV (3 Door),24900.0,Measurement Match
Bedroom Set Uv Print_backup_20260802_102020.xlsx,TFL-CBD-117 LB-3D,3-Door Cupboard,27900.0,Cupboard UV (3 Door),27900.0,Measurement Match
Bedroom Set Uv Print_backup_20260802_102020.xlsx,TFL-CBD-118 LB-2D,2-Door Cupboard,18200.0,Cupboard UV (2 Door),18200.0,Variant Name Match
Bedroom Set Uv Print_backup_20260802_102020.xlsx,TFL-CBD-118 LB-3D,3-Door Cupboard,24900.0,Cupboard UV (3 Door),24900.0,Variant + Closest Meas
Bedroom Set Uv Print_backup_20260802_102020.xlsx,TFL-CBD-118 LB-3D,3-Door Cupboard,27900.0,Cupboard (3 Door),27900.0,Measurement Match
Bedroom Set Uv Print_backup_20260802_102020.xlsx,TFL-CBD-119 LB-2D,2-Door Cupboard,17380.0,NO MATCH IN PDF,,
Bedroom Set Uv Print_backup_20260802_102020.xlsx,TFL-CBD-119 LB-3D,3-Door Cupboard,23600.0,NO MATCH IN PDF,,
Bedroom Set Uv Print_backup_20260802_102020.xlsx,TFL-CBD-119 LB-3D,3-Door Cupboard,26600.0,NO MATCH IN PDF,,
Bedroom Set Uv Print_backup_20260802_102020.xlsx,TFL-CBD-120 LB-2D,2-Door Cupboard,17380.0,NO MATCH IN PDF,,
Bedroom Set Uv Print_backup_20260802_102020.xlsx,TFL-CBD-120 LB-3D,3-Door Cupboard,23600.0,NO MATCH IN PDF,,
Bedroom Set Uv Print_backup_20260802_102020.xlsx,TFL-CBD-120 LB-3D,3-Door Cupboard,26600.0,NO MATCH IN PDF,,
Bedroom Set Uv Print_backup_20260802_102020.xlsx,TFL-COD-117 LB,Chest of Drawer ,17500.0,NO MATCH IN PDF,,
Bedroom Set Uv Print_backup_20260802_102020.xlsx,TFL-WDR-118 LB,Wardrobe,17500.0,NO MATCH IN PDF,,
Bedroom Set Uv Print_backup_20260802_102020.xlsx,TFL-COD-119 LB,Chest of Drawer ,17500.0,NO MATCH IN PDF,,
Bedroom Set Uv Print_backup_20260802_102020.xlsx,TFL-COD-120 LB,Chest of Drawer ,17500.0,NO MATCH IN PDF,,
Bedroom Set Uv Print_backup_20260802_102020.xlsx,TFL-WDR-117 LB,Wardrobe,19800.0,NO MATCH IN PDF,,
Bedroom Set Uv Print_backup_20260802_102020.xlsx,TFL-WDR-118 LB,Wardrobe,19800.0,NO MATCH IN PDF,,
Bedroom Set Uv Print_backup_20260802_102020.xlsx,TFL-WDR-119 LB,Wardrobe,19800.0,NO MATCH IN PDF,,
Bedroom Set Uv Print_backup_20260802_102020.xlsx,TFL-WDR-120 LB,Wardrobe,19800.0,NO MATCH IN PDF,,
Dressing Stool_backup_20260802_102020.xlsx,TFL-DTS-106-LB,Dressing Stool,2700.0,NO MATCH IN PDF,,
Dressing Stool_backup_20260802_102020.xlsx,TFL-DTS-201-LB,Dressing Stool,2250.0,NO MATCH IN PDF,,
Kids Bed_backup_20260802_102020.xlsx,TFL-BED-132 LB,Kids Bed,17500.0,Kids Bed,17500.0,Variant Name Match
Kids Bed_backup_20260802_102020.xlsx,TFL-BED-133 LB,Kids Bed,20500.0,Kids Bed,20500.0,Variant Name Match
Kids Bed_backup_20260802_102020.xlsx,TFL-BED-134 LB,Kids Bed,18300.0,Kids Bed,18300.0,Variant Name Match
Kids Bed_backup_20260802_102020.xlsx,TFL-BED-135 LB,Kids Bed,20500.0,Kids Bed,20500.0,Variant Name Match
Kids Bed_backup_20260802_102020.xlsx,TFL-BED-136 LB,Kids Bed,18200.0,Kids Bed,18200.0,Variant Name Match
10 Bed Room Set-3_backup_20260802_102020_variant_price_backup_20260803_121334.xlsx,TFL-BED-204 LB,King Bed ,19100.0,Bed (King),19100.0,Variant Name Match
10 Bed Room Set-3_backup_20260802_102020_variant_price_backup_20260803_121334.xlsx,TFL-BST-204 LB,Bed Side Table,4200.0,Bed Side Table,4200.0,Measurement Match
10 Bed Room Set-3_backup_20260802_102020_variant_price_backup_20260803_121334.xlsx,TFL-BED-205 LB,Double Bed,16300.0,Bed (Double),16300.0,Measurement Match
10 Bed Room Set-3_backup_20260802_102020_variant_price_backup_20260803_121334.xlsx,TFL-BED-205 LB,King Bed ,18500.0,Bed (King),18500.0,Measurement Match
10 Bed Room Set-3_backup_20260802_102020_variant_price_backup_20260803_121334.xlsx,TFL-BST-205 LB,Bed Side Table,3000.0,Bed Side Table,3000.0,Measurement Match
10 Bed Room Set-3_backup_20260802_102020_variant_price_backup_20260803_121334.xlsx,TFL-BED-206 LB,Double Bed,16500.0,Bed (Double),16500.0,Measurement Match
10 Bed Room Set-3_backup_20260802_102020_variant_price_backup_20260803_121334.xlsx,TFL-BED-206 LB,King Bed ,18900.0,Bed (King),18900.0,Measurement Match
10 Bed Room Set-3_backup_20260802_102020_variant_price_backup_20260803_121334.xlsx,TFL-BST-206 LB,Bed Side Table,5250.0,NO MATCH IN PDF,,
10 Bed Room Set-3_backup_20260802_102020_variant_price_backup_20260803_121334.xlsx,TFL-BED-401 WD,Double Bed,28500.0,Bed (Double),28500.0,Measurement Match
10 Bed Room Set-3_backup_20260802_102020_variant_price_backup_20260803_121334.xlsx,TFL-BED-401 WD,Queen Bed,30500.0,Bed (Queen),30500.0,Measurement Match
10 Bed Room Set-3_backup_20260802_102020_variant_price_backup_20260803_121334.xlsx,TFL-BED-401 WD,King Bed,32500.0,Bed (King),32500.0,Measurement Match
10 Bed Room Set-3_backup_20260802_102020_variant_price_backup_20260803_121334.xlsx,TFL-BED-402 WD,Bed (Double),26500.0,Bed (Double),26500.0,Measurement Match
10 Bed Room Set-3_backup_20260802_102020_variant_price_backup_20260803_121334.xlsx,TFL-BED-402 WD,Bed (Queen),28500.0,Bed (Queen),28500.0,Measurement Match
10 Bed Room Set-3_backup_20260802_102020_variant_price_backup_20260803_121334.xlsx,TFL-BED-402 WD,Bed (King),30500.0,Bed (King),30500.0,Measurement Match
10 Bed Room Set-3_backup_20260802_102020_variant_price_backup_20260803_121334.xlsx,TFL-BST-402 WD,Bed,9900.0,Bed,9900.0,Measurement Match
10 Bed Room Set-3_backup_20260802_102020_variant_price_backup_20260803_121334.xlsx,TFL-BED-403 WD,Bed (Double),28000.0,Bed (Double),28000.0,Measurement Match
10 Bed Room Set-3_backup_20260802_102020_variant_price_backup_20260803_121334.xlsx,TFL-BED-403 WD,Bed (Queen),30000.0,Bed (Queen),30000.0,Measurement Match
10 Bed Room Set-3_backup_20260802_102020_variant_price_backup_20260803_121334.xlsx,TFL-BED-403 WD,Bed (King),32000.0,Bed (King),32000.0,Measurement Match
10 Bed Room Set-3_backup_20260802_102020_variant_price_backup_20260803_121334.xlsx,TFL-BED-404 WD,Bed (Double),26000.0,Bed (Double),26000.0,Measurement Match
10 Bed Room Set-3_backup_20260802_102020_variant_price_backup_20260803_121334.xlsx,TFL-BED-404 WD,Bed (Queen),27500.0,Bed (Queen),27500.0,Measurement Match
10 Bed Room Set-3_backup_20260802_102020_variant_price_backup_20260803_121334.xlsx,TFL-BED-404 WD,Bed (King),29500.0,Bed (King),29500.0,Measurement Match
10 Bed Room Set-3_backup_20260802_102020_variant_price_backup_20260803_121334.xlsx,TFL-BED-405 WD,Bed (Double),27500.0,Bed (Double),27500.0,Measurement Match
10 Bed Room Set-3_backup_20260802_102020_variant_price_backup_20260803_121334.xlsx,TFL-BED-405 WD,Bed (Queen),29500.0,Bed (Queen),29500.0,Measurement Match
10 Bed Room Set-3_backup_20260802_102020_variant_price_backup_20260803_121334.xlsx,TFL-BED-405 WD,Bed (King),31500.0,Bed (King),31500.0,Measurement Match
10 Bed Room Set-3_backup_20260802_102020_variant_price_backup_20260803_121334.xlsx,TFL-BST-405 WD,Bed Side Table,10000.0,Bed Side Table,10000.0,Measurement Match
10 Bed Room Set-3_backup_20260802_102020_variant_price_backup_20260803_121334.xlsx,TFL-BED-406 WD,Bed (Double),0,Bed (Double),30500.0,Variant Name Match
10 Bed Room Set-3_backup_20260802_102020_variant_price_backup_20260803_121334.xlsx,TFL-BST-406 WD,Bed Side Table,0,Bed Side Table,10000.0,Measurement Match
10 Bed Room Set-3_backup_20260802_102020_variant_price_backup_20260803_121334.xlsx,TFL-BED-407 WD,Bed (Double),30500.0,Bed (Double),30500.0,Measurement Match
10 Bed Room Set-3_backup_20260802_102020_variant_price_backup_20260803_121334.xlsx,TFL-BED-407 WD,Bed (Queen),32500.0,Bed (Queen),32500.0,Measurement Match
10 Bed Room Set-3_backup_20260802_102020_variant_price_backup_20260803_121334.xlsx,TFL-BED-407 WD,Bed (King),34500.0,Bed (King),34500.0,Measurement Match
10 Bed Room Set-3_backup_20260802_102020_variant_price_backup_20260803_121334.xlsx,TFL-BST-407 WD,Bed Side Table,10000.0,Bed Side Table,10000.0,Measurement Match
10 Bed Room Set-3_backup_20260802_102020_variant_price_backup_20260803_121334.xlsx,TFL-DST-204 LB,Dressing Table,13500.0,Dressing Table,10990.0,Measurement Match
10 Bed Room Set-3_backup_20260802_102020_variant_price_backup_20260803_121334.xlsx,TFL-DST-205 LB,Dressing Table,10990.0,Dressing Table,13500.0,Measurement Match
10 Bed Room Set-3_backup_20260802_102020_variant_price_backup_20260803_121334.xlsx,TFL-DST-206 LB,Dressing Table,12700.0,Dressing Table,12700.0,Measurement Match
10 Bed Room Set-3_backup_20260802_102020_variant_price_backup_20260803_121334.xlsx,TFL-DST-402 WD,Dressing Table,25500.0,Dressing Table,22000.0,Measurement Match
10 Bed Room Set-3_backup_20260802_102020_variant_price_backup_20260803_121334.xlsx,TFL-DST-405 WD,Dressing Table,25500.0,Dressing Table,23200.0,Measurement Match
10 Bed Room Set-3_backup_20260802_102020_variant_price_backup_20260803_121334.xlsx,TFL-DST-406 WD,Dressing Table,0,Dressing Table,23500.0,Variant Name Match
10 Bed Room Set-3_backup_20260802_102020_variant_price_backup_20260803_121334.xlsx,TFL-DST-407 WD,Dressing Table,22500.0,Dressing Table,22500.0,Measurement Match
10 Bed Room Set-3_backup_20260802_102020_variant_price_backup_20260803_121334.xlsx,TFL-CBD-206 LB,2-Door Cupboard,19100.0,Cupboard (2 Door),19100.0,Measurement Match
10 Bed Room Set-3_backup_20260802_102020_variant_price_backup_20260803_121334.xlsx,TFL-CBD-205 LB-2D,2-Door Cupboard,17100.0,Cupboard (2 Door),17100.0,Variant Name Match
10 Bed Room Set-3_backup_20260802_102020_variant_price_backup_20260803_121334.xlsx,TFL-CBD-205 LB-3D,3-Door Cupboard,22500.0,Cupboard (3 Door),22500.0,Variant + Closest Meas
10 Bed Room Set-3_backup_20260802_102020_variant_price_backup_20260803_121334.xlsx,TFL-CBD-205 LB-3D,3-Door Cupboard,24500.0,Cupboard (3 Door),24500.0,Measurement Match
10 Bed Room Set-3_backup_20260802_102020_variant_price_backup_20260803_121334.xlsx,TFL-CBD-204 LB-2D,2-Door Cupboard,17990.0,Cupboard (2 Door),17990.0,Variant Name Match
10 Bed Room Set-3_backup_20260802_102020_variant_price_backup_20260803_121334.xlsx,TFL-CBD-204 LB-3D,3-Door Cupboard,23000.0,Cupboard (3 Door),22500.0,Measurement Match
10 Bed Room Set-3_backup_20260802_102020_variant_price_backup_20260803_121334.xlsx,TFL-CBD-402 WD,2-Door Cupboard,44500.0,Cupboard (2 Door),42990.0,Measurement Match
10 Bed Room Set-3_backup_20260802_102020_variant_price_backup_20260803_121334.xlsx,TFL-CBD-405 WD,2-Door Cupboard,45500.0,Cupboard (2 Door),43990.0,Measurement Match
10 Bed Room Set-3_backup_20260802_102020_variant_price_backup_20260803_121334.xlsx,TFL-CBD-406 WD,3-Door Cupboard,0,Cupboard (2 Door),57500.0,Only 1 Option
10 Bed Room Set-3_backup_20260802_102020_variant_price_backup_20260803_121334.xlsx,TFL-CBD-407 WD,2-Door Cupboard,44500.0,Cupboard (2 Door),44500.0,Measurement Match
10 Bed Room Set-3_backup_20260802_102020_variant_price_backup_20260803_121334.xlsx,TFL-WDR-402 WD,Wardrobe,42000.0,Wardrobe,42000.0,Measurement Match
10 Bed Room Set-3_backup_20260802_102020_variant_price_backup_20260803_121334.xlsx,TFL-COD-405 WD,Chest of Drawer,33000.0,Chest of Drawer,32500.0,Measurement Match
10 Bed Room Set-3_backup_20260802_102020_variant_price_backup_20260803_121334.xlsx,TFL-WDR-407 WD,Wardrobe,43500.0,Wardrobe,43500.0,Measurement Match
10 Bed Room Set-3_backup_20260802_102020_variant_price_backup_20260803_121334.xlsx,TFL-WDD-204 LB,Wardrobe,19590.0,NO MATCH IN PDF,,
10 Bed Room Set-3_backup_20260802_102020_variant_price_backup_20260803_121334.xlsx,TFL-COD-205 LB,Wardrobe,13980.0,NO MATCH IN PDF,,
10 Bed Room Set-3_variant_price_backup_20260803_113816.xlsx,TFL-BED-204 LB,চারুলতা কিং বেড,19100.0,Bed (King),19100.0,Variant Name Match
10 Bed Room Set-3_variant_price_backup_20260803_113816.xlsx,TFL-BST-204 LB,চারুলতা বেড সাইড টেবিল,4200.0,Bed Side Table,4200.0,Measurement Match
10 Bed Room Set-3_variant_price_backup_20260803_113816.xlsx,TFL-BED-205 LB,অম্বরী বেড,16300.0,Bed (Double),16300.0,Measurement Match
10 Bed Room Set-3_variant_price_backup_20260803_113816.xlsx,TFL-BED-205 LB,অম্বরী কিং বেড,18500.0,Bed (King),18500.0,Measurement Match
10 Bed Room Set-3_variant_price_backup_20260803_113816.xlsx,TFL-BST-205 LB,অম্বরী বেড সাইড টেবিল,3000.0,Bed Side Table,3000.0,Measurement Match
10 Bed Room Set-3_variant_price_backup_20260803_113816.xlsx,TFL-BED-206 LB,পুঞ্জিকা বেড,16500.0,Bed (Double),16500.0,Measurement Match
10 Bed Room Set-3_variant_price_backup_20260803_113816.xlsx,TFL-BED-206 LB,পুঞ্জিকা কিং বেড,18900.0,Bed (King),18900.0,Measurement Match
10 Bed Room Set-3_variant_price_backup_20260803_113816.xlsx,TFL-BST-206 LB,পুঞ্জিকা বেড সাইড টেবিল,5250.0,NO MATCH IN PDF,,
10 Bed Room Set-3_variant_price_backup_20260803_113816.xlsx,TFL-BED-401 WD,মিতালী বেড,28500.0,Bed (Double),28500.0,Measurement Match
10 Bed Room Set-3_variant_price_backup_20260803_113816.xlsx,TFL-BED-401 WD,মিতালী কুইন বেড,30500.0,Bed (Queen),30500.0,Measurement Match
10 Bed Room Set-3_variant_price_backup_20260803_113816.xlsx,TFL-BED-401 WD,মিতালী কিং বেড,32500.0,Bed (King),32500.0,Measurement Match
10 Bed Room Set-3_variant_price_backup_20260803_113816.xlsx,TFL-BED-402 WD,রূপান্তর বেড,26500.0,Bed (Double),26500.0,Measurement Match
10 Bed Room Set-3_variant_price_backup_20260803_113816.xlsx,TFL-BED-402 WD,রূপান্তর কুইন বেড,28500.0,Bed (Queen),28500.0,Measurement Match
10 Bed Room Set-3_variant_price_backup_20260803_113816.xlsx,TFL-BED-402 WD,রূপান্তর কিং বেড,30500.0,Bed (King),30500.0,Measurement Match
10 Bed Room Set-3_variant_price_backup_20260803_113816.xlsx,TFL-BST-402 WD,রূপান্তর বেড,9900.0,Bed,9900.0,Measurement Match
10 Bed Room Set-3_variant_price_backup_20260803_113816.xlsx,TFL-BED-403 WD,টেরাকোটা বেড,28000.0,Bed (Double),28000.0,Measurement Match
10 Bed Room Set-3_variant_price_backup_20260803_113816.xlsx,TFL-BED-403 WD,টেরাকোটা কুইন বেড,30000.0,Bed (Queen),30000.0,Measurement Match
10 Bed Room Set-3_variant_price_backup_20260803_113816.xlsx,TFL-BED-403 WD,টেরাকোটা কিং বেড,32000.0,Bed (King),32000.0,Measurement Match
10 Bed Room Set-3_variant_price_backup_20260803_113816.xlsx,TFL-BED-404 WD,প্রবালিকা বেড,26000.0,Bed (Double),26000.0,Measurement Match
10 Bed Room Set-3_variant_price_backup_20260803_113816.xlsx,TFL-BED-404 WD,প্রবালিকা কুইন বেড,27500.0,Bed (Queen),27500.0,Measurement Match
10 Bed Room Set-3_variant_price_backup_20260803_113816.xlsx,TFL-BED-404 WD,প্রবালিকা কিং বেড,29500.0,Bed (King),29500.0,Measurement Match
10 Bed Room Set-3_variant_price_backup_20260803_113816.xlsx,TFL-BED-405 WD,মুক্তালী বেড,27500.0,Bed (Double),27500.0,Measurement Match
10 Bed Room Set-3_variant_price_backup_20260803_113816.xlsx,TFL-BED-405 WD,মুক্তালী কুইন বেড,29500.0,Bed (Queen),29500.0,Measurement Match
10 Bed Room Set-3_variant_price_backup_20260803_113816.xlsx,TFL-BED-405 WD,মুক্তালী কিং বেড,31500.0,Bed (King),31500.0,Measurement Match
10 Bed Room Set-3_variant_price_backup_20260803_113816.xlsx,TFL-BST-405 WD,মুক্তালী বেড সাইড টেবিল,10000.0,Bed Side Table,10000.0,Measurement Match
10 Bed Room Set-3_variant_price_backup_20260803_113816.xlsx,TFL-BED-406 WD,জলরেখা বেড,0,Bed (Double),30500.0,Variant Name Match
10 Bed Room Set-3_variant_price_backup_20260803_113816.xlsx,TFL-BST-406 WD,জলরেখা বেড সাইড টেবিল,0,Bed Side Table,10000.0,Measurement Match
10 Bed Room Set-3_variant_price_backup_20260803_113816.xlsx,TFL-BED-407 WD,স্বর্ণালী বেড,30500.0,Bed (Double),30500.0,Measurement Match
10 Bed Room Set-3_variant_price_backup_20260803_113816.xlsx,TFL-BED-407 WD,স্বর্ণালী কুইন বেড,32500.0,Bed (Queen),32500.0,Measurement Match
10 Bed Room Set-3_variant_price_backup_20260803_113816.xlsx,TFL-BED-407 WD,স্বর্ণালী কিং বেড,34500.0,Bed (King),34500.0,Measurement Match
10 Bed Room Set-3_variant_price_backup_20260803_113816.xlsx,TFL-BST-407 WD,স্বর্ণালী বেড সাইড টেবিল,10000.0,Bed Side Table,10000.0,Measurement Match
10 Bed Room Set-3_variant_price_backup_20260803_113816.xlsx,TFL-DST-204 LB,চারুলতা ড্রেসিং টেবিল,13500.0,Dressing Table,10990.0,Measurement Match
10 Bed Room Set-3_variant_price_backup_20260803_113816.xlsx,TFL-DST-205 LB,অম্বরী ড্রেসিং টেবিল,10990.0,Dressing Table,13500.0,Measurement Match
10 Bed Room Set-3_variant_price_backup_20260803_113816.xlsx,TFL-DST-206 LB,পুঞ্জিকা ড্রেসিং টেবিল,12700.0,Dressing Table,12700.0,Measurement Match
10 Bed Room Set-3_variant_price_backup_20260803_113816.xlsx,TFL-DST-402 WD,রূপান্তর ড্রেসিং টেবিল,25500.0,Dressing Table,22000.0,Measurement Match
10 Bed Room Set-3_variant_price_backup_20260803_113816.xlsx,TFL-DST-405 WD,মুক্তালী ড্রেসিং টেবিল,25500.0,Dressing Table,23200.0,Measurement Match
10 Bed Room Set-3_variant_price_backup_20260803_113816.xlsx,TFL-DST-406 WD,জলরেখা ড্রেসিং টেবিল,0,Dressing Table,23500.0,Variant Name Match
10 Bed Room Set-3_variant_price_backup_20260803_113816.xlsx,TFL-DST-407 WD,স্বর্ণালী ড্রেসিং টেবিল,22500.0,Dressing Table,22500.0,Measurement Match
10 Bed Room Set-3_variant_price_backup_20260803_113816.xlsx,TFL-CBD-206 LB,পুঞ্জিকা ২-ডোর কাপবোর্ড,19100.0,Cupboard (2 Door),19100.0,Measurement Match
10 Bed Room Set-3_variant_price_backup_20260803_113816.xlsx,TFL-CBD-205 LB-2D,অম্বরী ২-ডোর কাপবোর্ড,17100.0,Cupboard (2 Door),17100.0,Variant Name Match
10 Bed Room Set-3_variant_price_backup_20260803_113816.xlsx,TFL-CBD-205 LB-3D,অম্বরী ৩-ডোর কাপবোর্ড,22500.0,Cupboard (3 Door),22500.0,Variant + Closest Meas
10 Bed Room Set-3_variant_price_backup_20260803_113816.xlsx,TFL-CBD-205 LB-3D,অম্বরী ৩-ডোর কাপবোর্ড,24500.0,Cupboard (3 Door),24500.0,Measurement Match
10 Bed Room Set-3_variant_price_backup_20260803_113816.xlsx,TFL-CBD-204 LB-2D,চারুলতা ২-ডোর কাপবোর্ড,17990.0,Cupboard (2 Door),17990.0,Variant Name Match
10 Bed Room Set-3_variant_price_backup_20260803_113816.xlsx,TFL-CBD-204 LB-3D,চারুলতা ৩-ডোর কাপবোর্ড,23000.0,Cupboard (3 Door),22500.0,Measurement Match
10 Bed Room Set-3_variant_price_backup_20260803_113816.xlsx,TFL-CBD-402 WD,রূপান্তর ২-ডোর কাপবোর্ড,44500.0,Cupboard (2 Door),42990.0,Measurement Match
10 Bed Room Set-3_variant_price_backup_20260803_113816.xlsx,TFL-CBD-405 WD,মুক্তালী ২-ডোর কাপবোর্ড,45500.0,Cupboard (2 Door),43990.0,Measurement Match
10 Bed Room Set-3_variant_price_backup_20260803_113816.xlsx,TFL-CBD-406 WD,জলরেখা ৩-ডোর কাপবোর্ড,0,Cupboard (2 Door),57500.0,Only 1 Option
10 Bed Room Set-3_variant_price_backup_20260803_113816.xlsx,TFL-CBD-407 WD,স্বর্ণালী ২-ডোর কাপবোর্ড,44500.0,Cupboard (2 Door),44500.0,Measurement Match
10 Bed Room Set-3_variant_price_backup_20260803_113816.xlsx,TFL-WDR-402 WD,রূপান্তর ওয়ারড্রোব,42000.0,Wardrobe,42000.0,Measurement Match
10 Bed Room Set-3_variant_price_backup_20260803_113816.xlsx,TFL-COD-405 WD,মুক্তালী চেস্ট অফ ড্রয়ার,33000.0,Chest of Drawer,32500.0,Measurement Match
10 Bed Room Set-3_variant_price_backup_20260803_113816.xlsx,TFL-WDR-407 WD,স্বর্ণালী ওয়ারড্রোব,43500.0,Wardrobe,43500.0,Measurement Match
10 Bed Room Set-3_variant_price_backup_20260803_113816.xlsx,TFL-WDD-204 LB,চারুলতা ওয়ারড্রোব,19590.0,NO MATCH IN PDF,,
10 Bed Room Set-3_variant_price_backup_20260803_113816.xlsx,TFL-COD-205 LB,অম্বরী ওয়ারড্রোব,13980.0,NO MATCH IN PDF,,
10 Bed Room Set-3_variant_price_backup_20260803_121221.xlsx,TFL-BED-204 LB,চারুলতা কিং বেড,19100.0,Bed (King),19100.0,Variant Name Match
10 Bed Room Set-3_variant_price_backup_20260803_121221.xlsx,TFL-BST-204 LB,চারুলতা বেড সাইড টেবিল,4200.0,Bed Side Table,4200.0,Measurement Match
10 Bed Room Set-3_variant_price_backup_20260803_121221.xlsx,TFL-BED-205 LB,অম্বরী বেড,16300.0,Bed (Double),16300.0,Measurement Match
10 Bed Room Set-3_variant_price_backup_20260803_121221.xlsx,TFL-BED-205 LB,অম্বরী কিং বেড,18500.0,Bed (King),18500.0,Measurement Match
10 Bed Room Set-3_variant_price_backup_20260803_121221.xlsx,TFL-BST-205 LB,অম্বরী বেড সাইড টেবিল,3000.0,Bed Side Table,3000.0,Measurement Match
10 Bed Room Set-3_variant_price_backup_20260803_121221.xlsx,TFL-BED-206 LB,পুঞ্জিকা বেড,16500.0,Bed (Double),16500.0,Measurement Match
10 Bed Room Set-3_variant_price_backup_20260803_121221.xlsx,TFL-BED-206 LB,পুঞ্জিকা কিং বেড,18900.0,Bed (King),18900.0,Measurement Match
10 Bed Room Set-3_variant_price_backup_20260803_121221.xlsx,TFL-BST-206 LB,পুঞ্জিকা বেড সাইড টেবিল,5250.0,NO MATCH IN PDF,,
10 Bed Room Set-3_variant_price_backup_20260803_121221.xlsx,TFL-BED-401 WD,মিতালী বেড,28500.0,Bed (Double),28500.0,Measurement Match
10 Bed Room Set-3_variant_price_backup_20260803_121221.xlsx,TFL-BED-401 WD,মিতালী কুইন বেড,30500.0,Bed (Queen),30500.0,Measurement Match
10 Bed Room Set-3_variant_price_backup_20260803_121221.xlsx,TFL-BED-401 WD,মিতালী কিং বেড,32500.0,Bed (King),32500.0,Measurement Match
10 Bed Room Set-3_variant_price_backup_20260803_121221.xlsx,TFL-BED-402 WD,রূপান্তর বেড,26500.0,Bed (Double),26500.0,Measurement Match
10 Bed Room Set-3_variant_price_backup_20260803_121221.xlsx,TFL-BED-402 WD,রূপান্তর কুইন বেড,28500.0,Bed (Queen),28500.0,Measurement Match
10 Bed Room Set-3_variant_price_backup_20260803_121221.xlsx,TFL-BED-402 WD,রূপান্তর কিং বেড,30500.0,Bed (King),30500.0,Measurement Match
10 Bed Room Set-3_variant_price_backup_20260803_121221.xlsx,TFL-BST-402 WD,রূপান্তর বেড,9900.0,Bed,9900.0,Measurement Match
10 Bed Room Set-3_variant_price_backup_20260803_121221.xlsx,TFL-BED-403 WD,টেরাকোটা বেড,28000.0,Bed (Double),28000.0,Measurement Match
10 Bed Room Set-3_variant_price_backup_20260803_121221.xlsx,TFL-BED-403 WD,টেরাকোটা কুইন বেড,30000.0,Bed (Queen),30000.0,Measurement Match
10 Bed Room Set-3_variant_price_backup_20260803_121221.xlsx,TFL-BED-403 WD,টেরাকোটা কিং বেড,32000.0,Bed (King),32000.0,Measurement Match
10 Bed Room Set-3_variant_price_backup_20260803_121221.xlsx,TFL-BED-404 WD,প্রবালিকা বেড,26000.0,Bed (Double),26000.0,Measurement Match
10 Bed Room Set-3_variant_price_backup_20260803_121221.xlsx,TFL-BED-404 WD,প্রবালিকা কুইন বেড,27500.0,Bed (Queen),27500.0,Measurement Match
10 Bed Room Set-3_variant_price_backup_20260803_121221.xlsx,TFL-BED-404 WD,প্রবালিকা কিং বেড,29500.0,Bed (King),29500.0,Measurement Match
10 Bed Room Set-3_variant_price_backup_20260803_121221.xlsx,TFL-BED-405 WD,মুক্তালী বেড,27500.0,Bed (Double),27500.0,Measurement Match
10 Bed Room Set-3_variant_price_backup_20260803_121221.xlsx,TFL-BED-405 WD,মুক্তালী কুইন বেড,29500.0,Bed (Queen),29500.0,Measurement Match
10 Bed Room Set-3_variant_price_backup_20260803_121221.xlsx,TFL-BED-405 WD,মুক্তালী কিং বেড,31500.0,Bed (King),31500.0,Measurement Match
10 Bed Room Set-3_variant_price_backup_20260803_121221.xlsx,TFL-BST-405 WD,মুক্তালী বেড সাইড টেবিল,10000.0,Bed Side Table,10000.0,Measurement Match
10 Bed Room Set-3_variant_price_backup_20260803_121221.xlsx,TFL-BED-406 WD,জলরেখা বেড,0,Bed (Double),30500.0,Variant Name Match
10 Bed Room Set-3_variant_price_backup_20260803_121221.xlsx,TFL-BST-406 WD,জলরেখা বেড সাইড টেবিল,0,Bed Side Table,10000.0,Measurement Match
10 Bed Room Set-3_variant_price_backup_20260803_121221.xlsx,TFL-BED-407 WD,স্বর্ণালী বেড,30500.0,Bed (Double),30500.0,Measurement Match
10 Bed Room Set-3_variant_price_backup_20260803_121221.xlsx,TFL-BED-407 WD,স্বর্ণালী কুইন বেড,32500.0,Bed (Queen),32500.0,Measurement Match
10 Bed Room Set-3_variant_price_backup_20260803_121221.xlsx,TFL-BED-407 WD,স্বর্ণালী কিং বেড,34500.0,Bed (King),34500.0,Measurement Match
10 Bed Room Set-3_variant_price_backup_20260803_121221.xlsx,TFL-BST-407 WD,স্বর্ণালী বেড সাইড টেবিল,10000.0,Bed Side Table,10000.0,Measurement Match
10 Bed Room Set-3_variant_price_backup_20260803_121221.xlsx,TFL-DST-204 LB,চারুলতা ড্রেসিং টেবিল,13500.0,Dressing Table,10990.0,Measurement Match
10 Bed Room Set-3_variant_price_backup_20260803_121221.xlsx,TFL-DST-205 LB,অম্বরী ড্রেসিং টেবিল,10990.0,Dressing Table,13500.0,Measurement Match
10 Bed Room Set-3_variant_price_backup_20260803_121221.xlsx,TFL-DST-206 LB,পুঞ্জিকা ড্রেসিং টেবিল,12700.0,Dressing Table,12700.0,Measurement Match
10 Bed Room Set-3_variant_price_backup_20260803_121221.xlsx,TFL-DST-402 WD,রূপান্তর ড্রেসিং টেবিল,25500.0,Dressing Table,22000.0,Measurement Match
10 Bed Room Set-3_variant_price_backup_20260803_121221.xlsx,TFL-DST-405 WD,মুক্তালী ড্রেসিং টেবিল,25500.0,Dressing Table,23200.0,Measurement Match
10 Bed Room Set-3_variant_price_backup_20260803_121221.xlsx,TFL-DST-406 WD,জলরেখা ড্রেসিং টেবিল,0,Dressing Table,23500.0,Variant Name Match
10 Bed Room Set-3_variant_price_backup_20260803_121221.xlsx,TFL-DST-407 WD,স্বর্ণালী ড্রেসিং টেবিল,22500.0,Dressing Table,22500.0,Measurement Match
10 Bed Room Set-3_variant_price_backup_20260803_121221.xlsx,TFL-CBD-206 LB,পুঞ্জিকা ২-ডোর কাপবোর্ড,19100.0,Cupboard (2 Door),19100.0,Measurement Match
10 Bed Room Set-3_variant_price_backup_20260803_121221.xlsx,TFL-CBD-205 LB-2D,অম্বরী ২-ডোর কাপবোর্ড,17100.0,Cupboard (2 Door),17100.0,Variant Name Match
10 Bed Room Set-3_variant_price_backup_20260803_121221.xlsx,TFL-CBD-205 LB-3D,অম্বরী ৩-ডোর কাপবোর্ড,22500.0,Cupboard (3 Door),22500.0,Variant + Closest Meas
10 Bed Room Set-3_variant_price_backup_20260803_121221.xlsx,TFL-CBD-205 LB-3D,অম্বরী ৩-ডোর কাপবোর্ড,24500.0,Cupboard (3 Door),24500.0,Measurement Match
10 Bed Room Set-3_variant_price_backup_20260803_121221.xlsx,TFL-CBD-204 LB-2D,চারুলতা ২-ডোর কাপবোর্ড,17990.0,Cupboard (2 Door),17990.0,Variant Name Match
10 Bed Room Set-3_variant_price_backup_20260803_121221.xlsx,TFL-CBD-204 LB-3D,চারুলতা ৩-ডোর কাপবোর্ড,23000.0,Cupboard (3 Door),22500.0,Measurement Match
10 Bed Room Set-3_variant_price_backup_20260803_121221.xlsx,TFL-CBD-402 WD,রূপান্তর ২-ডোর কাপবোর্ড,44500.0,Cupboard (2 Door),42990.0,Measurement Match
10 Bed Room Set-3_variant_price_backup_20260803_121221.xlsx,TFL-CBD-405 WD,মুক্তালী ২-ডোর কাপবোর্ড,45500.0,Cupboard (2 Door),43990.0,Measurement Match
10 Bed Room Set-3_variant_price_backup_20260803_121221.xlsx,TFL-CBD-406 WD,জলরেখা ৩-ডোর কাপবোর্ড,0,Cupboard (2 Door),57500.0,Only 1 Option
10 Bed Room Set-3_variant_price_backup_20260803_121221.xlsx,TFL-CBD-407 WD,স্বর্ণালী ২-ডোর কাপবোর্ড,44500.0,Cupboard (2 Door),44500.0,Measurement Match
10 Bed Room Set-3_variant_price_backup_20260803_121221.xlsx,TFL-WDR-402 WD,রূপান্তর ওয়ারড্রোব,42000.0,Wardrobe,42000.0,Measurement Match
10 Bed Room Set-3_variant_price_backup_20260803_121221.xlsx,TFL-COD-405 WD,মুক্তালী চেস্ট অফ ড্রয়ার,33000.0,Chest of Drawer,32500.0,Measurement Match
10 Bed Room Set-3_variant_price_backup_20260803_121221.xlsx,TFL-WDR-407 WD,স্বর্ণালী ওয়ারড্রোব,43500.0,Wardrobe,43500.0,Measurement Match
10 Bed Room Set-3_variant_price_backup_20260803_121221.xlsx,TFL-WDD-204 LB,চারুলতা ওয়ারড্রোব,19590.0,NO MATCH IN PDF,,
10 Bed Room Set-3_variant_price_backup_20260803_121221.xlsx,TFL-COD-205 LB,অম্বরী ওয়ারড্রোব,13980.0,NO MATCH IN PDF,,
10 Bed Room Set-3_variant_price_backup_20260803_121334.xlsx,TFL-BED-204 LB,চারুলতা কিং বেড,19100.0,Bed (King),19100.0,Variant Name Match
10 Bed Room Set-3_variant_price_backup_20260803_121334.xlsx,TFL-BST-204 LB,চারুলতা বেড সাইড টেবিল,4200.0,Bed Side Table,4200.0,Measurement Match
10 Bed Room Set-3_variant_price_backup_20260803_121334.xlsx,TFL-BED-205 LB,অম্বরী বেড,16300.0,Bed (Double),16300.0,Measurement Match
10 Bed Room Set-3_variant_price_backup_20260803_121334.xlsx,TFL-BED-205 LB,অম্বরী কিং বেড,18500.0,Bed (King),18500.0,Measurement Match
10 Bed Room Set-3_variant_price_backup_20260803_121334.xlsx,TFL-BST-205 LB,অম্বরী বেড সাইড টেবিল,3000.0,Bed Side Table,3000.0,Measurement Match
10 Bed Room Set-3_variant_price_backup_20260803_121334.xlsx,TFL-BED-206 LB,পুঞ্জিকা বেড,16500.0,Bed (Double),16500.0,Measurement Match
10 Bed Room Set-3_variant_price_backup_20260803_121334.xlsx,TFL-BED-206 LB,পুঞ্জিকা কিং বেড,18900.0,Bed (King),18900.0,Measurement Match
10 Bed Room Set-3_variant_price_backup_20260803_121334.xlsx,TFL-BST-206 LB,পুঞ্জিকা বেড সাইড টেবিল,5250.0,NO MATCH IN PDF,,
10 Bed Room Set-3_variant_price_backup_20260803_121334.xlsx,TFL-BED-401 WD,মিতালী বেড,28500.0,Bed (Double),28500.0,Measurement Match
10 Bed Room Set-3_variant_price_backup_20260803_121334.xlsx,TFL-BED-401 WD,মিতালী কুইন বেড,30500.0,Bed (Queen),30500.0,Measurement Match
10 Bed Room Set-3_variant_price_backup_20260803_121334.xlsx,TFL-BED-401 WD,মিতালী কিং বেড,32500.0,Bed (King),32500.0,Measurement Match
10 Bed Room Set-3_variant_price_backup_20260803_121334.xlsx,TFL-BED-402 WD,রূপান্তর বেড,26500.0,Bed (Double),26500.0,Measurement Match
10 Bed Room Set-3_variant_price_backup_20260803_121334.xlsx,TFL-BED-402 WD,রূপান্তর কুইন বেড,28500.0,Bed (Queen),28500.0,Measurement Match
10 Bed Room Set-3_variant_price_backup_20260803_121334.xlsx,TFL-BED-402 WD,রূপান্তর কিং বেড,30500.0,Bed (King),30500.0,Measurement Match
10 Bed Room Set-3_variant_price_backup_20260803_121334.xlsx,TFL-BST-402 WD,রূপান্তর বেড,9900.0,Bed,9900.0,Measurement Match
10 Bed Room Set-3_variant_price_backup_20260803_121334.xlsx,TFL-BED-403 WD,টেরাকোটা বেড,28000.0,Bed (Double),28000.0,Measurement Match
10 Bed Room Set-3_variant_price_backup_20260803_121334.xlsx,TFL-BED-403 WD,টেরাকোটা কুইন বেড,30000.0,Bed (Queen),30000.0,Measurement Match
10 Bed Room Set-3_variant_price_backup_20260803_121334.xlsx,TFL-BED-403 WD,টেরাকোটা কিং বেড,32000.0,Bed (King),32000.0,Measurement Match
10 Bed Room Set-3_variant_price_backup_20260803_121334.xlsx,TFL-BED-404 WD,প্রবালিকা বেড,26000.0,Bed (Double),26000.0,Measurement Match
10 Bed Room Set-3_variant_price_backup_20260803_121334.xlsx,TFL-BED-404 WD,প্রবালিকা কুইন বেড,27500.0,Bed (Queen),27500.0,Measurement Match
10 Bed Room Set-3_variant_price_backup_20260803_121334.xlsx,TFL-BED-404 WD,প্রবালিকা কিং বেড,29500.0,Bed (King),29500.0,Measurement Match
10 Bed Room Set-3_variant_price_backup_20260803_121334.xlsx,TFL-BED-405 WD,মুক্তালী বেড,27500.0,Bed (Double),27500.0,Measurement Match
10 Bed Room Set-3_variant_price_backup_20260803_121334.xlsx,TFL-BED-405 WD,মুক্তালী কুইন বেড,29500.0,Bed (Queen),29500.0,Measurement Match
10 Bed Room Set-3_variant_price_backup_20260803_121334.xlsx,TFL-BED-405 WD,মুক্তালী কিং বেড,31500.0,Bed (King),31500.0,Measurement Match
10 Bed Room Set-3_variant_price_backup_20260803_121334.xlsx,TFL-BST-405 WD,মুক্তালী বেড সাইড টেবিল,10000.0,Bed Side Table,10000.0,Measurement Match
10 Bed Room Set-3_variant_price_backup_20260803_121334.xlsx,TFL-BED-406 WD,জলরেখা বেড,30500.0,Bed (Double),30500.0,Variant Name Match
10 Bed Room Set-3_variant_price_backup_20260803_121334.xlsx,TFL-BST-406 WD,জলরেখা বেড সাইড টেবিল,10000.0,Bed Side Table,10000.0,Measurement Match
10 Bed Room Set-3_variant_price_backup_20260803_121334.xlsx,TFL-BED-407 WD,স্বর্ণালী বেড,30500.0,Bed (Double),30500.0,Measurement Match
10 Bed Room Set-3_variant_price_backup_20260803_121334.xlsx,TFL-BED-407 WD,স্বর্ণালী কুইন বেড,32500.0,Bed (Queen),32500.0,Measurement Match
10 Bed Room Set-3_variant_price_backup_20260803_121334.xlsx,TFL-BED-407 WD,স্বর্ণালী কিং বেড,34500.0,Bed (King),34500.0,Measurement Match
10 Bed Room Set-3_variant_price_backup_20260803_121334.xlsx,TFL-BST-407 WD,স্বর্ণালী বেড সাইড টেবিল,10000.0,Bed Side Table,10000.0,Measurement Match
10 Bed Room Set-3_variant_price_backup_20260803_121334.xlsx,TFL-DST-204 LB,চারুলতা ড্রেসিং টেবিল,10990.0,Dressing Table,10990.0,Measurement Match
10 Bed Room Set-3_variant_price_backup_20260803_121334.xlsx,TFL-DST-205 LB,অম্বরী ড্রেসিং টেবিল,13500.0,Dressing Table,13500.0,Measurement Match
10 Bed Room Set-3_variant_price_backup_20260803_121334.xlsx,TFL-DST-206 LB,পুঞ্জিকা ড্রেসিং টেবিল,12700.0,Dressing Table,12700.0,Measurement Match
10 Bed Room Set-3_variant_price_backup_20260803_121334.xlsx,TFL-DST-402 WD,রূপান্তর ড্রেসিং টেবিল,22000.0,Dressing Table,22000.0,Measurement Match
10 Bed Room Set-3_variant_price_backup_20260803_121334.xlsx,TFL-DST-405 WD,মুক্তালী ড্রেসিং টেবিল,23200.0,Dressing Table,23200.0,Measurement Match
10 Bed Room Set-3_variant_price_backup_20260803_121334.xlsx,TFL-DST-406 WD,জলরেখা ড্রেসিং টেবিল,23500.0,Dressing Table,23500.0,Variant Name Match
10 Bed Room Set-3_variant_price_backup_20260803_121334.xlsx,TFL-DST-407 WD,স্বর্ণালী ড্রেসিং টেবিল,22500.0,Dressing Table,22500.0,Measurement Match
10 Bed Room Set-3_variant_price_backup_20260803_121334.xlsx,TFL-CBD-206 LB,পুঞ্জিকা ২-ডোর কাপবোর্ড,19100.0,Cupboard (2 Door),19100.0,Measurement Match
10 Bed Room Set-3_variant_price_backup_20260803_121334.xlsx,TFL-CBD-205 LB-2D,অম্বরী ২-ডোর কাপবোর্ড,17100.0,Cupboard (2 Door),17100.0,Variant Name Match
10 Bed Room Set-3_variant_price_backup_20260803_121334.xlsx,TFL-CBD-205 LB-3D,অম্বরী ৩-ডোর কাপবোর্ড,22500.0,Cupboard (3 Door),22500.0,Variant + Closest Meas
10 Bed Room Set-3_variant_price_backup_20260803_121334.xlsx,TFL-CBD-205 LB-3D,অম্বরী ৩-ডোর কাপবোর্ড,24500.0,Cupboard (3 Door),24500.0,Measurement Match
10 Bed Room Set-3_variant_price_backup_20260803_121334.xlsx,TFL-CBD-204 LB-2D,চারুলতা ২-ডোর কাপবোর্ড,17990.0,Cupboard (2 Door),17990.0,Variant Name Match
10 Bed Room Set-3_variant_price_backup_20260803_121334.xlsx,TFL-CBD-204 LB-3D,চারুলতা ৩-ডোর কাপবোর্ড,22500.0,Cupboard (3 Door),22500.0,Measurement Match
10 Bed Room Set-3_variant_price_backup_20260803_121334.xlsx,TFL-CBD-402 WD,রূপান্তর ২-ডোর কাপবোর্ড,42990.0,Cupboard (2 Door),42990.0,Measurement Match
10 Bed Room Set-3_variant_price_backup_20260803_121334.xlsx,TFL-CBD-405 WD,মুক্তালী ২-ডোর কাপবোর্ড,43990.0,Cupboard (2 Door),43990.0,Measurement Match
10 Bed Room Set-3_variant_price_backup_20260803_121334.xlsx,TFL-CBD-406 WD,জলরেখা ৩-ডোর কাপবোর্ড,57500.0,Cupboard (2 Door),57500.0,Only 1 Option
10 Bed Room Set-3_variant_price_backup_20260803_121334.xlsx,TFL-CBD-407 WD,স্বর্ণালী ২-ডোর কাপবোর্ড,44500.0,Cupboard (2 Door),44500.0,Measurement Match
10 Bed Room Set-3_variant_price_backup_20260803_121334.xlsx,TFL-WDR-402 WD,রূপান্তর ওয়ারড্রোব,42000.0,Wardrobe,42000.0,Measurement Match
10 Bed Room Set-3_variant_price_backup_20260803_121334.xlsx,TFL-COD-405 WD,মুক্তালী চেস্ট অফ ড্রয়ার,32500.0,Chest of Drawer,32500.0,Measurement Match
10 Bed Room Set-3_variant_price_backup_20260803_121334.xlsx,TFL-WDR-407 WD,স্বর্ণালী ওয়ারড্রোব,43500.0,Wardrobe,43500.0,Measurement Match
10 Bed Room Set-3_variant_price_backup_20260803_121334.xlsx,TFL-WDD-204 LB,চারুলতা ওয়ারড্রোব,19590.0,NO MATCH IN PDF,,
10 Bed Room Set-3_variant_price_backup_20260803_121334.xlsx,TFL-COD-205 LB,অম্বরী ওয়ারড্রোব,13980.0,NO MATCH IN PDF,,
10 Bedroom Set_backup_20260802_102020_variant_price_backup_20260803_121334.xlsx,TFL-BED-109 LB,King Bed,16050.0,Bed (King),16050.0,Variant Name Match
10 Bedroom Set_backup_20260802_102020_variant_price_backup_20260803_121334.xlsx,TFL-BST-109 LB,Bed Side Table,3900.0,Bed Side Table,3900.0,Measurement Match
10 Bedroom Set_backup_20260802_102020_variant_price_backup_20260803_121334.xlsx,TFL-BED-110 LB,Double Bed,19300.0,Bed (Double),19300.0,Measurement Match
10 Bedroom Set_backup_20260802_102020_variant_price_backup_20260803_121334.xlsx,TFL-BST-110 LB,Bed Side Table,3990.0,Bed Side Table,3990.0,Measurement Match
10 Bedroom Set_backup_20260802_102020_variant_price_backup_20260803_121334.xlsx,TFL-BED-111 LB,Double Bed,15900.0,Bed (Double),15900.0,Measurement Match
10 Bedroom Set_backup_20260802_102020_variant_price_backup_20260803_121334.xlsx,TFL-BST-111 LB,Bed Side Table,4990.0,Bed Side Table,4990.0,Measurement Match
10 Bedroom Set_backup_20260802_102020_variant_price_backup_20260803_121334.xlsx,TFL-BED-112 LB,Double Bed,14500.0,Bed (Double),14500.0,Measurement Match
10 Bedroom Set_backup_20260802_102020_variant_price_backup_20260803_121334.xlsx,TFL-BST-112 LB,Bed Side Table,5250.0,Bed Side Table,5250.0,Measurement Match
10 Bedroom Set_backup_20260802_102020_variant_price_backup_20260803_121334.xlsx,TFL-BED-113 LB,Double Bed,15500.0,Bed (Double),15500.0,Measurement Match
10 Bedroom Set_backup_20260802_102020_variant_price_backup_20260803_121334.xlsx,TFL-BST-113 LB,Bed Side Table,5500.0,Bed Side Table,5500.0,Measurement Match
10 Bedroom Set_backup_20260802_102020_variant_price_backup_20260803_121334.xlsx,TFL-BED-114 LB,Double Bed,15500.0,Bed (Double),15500.0,Variant Name Match
10 Bedroom Set_backup_20260802_102020_variant_price_backup_20260803_121334.xlsx,TFL-BST-114 LB,Bed side table,5590.0,Bed side table,5590.0,Measurement Match
10 Bedroom Set_backup_20260802_102020_variant_price_backup_20260803_121334.xlsx,TFL-BED-116 MT,Double Bed,22000.0,Bed (Double),22000.0,Measurement Match
10 Bedroom Set_backup_20260802_102020_variant_price_backup_20260803_121334.xlsx,TFL-BST-116 MT,Bed Side Table,5900.0,NO MATCH IN PDF,,
10 Bedroom Set_backup_20260802_102020_variant_price_backup_20260803_121334.xlsx,TFL-BED-201 LB,Double Bed,15600.0,LB Bed (Double),15600.0,Measurement Match
10 Bedroom Set_backup_20260802_102020_variant_price_backup_20260803_121334.xlsx,TFL-BED-201 LB,King Bed ,18500.0,Bed (King),18500.0,Measurement Match
10 Bedroom Set_backup_20260802_102020_variant_price_backup_20260803_121334.xlsx,TFL-BST-201 LB,Bed Side Table,4800.0,Bed Side Table,4800.0,Measurement Match
10 Bedroom Set_backup_20260802_102020_variant_price_backup_20260803_121334.xlsx,TFL-BED-202 LB,Double Bed,13000.0,Bed (Double),13000.0,Measurement Match
10 Bedroom Set_backup_20260802_102020_variant_price_backup_20260803_121334.xlsx,TFL-BED-202 LB,King Bed ,17800.0,Bed (King),17800.0,Measurement Match
10 Bedroom Set_backup_20260802_102020_variant_price_backup_20260803_121334.xlsx,TFL-BST-202 LB,Bed Side Table,2900.0,Bed Side Table,2900.0,Measurement Match
10 Bedroom Set_backup_20260802_102020_variant_price_backup_20260803_121334.xlsx,TFL-BED-203 LB,Double Bed,14980.0,Bed (Double),14980.0,Measurement Match
10 Bedroom Set_backup_20260802_102020_variant_price_backup_20260803_121334.xlsx,TFL-BED-203 LB,King Bed ,18500.0,Bed (King),18500.0,Measurement Match
10 Bedroom Set_backup_20260802_102020_variant_price_backup_20260803_121334.xlsx,TFL-BST-203 LB,Bed Side Table,4400.0,Bed Side Table,4400.0,Measurement Match
10 Bedroom Set_backup_20260802_102020_variant_price_backup_20260803_121334.xlsx,TFL-DST-109 LB,Dressing Table,10900.0,Dressing Table,10900.0,Measurement Match
10 Bedroom Set_backup_20260802_102020_variant_price_backup_20260803_121334.xlsx,TFL-DST-111 LB,Dressing Table,10990.0,Dressing Table,9990.0,Measurement Match
10 Bedroom Set_backup_20260802_102020_variant_price_backup_20260803_121334.xlsx,TFL-DST-112 LB,Dressing Table,11990.0,Dressing Table,11990.0,Measurement Match
10 Bedroom Set_backup_20260802_102020_variant_price_backup_20260803_121334.xlsx,TFL-DST-113 LB,Dressing Table,12990.0,Dressing Table,12990.0,Measurement Match
10 Bedroom Set_backup_20260802_102020_variant_price_backup_20260803_121334.xlsx,TFL-DST-114 LB,Dressing Table,11500.0,Dressing Table,11500.0,Measurement Match
10 Bedroom Set_backup_20260802_102020_variant_price_backup_20260803_121334.xlsx,TFL-DST-116 MT,Dressing Table,14990.0,NO MATCH IN PDF,,
10 Bedroom Set_backup_20260802_102020_variant_price_backup_20260803_121334.xlsx,TFL-DST-110 LB,Dressing Table,11990.0,Dressing Table,11990.0,Measurement Match
10 Bedroom Set_backup_20260802_102020_variant_price_backup_20260803_121334.xlsx,TFL-DST-203 LB,Dressing Table,12990.0,Dressing Table,12990.0,Measurement Match
10 Bedroom Set_backup_20260802_102020_variant_price_backup_20260803_121334.xlsx,TFL-DST-202 LB,Dressing Table,13500.0,Dressing Table,13500.0,Measurement Match
10 Bedroom Set_backup_20260802_102020_variant_price_backup_20260803_121334.xlsx,TFL-DST-201 LB,Dressing Table,9980.0,Dressing Table,9980.0,Measurement Match
10 Bedroom Set_backup_20260802_102020_variant_price_backup_20260803_121334.xlsx,TFL-CBD-203 LB-2D,2-Door Cupboard,17900.0,Cupboard (2 Door),17900.0,Variant Name Match
10 Bedroom Set_backup_20260802_102020_variant_price_backup_20260803_121334.xlsx,TFL-CBD-203 LB-3D,3-Door Cupboard,23000.0,Cupboard (3 Door),23000.0,Measurement Match
10 Bedroom Set_backup_20260802_102020_variant_price_backup_20260803_121334.xlsx,TFL-CBD-202 LB-3D,3-Door Cupboard,22500.0,Cupboard (3 Door),22500.0,Measurement Match
10 Bedroom Set_backup_20260802_102020_variant_price_backup_20260803_121334.xlsx,TFL-CBD-202 LB-3D,3-Door Cupboard,24500.0,Cupboard (3 Door),24500.0,Measurement Match
10 Bedroom Set_backup_20260802_102020_variant_price_backup_20260803_121334.xlsx,TFL-CBD-202 LB-2D,2-Door Cupboard,18990.0,Cupboard (2 Door),18990.0,Variant Name Match
10 Bedroom Set_backup_20260802_102020_variant_price_backup_20260803_121334.xlsx,TFL-CBD-201 LB-1D,1-Door Cupboard,9750.0,MULTIPLE MATCHES - AMBIGUOUS,,
10 Bedroom Set_backup_20260802_102020_variant_price_backup_20260803_121334.xlsx,TFL-CBD-201 LB-2D,2-Door Cupboard,15900.0,Cupboard (2 Door),15900.0,Variant + Closest Meas
10 Bedroom Set_backup_20260802_102020_variant_price_backup_20260803_121334.xlsx,TFL-CBD-201 LB-3D,3-Door Cupboard,22500.0,Cupboard (3 Door),22500.0,Measurement Match
10 Bedroom Set_backup_20260802_102020_variant_price_backup_20260803_121334.xlsx,TFL-CBD-201 LB-3D,3-Door Cupboard,24500.0,Cupboard (3 Door),24500.0,Variant + Closest Meas
10 Bedroom Set_backup_20260802_102020_variant_price_backup_20260803_121334.xlsx,TFL-CBD-109 LB-2D,2-Door Cupboard,16550.0,Cupboard (2-Door),16550.0,Measurement Match
10 Bedroom Set_backup_20260802_102020_variant_price_backup_20260803_121334.xlsx,TFL-CBD-109 LB-3D,3-Door Cupboard,24990.0,Cupboard (3 Door),24990.0,Measurement Match
10 Bedroom Set_backup_20260802_102020_variant_price_backup_20260803_121334.xlsx,TFL-CBD-110 LB-2D,2-Door Cupboard,16610.0,Cupboard (2-Door),16610.0,Variant Name Match
10 Bedroom Set_backup_20260802_102020_variant_price_backup_20260803_121334.xlsx,TFL-CBD-111 LB-2D,2-Door Cupboard,17110.0,Cupboard (2-Door),17110.0,Measurement Match
10 Bedroom Set_backup_20260802_102020_variant_price_backup_20260803_121334.xlsx,TFL-CBD-112 LB-2D,2-Door Cupboard,16550.0,Cupboard (2-Door),16550.0,Variant Name Match
10 Bedroom Set_backup_20260802_102020_variant_price_backup_20260803_121334.xlsx,TFL-CBD-112 LB-3D,3-Door Cupboard,24800.0,Cupboard (3 Door),24800.0,Measurement Match
10 Bedroom Set_backup_20260802_102020_variant_price_backup_20260803_121334.xlsx,TFL-CBD-113 LB-2D,2-Door Cupboard,16800.0,Cupboard (2 Door),16800.0,Measurement Match
10 Bedroom Set_backup_20260802_102020_variant_price_backup_20260803_121334.xlsx,TFL-CBD-113 LB-3D,3-Door Cupboard,24990.0,Cupboard (3 Door),24990.0,Measurement Match
10 Bedroom Set_backup_20260802_102020_variant_price_backup_20260803_121334.xlsx,TFL-CBD-114 LB-2D,2-Door Cupboard,16550.0,Cupboard (2 Door),16550.0,Variant Name Match
10 Bedroom Set_backup_20260802_102020_variant_price_backup_20260803_121334.xlsx,TFL-CBD-116 MT-2D,2-Door Cupboard,19990.0,NO MATCH IN PDF,,
10 Bedroom Set_backup_20260802_102020_variant_price_backup_20260803_121334.xlsx,TFL-COD-110 LB,Chest of Drawer,15500.0,NO MATCH IN PDF,,
10 Bedroom Set_backup_20260802_102020_variant_price_backup_20260803_121334.xlsx,TFL-WDR-110 LB,Wardrobe,16100.0,NO MATCH IN PDF,,
10 Bedroom Set_backup_20260802_102020_variant_price_backup_20260803_121334.xlsx,TFL-COD-111 LB,Chest of Drawer,15900.0,NO MATCH IN PDF,,
10 Bedroom Set_backup_20260802_102020_variant_price_backup_20260803_121334.xlsx,TFL-WDR-112 LB,Wardrobe,20400.0,NO MATCH IN PDF,,
10 Bedroom Set_backup_20260802_102020_variant_price_backup_20260803_121334.xlsx,TFL-COD-113 LB,Chest of Drawer,15900.0,NO MATCH IN PDF,,
10 Bedroom Set_backup_20260802_102020_variant_price_backup_20260803_121334.xlsx,TFL-COD-114 LB,Chest of Drawer,15990.0,NO MATCH IN PDF,,
10 Bedroom Set_backup_20260802_102020_variant_price_backup_20260803_121334.xlsx,TFL-COD-109 LB,Chest of Drawer,14200.0,NO MATCH IN PDF,,
10 Bedroom Set_backup_20260802_102020_variant_price_backup_20260803_121334.xlsx,TFL-COD-116 MT,Chest of Drawer ,19990.0,Chest of Drawer,19990.0,Measurement Match
10 Bedroom Set_backup_20260802_102020_variant_price_backup_20260803_121334.xlsx,TFL-WDR-202 LB,Wardrobe,17500.0,NO MATCH IN PDF,,
10 Bedroom Set_backup_20260802_102020_variant_price_backup_20260803_121334.xlsx,TFL-WDR-201 LB,Wardrobe,17500.0,NO MATCH IN PDF,,
10 Bedroom Set_backup_20260802_102020_variant_price_backup_20260803_121334.xlsx,TFL-COD-203 LB,Chest of Drawer,13990.0,NO MATCH IN PDF,,
10 Bedroom Set_backup_20260802_102020_variant_price_backup_20260803_121334.xlsx,TFL-ALN-201 LB,Alna,5700.0,Alna,5700.0,Measurement Match
10 Bedroom Set_backup_20260802_102020_variant_price_backup_20260803_121334.xlsx,TFL-ALN-202 LB,Alna,7400.0,Alna,7400.0,Variant Name Match
10 Bedroom Set_variant_price_backup_20260803_121221.xlsx,TFL-BED-109 LB,বনলতা কিং বেড,16050.0,Bed (King),16050.0,Variant Name Match
10 Bedroom Set_variant_price_backup_20260803_121221.xlsx,TFL-BST-109 LB,বনলতা বেড সাইড টেবিল,3900.0,Bed Side Table,3900.0,Measurement Match
10 Bedroom Set_variant_price_backup_20260803_121221.xlsx,TFL-BED-110 LB,শুভ্রা বেড,19300.0,Bed (Double),19300.0,Measurement Match
10 Bedroom Set_variant_price_backup_20260803_121221.xlsx,TFL-BST-110 LB,শুভ্রা বেড সাইড টেবিল,3990.0,Bed Side Table,3990.0,Measurement Match
10 Bedroom Set_variant_price_backup_20260803_121221.xlsx,TFL-BED-111 LB,বিপরীত বেড,15900.0,Bed (Double),15900.0,Measurement Match
10 Bedroom Set_variant_price_backup_20260803_121221.xlsx,TFL-BST-111 LB,বিপরীত বেড সাইড টেবিল,4990.0,Bed Side Table,4990.0,Measurement Match
10 Bedroom Set_variant_price_backup_20260803_121221.xlsx,TFL-BED-112 LB,কদম্বরী বেড,14500.0,Bed (Double),14500.0,Measurement Match
10 Bedroom Set_variant_price_backup_20260803_121221.xlsx,TFL-BST-112 LB,কদম্বরী বেড সাইড টেবিল,5250.0,Bed Side Table,5250.0,Measurement Match
10 Bedroom Set_variant_price_backup_20260803_121221.xlsx,TFL-BED-113 LB,দিগন্ত বেড,15500.0,Bed (Double),15500.0,Measurement Match
10 Bedroom Set_variant_price_backup_20260803_121221.xlsx,TFL-BST-113 LB,দিগন্ত বেড সাইড টেবিল,5500.0,Bed Side Table,5500.0,Measurement Match
10 Bedroom Set_variant_price_backup_20260803_121221.xlsx,TFL-BED-114 LB,রেখাচিত্র বেড,15500.0,Bed (Double),15500.0,Variant Name Match
10 Bedroom Set_variant_price_backup_20260803_121221.xlsx,TFL-BST-114 LB,রেখাচিত্র বেড সাইড টেবিল,5590.0,Bed side table,5590.0,Measurement Match
10 Bedroom Set_variant_price_backup_20260803_121221.xlsx,TFL-BED-116 MT,অবয়ব বেড,22000.0,Bed (Double),22000.0,Measurement Match
10 Bedroom Set_variant_price_backup_20260803_121221.xlsx,TFL-BST-116 MT,অবয়ব বেড সাইড টেবিল,5900.0,NO MATCH IN PDF,,
10 Bedroom Set_variant_price_backup_20260803_121221.xlsx,TFL-BED-201 LB,পদ্ম বেড,15600.0,LB Bed (Double),15600.0,Measurement Match
10 Bedroom Set_variant_price_backup_20260803_121221.xlsx,TFL-BED-201 LB,পদ্ম কিং বেড,18500.0,Bed (King),18500.0,Measurement Match
10 Bedroom Set_variant_price_backup_20260803_121221.xlsx,TFL-BST-201 LB,পদ্ম বেড সাইড টেবিল,4800.0,Bed Side Table,4800.0,Measurement Match
10 Bedroom Set_variant_price_backup_20260803_121221.xlsx,TFL-BED-202 LB,শিল্পিক বেড,13000.0,Bed (Double),13000.0,Measurement Match
10 Bedroom Set_variant_price_backup_20260803_121221.xlsx,TFL-BED-202 LB,শিল্পিক কিং বেড,17800.0,Bed (King),17800.0,Measurement Match
10 Bedroom Set_variant_price_backup_20260803_121221.xlsx,TFL-BST-202 LB,শিল্পিক বেড সাইড টেবিল,2900.0,Bed Side Table,2900.0,Measurement Match
10 Bedroom Set_variant_price_backup_20260803_121221.xlsx,TFL-BED-203 LB,অরণ্য বেড,14980.0,Bed (Double),14980.0,Measurement Match
10 Bedroom Set_variant_price_backup_20260803_121221.xlsx,TFL-BED-203 LB,অরণ্য কিং বেড,18500.0,Bed (King),18500.0,Measurement Match
10 Bedroom Set_variant_price_backup_20260803_121221.xlsx,TFL-BST-203 LB,অরণ্য বেড সাইড টেবিল,4400.0,Bed Side Table,4400.0,Measurement Match
10 Bedroom Set_variant_price_backup_20260803_121221.xlsx,TFL-DST-109 LB,বনলতা ড্রেসিং টেবিল,10900.0,Dressing Table,10900.0,Measurement Match
10 Bedroom Set_variant_price_backup_20260803_121221.xlsx,TFL-DST-111 LB,বিপরীত ড্রেসিং টেবিল,10990.0,Dressing Table,9990.0,Measurement Match
10 Bedroom Set_variant_price_backup_20260803_121221.xlsx,TFL-DST-112 LB,কদম্বরী ড্রেসিং টেবিল,11990.0,Dressing Table,11990.0,Measurement Match
10 Bedroom Set_variant_price_backup_20260803_121221.xlsx,TFL-DST-113 LB,দিগন্ত ড্রেসিং টেবিল,12990.0,Dressing Table,12990.0,Measurement Match
10 Bedroom Set_variant_price_backup_20260803_121221.xlsx,TFL-DST-114 LB,রেখাচিত্র ড্রেসিং টেবিল,11500.0,Dressing Table,11500.0,Measurement Match
10 Bedroom Set_variant_price_backup_20260803_121221.xlsx,TFL-DST-116 MT,অবয়ব ড্রেসিং টেবিল,14990.0,NO MATCH IN PDF,,
10 Bedroom Set_variant_price_backup_20260803_121221.xlsx,TFL-DST-110 LB,শুভ্রা ড্রেসিং টেবিল,11990.0,Dressing Table,11990.0,Measurement Match
10 Bedroom Set_variant_price_backup_20260803_121221.xlsx,TFL-DST-203 LB,অরণ্য ড্রেসিং টেবিল,12990.0,Dressing Table,12990.0,Measurement Match
10 Bedroom Set_variant_price_backup_20260803_121221.xlsx,TFL-DST-202 LB,শিল্পিক ড্রেসিং টেবিল,13500.0,Dressing Table,13500.0,Measurement Match
10 Bedroom Set_variant_price_backup_20260803_121221.xlsx,TFL-DST-201 LB,পদ্ম ড্রেসিং টেবিল,9980.0,Dressing Table,9980.0,Measurement Match
10 Bedroom Set_variant_price_backup_20260803_121221.xlsx,TFL-CBD-203 LB-2D,অরণ্য ২-ডোর কাপবোর্ড,17900.0,Cupboard (2 Door),17900.0,Variant Name Match
10 Bedroom Set_variant_price_backup_20260803_121221.xlsx,TFL-CBD-203 LB-3D,অরণ্য ৩-ডোর কাপবোর্ড,23000.0,Cupboard (3 Door),23000.0,Measurement Match
10 Bedroom Set_variant_price_backup_20260803_121221.xlsx,TFL-CBD-202 LB-3D,শিল্পিক ৩-ডোর কাপবোর্ড,22500.0,Cupboard (3 Door),22500.0,Measurement Match
10 Bedroom Set_variant_price_backup_20260803_121221.xlsx,TFL-CBD-202 LB-3D,শিল্পিক ৩-ডোর কাপবোর্ড,24500.0,Cupboard (3 Door),24500.0,Measurement Match
10 Bedroom Set_variant_price_backup_20260803_121221.xlsx,TFL-CBD-202 LB-2D,শিল্পিক ২-ডোর কাপবোর্ড,18990.0,Cupboard (2 Door),18990.0,Variant Name Match
10 Bedroom Set_variant_price_backup_20260803_121221.xlsx,TFL-CBD-201 LB-1D,পদ্ম ১-ডোর কাপবোর্ড,9750.0,MULTIPLE MATCHES - AMBIGUOUS,,
10 Bedroom Set_variant_price_backup_20260803_121221.xlsx,TFL-CBD-201 LB-2D,পদ্ম ২-ডোর কাপবোর্ড,15900.0,Cupboard (2 Door),15900.0,Variant + Closest Meas
10 Bedroom Set_variant_price_backup_20260803_121221.xlsx,TFL-CBD-201 LB-3D,পদ্ম ৩-ডোর কাপবোর্ড,22500.0,Cupboard (3 Door),22500.0,Measurement Match
10 Bedroom Set_variant_price_backup_20260803_121221.xlsx,TFL-CBD-201 LB-3D,পদ্ম ৩-ডোর কাপবোর্ড,24500.0,Cupboard (3 Door),24500.0,Variant + Closest Meas
10 Bedroom Set_variant_price_backup_20260803_121221.xlsx,TFL-CBD-109 LB-2D,বনলতা ২-ডোর কাপবোর্ড,16550.0,Cupboard (2-Door),16550.0,Measurement Match
10 Bedroom Set_variant_price_backup_20260803_121221.xlsx,TFL-CBD-109 LB-3D,বনলতা ৩-ডোর কাপবোর্ড,24990.0,Cupboard (3 Door),24990.0,Measurement Match
10 Bedroom Set_variant_price_backup_20260803_121221.xlsx,TFL-CBD-110 LB-2D,শুভ্রা ২-ডোর কাপবোর্ড,16610.0,Cupboard (2-Door),16610.0,Variant Name Match
10 Bedroom Set_variant_price_backup_20260803_121221.xlsx,TFL-CBD-111 LB-2D,বিপরীত ২-ডোর কাপবোর্ড,17110.0,Cupboard (2-Door),17110.0,Measurement Match
10 Bedroom Set_variant_price_backup_20260803_121221.xlsx,TFL-CBD-112 LB-2D,কদম্বরী ২-ডোর কাপবোর্ড,16550.0,Cupboard (2-Door),16550.0,Variant Name Match
10 Bedroom Set_variant_price_backup_20260803_121221.xlsx,TFL-CBD-112 LB-3D,কদম্বরী ৩-ডোর কাপবোর্ড,24800.0,Cupboard (3 Door),24800.0,Measurement Match
10 Bedroom Set_variant_price_backup_20260803_121221.xlsx,TFL-CBD-113 LB-2D,দিগন্ত ২-ডোর কাপবোর্ড,16800.0,Cupboard (2 Door),16800.0,Measurement Match
10 Bedroom Set_variant_price_backup_20260803_121221.xlsx,TFL-CBD-113 LB-3D,দিগন্ত ৩-ডোর কাপবোর্ড,24990.0,Cupboard (3 Door),24990.0,Measurement Match
10 Bedroom Set_variant_price_backup_20260803_121221.xlsx,TFL-CBD-114 LB-2D,রেখাচিত্র ২-ডোর কাপবোর্ড,16550.0,Cupboard (2 Door),16550.0,Variant Name Match
10 Bedroom Set_variant_price_backup_20260803_121221.xlsx,TFL-CBD-116 MT-2D,অবয়ব ২-ডোর কাপবোর্ড,19990.0,NO MATCH IN PDF,,
10 Bedroom Set_variant_price_backup_20260803_121221.xlsx,TFL-COD-110 LB,শুভ্রা চেস্ট অফ ড্রয়ার,15500.0,NO MATCH IN PDF,,
10 Bedroom Set_variant_price_backup_20260803_121221.xlsx,TFL-WDR-110 LB,শুভ্রা ওয়ারড্রোব,16100.0,NO MATCH IN PDF,,
10 Bedroom Set_variant_price_backup_20260803_121221.xlsx,TFL-COD-111 LB,বিপরীত চেস্ট অফ ড্রয়ার,15900.0,NO MATCH IN PDF,,
10 Bedroom Set_variant_price_backup_20260803_121221.xlsx,TFL-WDR-112 LB,কদম্বরী ওয়ারড্রোব,20400.0,NO MATCH IN PDF,,
10 Bedroom Set_variant_price_backup_20260803_121221.xlsx,TFL-COD-113 LB,দিগন্ত চেস্ট অফ ড্রয়ার,15900.0,NO MATCH IN PDF,,
10 Bedroom Set_variant_price_backup_20260803_121221.xlsx,TFL-COD-114 LB,রেখাচিত্র চেস্ট অফ ড্রয়ার,15990.0,NO MATCH IN PDF,,
10 Bedroom Set_variant_price_backup_20260803_121221.xlsx,TFL-COD-109 LB,বনলতা চেস্ট অফ ড্রয়ার,14200.0,NO MATCH IN PDF,,
10 Bedroom Set_variant_price_backup_20260803_121221.xlsx,TFL-COD-116 MT,অবয়ব চেস্ট অফ ড্রয়ার,19990.0,Chest of Drawer,19990.0,Measurement Match
10 Bedroom Set_variant_price_backup_20260803_121221.xlsx,TFL-WDR-202 LB,শিল্পিক ওয়ারড্রোব,17500.0,NO MATCH IN PDF,,
10 Bedroom Set_variant_price_backup_20260803_121221.xlsx,TFL-WDR-201 LB,পদ্ম ওয়ারড্রোব,17500.0,NO MATCH IN PDF,,
10 Bedroom Set_variant_price_backup_20260803_121221.xlsx,TFL-COD-203 LB,অরণ্য চেস্ট অফ ড্রয়ার,13990.0,NO MATCH IN PDF,,
10 Bedroom Set_variant_price_backup_20260803_121221.xlsx,TFL-ALN-201 LB,পদ্ম আলনা,5700.0,Alna,5700.0,Measurement Match
10 Bedroom Set_variant_price_backup_20260803_121221.xlsx,TFL-ALN-202 LB,শিল্পিক আলনা,7400.0,Alna,7400.0,Variant Name Match
10 Bedroom Set_variant_price_backup_20260803_121334.xlsx,TFL-BED-109 LB,বনলতা কিং বেড,16050.0,Bed (King),16050.0,Variant Name Match
10 Bedroom Set_variant_price_backup_20260803_121334.xlsx,TFL-BST-109 LB,বনলতা বেড সাইড টেবিল,3900.0,Bed Side Table,3900.0,Measurement Match
10 Bedroom Set_variant_price_backup_20260803_121334.xlsx,TFL-BED-110 LB,শুভ্রা বেড,19300.0,Bed (Double),19300.0,Measurement Match
10 Bedroom Set_variant_price_backup_20260803_121334.xlsx,TFL-BST-110 LB,শুভ্রা বেড সাইড টেবিল,3990.0,Bed Side Table,3990.0,Measurement Match
10 Bedroom Set_variant_price_backup_20260803_121334.xlsx,TFL-BED-111 LB,বিপরীত বেড,15900.0,Bed (Double),15900.0,Measurement Match
10 Bedroom Set_variant_price_backup_20260803_121334.xlsx,TFL-BST-111 LB,বিপরীত বেড সাইড টেবিল,4990.0,Bed Side Table,4990.0,Measurement Match
10 Bedroom Set_variant_price_backup_20260803_121334.xlsx,TFL-BED-112 LB,কদম্বরী বেড,14500.0,Bed (Double),14500.0,Measurement Match
10 Bedroom Set_variant_price_backup_20260803_121334.xlsx,TFL-BST-112 LB,কদম্বরী বেড সাইড টেবিল,5250.0,Bed Side Table,5250.0,Measurement Match
10 Bedroom Set_variant_price_backup_20260803_121334.xlsx,TFL-BED-113 LB,দিগন্ত বেড,15500.0,Bed (Double),15500.0,Measurement Match
10 Bedroom Set_variant_price_backup_20260803_121334.xlsx,TFL-BST-113 LB,দিগন্ত বেড সাইড টেবিল,5500.0,Bed Side Table,5500.0,Measurement Match
10 Bedroom Set_variant_price_backup_20260803_121334.xlsx,TFL-BED-114 LB,রেখাচিত্র বেড,15500.0,Bed (Double),15500.0,Variant Name Match
10 Bedroom Set_variant_price_backup_20260803_121334.xlsx,TFL-BST-114 LB,রেখাচিত্র বেড সাইড টেবিল,5590.0,Bed side table,5590.0,Measurement Match
10 Bedroom Set_variant_price_backup_20260803_121334.xlsx,TFL-BED-116 MT,অবয়ব বেড,22000.0,Bed (Double),22000.0,Measurement Match
10 Bedroom Set_variant_price_backup_20260803_121334.xlsx,TFL-BST-116 MT,অবয়ব বেড সাইড টেবিল,5900.0,NO MATCH IN PDF,,
10 Bedroom Set_variant_price_backup_20260803_121334.xlsx,TFL-BED-201 LB,পদ্ম বেড,15600.0,LB Bed (Double),15600.0,Measurement Match
10 Bedroom Set_variant_price_backup_20260803_121334.xlsx,TFL-BED-201 LB,পদ্ম কিং বেড,18500.0,Bed (King),18500.0,Measurement Match
10 Bedroom Set_variant_price_backup_20260803_121334.xlsx,TFL-BST-201 LB,পদ্ম বেড সাইড টেবিল,4800.0,Bed Side Table,4800.0,Measurement Match
10 Bedroom Set_variant_price_backup_20260803_121334.xlsx,TFL-BED-202 LB,শিল্পিক বেড,13000.0,Bed (Double),13000.0,Measurement Match
10 Bedroom Set_variant_price_backup_20260803_121334.xlsx,TFL-BED-202 LB,শিল্পিক কিং বেড,17800.0,Bed (King),17800.0,Measurement Match
10 Bedroom Set_variant_price_backup_20260803_121334.xlsx,TFL-BST-202 LB,শিল্পিক বেড সাইড টেবিল,2900.0,Bed Side Table,2900.0,Measurement Match
10 Bedroom Set_variant_price_backup_20260803_121334.xlsx,TFL-BED-203 LB,অরণ্য বেড,14980.0,Bed (Double),14980.0,Measurement Match
10 Bedroom Set_variant_price_backup_20260803_121334.xlsx,TFL-BED-203 LB,অরণ্য কিং বেড,18500.0,Bed (King),18500.0,Measurement Match
10 Bedroom Set_variant_price_backup_20260803_121334.xlsx,TFL-BST-203 LB,অরণ্য বেড সাইড টেবিল,4400.0,Bed Side Table,4400.0,Measurement Match
10 Bedroom Set_variant_price_backup_20260803_121334.xlsx,TFL-DST-109 LB,বনলতা ড্রেসিং টেবিল,10900.0,Dressing Table,10900.0,Measurement Match
10 Bedroom Set_variant_price_backup_20260803_121334.xlsx,TFL-DST-111 LB,বিপরীত ড্রেসিং টেবিল,9990.0,Dressing Table,9990.0,Measurement Match
10 Bedroom Set_variant_price_backup_20260803_121334.xlsx,TFL-DST-112 LB,কদম্বরী ড্রেসিং টেবিল,11990.0,Dressing Table,11990.0,Measurement Match
10 Bedroom Set_variant_price_backup_20260803_121334.xlsx,TFL-DST-113 LB,দিগন্ত ড্রেসিং টেবিল,12990.0,Dressing Table,12990.0,Measurement Match
10 Bedroom Set_variant_price_backup_20260803_121334.xlsx,TFL-DST-114 LB,রেখাচিত্র ড্রেসিং টেবিল,11500.0,Dressing Table,11500.0,Measurement Match
10 Bedroom Set_variant_price_backup_20260803_121334.xlsx,TFL-DST-116 MT,অবয়ব ড্রেসিং টেবিল,14990.0,NO MATCH IN PDF,,
10 Bedroom Set_variant_price_backup_20260803_121334.xlsx,TFL-DST-110 LB,শুভ্রা ড্রেসিং টেবিল,11990.0,Dressing Table,11990.0,Measurement Match
10 Bedroom Set_variant_price_backup_20260803_121334.xlsx,TFL-DST-203 LB,অরণ্য ড্রেসিং টেবিল,12990.0,Dressing Table,12990.0,Measurement Match
10 Bedroom Set_variant_price_backup_20260803_121334.xlsx,TFL-DST-202 LB,শিল্পিক ড্রেসিং টেবিল,13500.0,Dressing Table,13500.0,Measurement Match
10 Bedroom Set_variant_price_backup_20260803_121334.xlsx,TFL-DST-201 LB,পদ্ম ড্রেসিং টেবিল,9980.0,Dressing Table,9980.0,Measurement Match
10 Bedroom Set_variant_price_backup_20260803_121334.xlsx,TFL-CBD-203 LB-2D,অরণ্য ২-ডোর কাপবোর্ড,17900.0,Cupboard (2 Door),17900.0,Variant Name Match
10 Bedroom Set_variant_price_backup_20260803_121334.xlsx,TFL-CBD-203 LB-3D,অরণ্য ৩-ডোর কাপবোর্ড,23000.0,Cupboard (3 Door),23000.0,Measurement Match
10 Bedroom Set_variant_price_backup_20260803_121334.xlsx,TFL-CBD-202 LB-3D,শিল্পিক ৩-ডোর কাপবোর্ড,22500.0,Cupboard (3 Door),22500.0,Measurement Match
10 Bedroom Set_variant_price_backup_20260803_121334.xlsx,TFL-CBD-202 LB-3D,শিল্পিক ৩-ডোর কাপবোর্ড,24500.0,Cupboard (3 Door),24500.0,Measurement Match
10 Bedroom Set_variant_price_backup_20260803_121334.xlsx,TFL-CBD-202 LB-2D,শিল্পিক ২-ডোর কাপবোর্ড,18990.0,Cupboard (2 Door),18990.0,Variant Name Match
10 Bedroom Set_variant_price_backup_20260803_121334.xlsx,TFL-CBD-201 LB-1D,পদ্ম ১-ডোর কাপবোর্ড,9750.0,MULTIPLE MATCHES - AMBIGUOUS,,
10 Bedroom Set_variant_price_backup_20260803_121334.xlsx,TFL-CBD-201 LB-2D,পদ্ম ২-ডোর কাপবোর্ড,15900.0,Cupboard (2 Door),15900.0,Variant + Closest Meas
10 Bedroom Set_variant_price_backup_20260803_121334.xlsx,TFL-CBD-201 LB-3D,পদ্ম ৩-ডোর কাপবোর্ড,22500.0,Cupboard (3 Door),22500.0,Measurement Match
10 Bedroom Set_variant_price_backup_20260803_121334.xlsx,TFL-CBD-201 LB-3D,পদ্ম ৩-ডোর কাপবোর্ড,24500.0,Cupboard (3 Door),24500.0,Variant + Closest Meas
10 Bedroom Set_variant_price_backup_20260803_121334.xlsx,TFL-CBD-109 LB-2D,বনলতা ২-ডোর কাপবোর্ড,16550.0,Cupboard (2-Door),16550.0,Measurement Match
10 Bedroom Set_variant_price_backup_20260803_121334.xlsx,TFL-CBD-109 LB-3D,বনলতা ৩-ডোর কাপবোর্ড,24990.0,Cupboard (3 Door),24990.0,Measurement Match
10 Bedroom Set_variant_price_backup_20260803_121334.xlsx,TFL-CBD-110 LB-2D,শুভ্রা ২-ডোর কাপবোর্ড,16610.0,Cupboard (2-Door),16610.0,Variant Name Match
10 Bedroom Set_variant_price_backup_20260803_121334.xlsx,TFL-CBD-111 LB-2D,বিপরীত ২-ডোর কাপবোর্ড,17110.0,Cupboard (2-Door),17110.0,Measurement Match
10 Bedroom Set_variant_price_backup_20260803_121334.xlsx,TFL-CBD-112 LB-2D,কদম্বরী ২-ডোর কাপবোর্ড,16550.0,Cupboard (2-Door),16550.0,Variant Name Match
10 Bedroom Set_variant_price_backup_20260803_121334.xlsx,TFL-CBD-112 LB-3D,কদম্বরী ৩-ডোর কাপবোর্ড,24800.0,Cupboard (3 Door),24800.0,Measurement Match
10 Bedroom Set_variant_price_backup_20260803_121334.xlsx,TFL-CBD-113 LB-2D,দিগন্ত ২-ডোর কাপবোর্ড,16800.0,Cupboard (2 Door),16800.0,Measurement Match
10 Bedroom Set_variant_price_backup_20260803_121334.xlsx,TFL-CBD-113 LB-3D,দিগন্ত ৩-ডোর কাপবোর্ড,24990.0,Cupboard (3 Door),24990.0,Measurement Match
10 Bedroom Set_variant_price_backup_20260803_121334.xlsx,TFL-CBD-114 LB-2D,রেখাচিত্র ২-ডোর কাপবোর্ড,16550.0,Cupboard (2 Door),16550.0,Variant Name Match
10 Bedroom Set_variant_price_backup_20260803_121334.xlsx,TFL-CBD-116 MT-2D,অবয়ব ২-ডোর কাপবোর্ড,19990.0,NO MATCH IN PDF,,
10 Bedroom Set_variant_price_backup_20260803_121334.xlsx,TFL-COD-110 LB,শুভ্রা চেস্ট অফ ড্রয়ার,15500.0,NO MATCH IN PDF,,
10 Bedroom Set_variant_price_backup_20260803_121334.xlsx,TFL-WDR-110 LB,শুভ্রা ওয়ারড্রোব,16100.0,NO MATCH IN PDF,,
10 Bedroom Set_variant_price_backup_20260803_121334.xlsx,TFL-COD-111 LB,বিপরীত চেস্ট অফ ড্রয়ার,15900.0,NO MATCH IN PDF,,
10 Bedroom Set_variant_price_backup_20260803_121334.xlsx,TFL-WDR-112 LB,কদম্বরী ওয়ারড্রোব,20400.0,NO MATCH IN PDF,,
10 Bedroom Set_variant_price_backup_20260803_121334.xlsx,TFL-COD-113 LB,দিগন্ত চেস্ট অফ ড্রয়ার,15900.0,NO MATCH IN PDF,,
10 Bedroom Set_variant_price_backup_20260803_121334.xlsx,TFL-COD-114 LB,রেখাচিত্র চেস্ট অফ ড্রয়ার,15990.0,NO MATCH IN PDF,,
10 Bedroom Set_variant_price_backup_20260803_121334.xlsx,TFL-COD-109 LB,বনলতা চেস্ট অফ ড্রয়ার,14200.0,NO MATCH IN PDF,,
10 Bedroom Set_variant_price_backup_20260803_121334.xlsx,TFL-COD-116 MT,অবয়ব চেস্ট অফ ড্রয়ার,19990.0,Chest of Drawer,19990.0,Measurement Match
10 Bedroom Set_variant_price_backup_20260803_121334.xlsx,TFL-WDR-202 LB,শিল্পিক ওয়ারড্রোব,17500.0,NO MATCH IN PDF,,
10 Bedroom Set_variant_price_backup_20260803_121334.xlsx,TFL-WDR-201 LB,পদ্ম ওয়ারড্রোব,17500.0,NO MATCH IN PDF,,
10 Bedroom Set_variant_price_backup_20260803_121334.xlsx,TFL-COD-203 LB,অরণ্য চেস্ট অফ ড্রয়ার,13990.0,NO MATCH IN PDF,,
10 Bedroom Set_variant_price_backup_20260803_121334.xlsx,TFL-ALN-201 LB,পদ্ম আলনা,5700.0,Alna,5700.0,Measurement Match
10 Bedroom Set_variant_price_backup_20260803_121334.xlsx,TFL-ALN-202 LB,শিল্পিক আলনা,7400.0,Alna,7400.0,Variant Name Match
4 Product_backup_20260802_102020_variant_price_backup_20260803_121334.xlsx,TFL-CBD-205 LB-3D,3-Door Cupboard,22500.0,Cupboard (3 Door),22500.0,Variant + Closest Meas
4 Product_backup_20260802_102020_variant_price_backup_20260803_121334.xlsx,TFL-CBD-205 LB-3D,3-Door Cupboard,24500.0,Cupboard (3 Door),24500.0,Measurement Match
4 Product_backup_20260802_102020_variant_price_backup_20260803_121334.xlsx,TFL-CBD-204 LB-2D,2-Door Cupboard,17100.0,Cupboard (2 Door),17990.0,Variant Name Match
4 Product_backup_20260802_102020_variant_price_backup_20260803_121334.xlsx,TFL-CBD-204 LB-2D,3-Door Cupboard,22500.0,Cupboard (3 Door),22500.0,Measurement Match
4 Product_backup_20260802_102020_variant_price_backup_20260803_121334.xlsx,TFL-CBD-204 LB-3D,3-Door Cupboard,24500.0,Cupboard (3 Door),24500.0,Variant + Closest Meas
4 Product_backup_20260802_102020_variant_price_backup_20260803_121334.xlsx,TFL-COD-118 LB,Chest of Drawer ,17500.0,NO MATCH IN PDF,,
4 Product_backup_20260802_102020_variant_price_backup_20260803_121334.xlsx,TFL-CBD-207 LB-3D,3-Door Cupboard,24200.0,Cupboard (3 Door),24200.0,Measurement Match
4 Product_backup_20260802_102020_variant_price_backup_20260803_121334.xlsx,TFL-CBD-208 LB-2D,2-Door Cupboard,26000.0,Cupboard Cum Dressing Tabl;e (2 Door),26000.0,Measurement Match
4 Product_backup_20260802_102020_variant_price_backup_20260803_121334.xlsx,TFL-CBD-208 LB-3D,3-Door Cupboard,32000.0,Cupboard Cum Dressing Tabl;e (3 Door),32000.0,Measurement Match
4 Product_backup_20260802_102020_variant_price_backup_20260803_121334.xlsx,TFL-WDR-406 WD,Wardrobe,0,NO MATCH IN PDF,,
4 Product_variant_price_backup_20260803_121221.xlsx,TFL-CBD-205 LB-3D,অম্বরী ৩-ডোর কাপবোর্ড,22500.0,Cupboard (3 Door),22500.0,Variant + Closest Meas
4 Product_variant_price_backup_20260803_121221.xlsx,TFL-CBD-205 LB-3D,অম্বরী ৩-ডোর কাপবোর্ড,24500.0,Cupboard (3 Door),24500.0,Measurement Match
4 Product_variant_price_backup_20260803_121221.xlsx,TFL-CBD-204 LB-2D,চারুলতা ২-ডোর কাপবোর্ড,17100.0,Cupboard (2 Door),17990.0,Variant Name Match
4 Product_variant_price_backup_20260803_121221.xlsx,TFL-CBD-204 LB-2D,চারুলতা ৩-ডোর কাপবোর্ড,22500.0,Cupboard (3 Door),22500.0,Measurement Match
4 Product_variant_price_backup_20260803_121221.xlsx,TFL-CBD-204 LB-3D,চারুলতা ৩-ডোর কাপবোর্ড,24500.0,Cupboard (3 Door),24500.0,Variant + Closest Meas
4 Product_variant_price_backup_20260803_121221.xlsx,TFL-COD-118 LB,কসমস চেস্ট অফ ড্রয়ার,17500.0,NO MATCH IN PDF,,
4 Product_variant_price_backup_20260803_121221.xlsx,TFL-CBD-207 LB-3D,3-Door Cupboard,24200.0,Cupboard (3 Door),24200.0,Measurement Match
4 Product_variant_price_backup_20260803_121221.xlsx,TFL-CBD-208 LB-2D,2-Door Cupboard,26000.0,Cupboard Cum Dressing Tabl;e (2 Door),26000.0,Measurement Match
4 Product_variant_price_backup_20260803_121221.xlsx,TFL-CBD-208 LB-3D,3-Door Cupboard,32000.0,Cupboard Cum Dressing Tabl;e (3 Door),32000.0,Measurement Match
4 Product_variant_price_backup_20260803_121221.xlsx,TFL-WDR-406 WD,জলরেখা ওয়ারড্রোব,0,NO MATCH IN PDF,,
4 Product_variant_price_backup_20260803_121334.xlsx,TFL-CBD-205 LB-3D,অম্বরী ৩-ডোর কাপবোর্ড,22500.0,Cupboard (3 Door),22500.0,Variant + Closest Meas
4 Product_variant_price_backup_20260803_121334.xlsx,TFL-CBD-205 LB-3D,অম্বরী ৩-ডোর কাপবোর্ড,24500.0,Cupboard (3 Door),24500.0,Measurement Match
4 Product_variant_price_backup_20260803_121334.xlsx,TFL-CBD-204 LB-2D,চারুলতা ২-ডোর কাপবোর্ড,17990.0,Cupboard (2 Door),17990.0,Variant Name Match
4 Product_variant_price_backup_20260803_121334.xlsx,TFL-CBD-204 LB-2D,চারুলতা ৩-ডোর কাপবোর্ড,22500.0,Cupboard (3 Door),22500.0,Measurement Match
4 Product_variant_price_backup_20260803_121334.xlsx,TFL-CBD-204 LB-3D,চারুলতা ৩-ডোর কাপবোর্ড,24500.0,Cupboard (3 Door),24500.0,Variant + Closest Meas
4 Product_variant_price_backup_20260803_121334.xlsx,TFL-COD-118 LB,কসমস চেস্ট অফ ড্রয়ার,17500.0,NO MATCH IN PDF,,
4 Product_variant_price_backup_20260803_121334.xlsx,TFL-CBD-207 LB-3D,3-Door Cupboard,24200.0,Cupboard (3 Door),24200.0,Measurement Match
4 Product_variant_price_backup_20260803_121334.xlsx,TFL-CBD-208 LB-2D,2-Door Cupboard,26000.0,Cupboard Cum Dressing Tabl;e (2 Door),26000.0,Measurement Match
4 Product_variant_price_backup_20260803_121334.xlsx,TFL-CBD-208 LB-3D,3-Door Cupboard,32000.0,Cupboard Cum Dressing Tabl;e (3 Door),32000.0,Measurement Match
4 Product_variant_price_backup_20260803_121334.xlsx,TFL-WDR-406 WD,জলরেখা ওয়ারড্রোব,0,NO MATCH IN PDF,,
Bedroom Set Uv Print_backup_20260802_102020_variant_price_backup_20260803_121334.xlsx,TFL-BST-120 LB,Bed side table,3400.0,Bed side table,3550.0,Measurement Match
Bedroom Set Uv Print_backup_20260802_102020_variant_price_backup_20260803_121334.xlsx,TFL-BED-119 LB,Double Bed,15900.0,Bed (Double),16800.0,Measurement Match
Bedroom Set Uv Print_backup_20260802_102020_variant_price_backup_20260803_121334.xlsx,TFL-BST-119 LB,Bed Side Table,4800.0,Bed Side Table,5000.0,Measurement Match
Bedroom Set Uv Print_backup_20260802_102020_variant_price_backup_20260803_121334.xlsx,TFL-BED-118 LB,Double Bed,15900.0,Bed (Double),16800.0,Measurement Match
Bedroom Set Uv Print_backup_20260802_102020_variant_price_backup_20260803_121334.xlsx,TFL-BST-118 LB,Bed Side Table,4800.0,Bed Side Table,5000.0,Measurement Match
Bedroom Set Uv Print_backup_20260802_102020_variant_price_backup_20260803_121334.xlsx,TFL-BED-117 LB,Double Bed,15900.0,Bed (Double),16800.0,Measurement Match
Bedroom Set Uv Print_backup_20260802_102020_variant_price_backup_20260803_121334.xlsx,TFL-BST-117 LB,Bed Side Table,4800.0,Bed Side Table,5000.0,Measurement Match
Bedroom Set Uv Print_backup_20260802_102020_variant_price_backup_20260803_121334.xlsx,TFL-DST-117 LB,Dressing Table,9990.0,Dressing Table,13500.0,Measurement Match
Bedroom Set Uv Print_backup_20260802_102020_variant_price_backup_20260803_121334.xlsx,TFL-DST-118 LB,Dressing Table,14990.0,Dressing Table,14000.0,Variant Name Match
Bedroom Set Uv Print_backup_20260802_102020_variant_price_backup_20260803_121334.xlsx,TFL-DST-119 LB,Dressing Table,13000.0,NO MATCH IN PDF,,
Bedroom Set Uv Print_backup_20260802_102020_variant_price_backup_20260803_121334.xlsx,TFL-DST-120 LB,Dressing Table,13500.0,NO MATCH IN PDF,,
Bedroom Set Uv Print_backup_20260802_102020_variant_price_backup_20260803_121334.xlsx,TFL-CBD-117 LB-2D,2-Door Cupboard,17400.0,Cupboard UV (2-Door),18200.0,Variant Name Match
Bedroom Set Uv Print_backup_20260802_102020_variant_price_backup_20260803_121334.xlsx,TFL-CBD-117 LB-3D,3-Door Cupboard,23600.0,Cupboard UV (3 Door),24900.0,Measurement Match
Bedroom Set Uv Print_backup_20260802_102020_variant_price_backup_20260803_121334.xlsx,TFL-CBD-117 LB-3D,3-Door Cupboard,26600.0,Cupboard UV (3 Door),27900.0,Measurement Match
Bedroom Set Uv Print_backup_20260802_102020_variant_price_backup_20260803_121334.xlsx,TFL-CBD-118 LB-2D,2-Door Cupboard,17400.0,Cupboard UV (2 Door),18200.0,Variant Name Match
Bedroom Set Uv Print_backup_20260802_102020_variant_price_backup_20260803_121334.xlsx,TFL-CBD-118 LB-3D,3-Door Cupboard,23600.0,Cupboard UV (3 Door),24900.0,Variant + Closest Meas
Bedroom Set Uv Print_backup_20260802_102020_variant_price_backup_20260803_121334.xlsx,TFL-CBD-118 LB-3D,3-Door Cupboard,26600.0,Cupboard (3 Door),27900.0,Measurement Match
Bedroom Set Uv Print_backup_20260802_102020_variant_price_backup_20260803_121334.xlsx,TFL-CBD-119 LB-2D,2-Door Cupboard,17380.0,NO MATCH IN PDF,,
Bedroom Set Uv Print_backup_20260802_102020_variant_price_backup_20260803_121334.xlsx,TFL-CBD-119 LB-3D,3-Door Cupboard,23600.0,NO MATCH IN PDF,,
Bedroom Set Uv Print_backup_20260802_102020_variant_price_backup_20260803_121334.xlsx,TFL-CBD-119 LB-3D,3-Door Cupboard,26600.0,NO MATCH IN PDF,,
Bedroom Set Uv Print_backup_20260802_102020_variant_price_backup_20260803_121334.xlsx,TFL-CBD-120 LB-2D,2-Door Cupboard,17380.0,NO MATCH IN PDF,,
Bedroom Set Uv Print_backup_20260802_102020_variant_price_backup_20260803_121334.xlsx,TFL-CBD-120 LB-3D,3-Door Cupboard,23600.0,NO MATCH IN PDF,,
Bedroom Set Uv Print_backup_20260802_102020_variant_price_backup_20260803_121334.xlsx,TFL-CBD-120 LB-3D,3-Door Cupboard,26600.0,NO MATCH IN PDF,,
Bedroom Set Uv Print_backup_20260802_102020_variant_price_backup_20260803_121334.xlsx,TFL-COD-117 LB,Chest of Drawer ,17500.0,NO MATCH IN PDF,,
Bedroom Set Uv Print_backup_20260802_102020_variant_price_backup_20260803_121334.xlsx,TFL-WDR-118 LB,Wardrobe,17500.0,NO MATCH IN PDF,,
Bedroom Set Uv Print_backup_20260802_102020_variant_price_backup_20260803_121334.xlsx,TFL-COD-119 LB,Chest of Drawer ,17500.0,NO MATCH IN PDF,,
Bedroom Set Uv Print_backup_20260802_102020_variant_price_backup_20260803_121334.xlsx,TFL-COD-120 LB,Chest of Drawer ,17500.0,NO MATCH IN PDF,,
Bedroom Set Uv Print_backup_20260802_102020_variant_price_backup_20260803_121334.xlsx,TFL-WDR-117 LB,Wardrobe,19800.0,NO MATCH IN PDF,,
Bedroom Set Uv Print_backup_20260802_102020_variant_price_backup_20260803_121334.xlsx,TFL-WDR-118 LB,Wardrobe,19800.0,NO MATCH IN PDF,,
Bedroom Set Uv Print_backup_20260802_102020_variant_price_backup_20260803_121334.xlsx,TFL-WDR-119 LB,Wardrobe,19800.0,NO MATCH IN PDF,,
Bedroom Set Uv Print_backup_20260802_102020_variant_price_backup_20260803_121334.xlsx,TFL-WDR-120 LB,Wardrobe,19800.0,NO MATCH IN PDF,,
Bedroom Set Uv Print_variant_price_backup_20260803_121221.xlsx,TFL-BST-120 LB,ফ্লোরাল বেড সাইড টেবিল,3400.0,Bed side table,3550.0,Measurement Match
Bedroom Set Uv Print_variant_price_backup_20260803_121221.xlsx,TFL-BED-119 LB,রৌজা বেড,15900.0,Bed (Double),16800.0,Measurement Match
Bedroom Set Uv Print_variant_price_backup_20260803_121221.xlsx,TFL-BST-119 LB,রৌজা বেড সাইড টেবিল,4800.0,Bed Side Table,5000.0,Measurement Match
Bedroom Set Uv Print_variant_price_backup_20260803_121221.xlsx,TFL-BED-118 LB,কসমস বেড,15900.0,Bed (Double),16800.0,Measurement Match
Bedroom Set Uv Print_variant_price_backup_20260803_121221.xlsx,TFL-BST-118 LB,কসমস বেড সাইড টেবিল,4800.0,Bed Side Table,5000.0,Measurement Match
Bedroom Set Uv Print_variant_price_backup_20260803_121221.xlsx,TFL-BED-117 LB,সূর্যমুখী বেড,15900.0,Bed (Double),16800.0,Measurement Match
Bedroom Set Uv Print_variant_price_backup_20260803_121221.xlsx,TFL-BST-117 LB,সূর্যমুখী বেড সাইড টেবিল,4800.0,Bed Side Table,5000.0,Measurement Match
Bedroom Set Uv Print_variant_price_backup_20260803_121221.xlsx,TFL-DST-117 LB,সূর্যমুখী ড্রেসিং টেবিল,9990.0,Dressing Table,13500.0,Measurement Match
Bedroom Set Uv Print_variant_price_backup_20260803_121221.xlsx,TFL-DST-118 LB,কসমস ড্রেসিং টেবিল,14990.0,Dressing Table,14000.0,Variant Name Match
Bedroom Set Uv Print_variant_price_backup_20260803_121221.xlsx,TFL-DST-119 LB,রৌজা ড্রেসিং টেবিল,13000.0,NO MATCH IN PDF,,
Bedroom Set Uv Print_variant_price_backup_20260803_121221.xlsx,TFL-DST-120 LB,ফ্লোরাল ড্রেসিং টেবিল,13500.0,NO MATCH IN PDF,,
Bedroom Set Uv Print_variant_price_backup_20260803_121221.xlsx,TFL-CBD-117 LB-2D,সূর্যমুখী ২-ডোর কাপবোর্ড,17400.0,Cupboard UV (2-Door),18200.0,Variant Name Match
Bedroom Set Uv Print_variant_price_backup_20260803_121221.xlsx,TFL-CBD-117 LB-3D,সূর্যমুখী ৩-ডোর কাপবোর্ড,23600.0,Cupboard UV (3 Door),24900.0,Measurement Match
Bedroom Set Uv Print_variant_price_backup_20260803_121221.xlsx,TFL-CBD-117 LB-3D,সূর্যমুখী ৩-ডোর কাপবোর্ড,26600.0,Cupboard UV (3 Door),27900.0,Measurement Match
Bedroom Set Uv Print_variant_price_backup_20260803_121221.xlsx,TFL-CBD-118 LB-2D,কসমস ২-ডোর কাপবোর্ড,17400.0,Cupboard UV (2 Door),18200.0,Variant Name Match
Bedroom Set Uv Print_variant_price_backup_20260803_121221.xlsx,TFL-CBD-118 LB-3D,কসমস ৩-ডোর কাপবোর্ড,23600.0,Cupboard UV (3 Door),24900.0,Variant + Closest Meas
Bedroom Set Uv Print_variant_price_backup_20260803_121221.xlsx,TFL-CBD-118 LB-3D,কসমস ৩-ডোর কাপবোর্ড,26600.0,Cupboard (3 Door),27900.0,Measurement Match
Bedroom Set Uv Print_variant_price_backup_20260803_121221.xlsx,TFL-CBD-119 LB-2D,রৌজা ২-ডোর কাপবোর্ড,17380.0,NO MATCH IN PDF,,
Bedroom Set Uv Print_variant_price_backup_20260803_121221.xlsx,TFL-CBD-119 LB-3D,রৌজা ৩-ডোর কাপবোর্ড,23600.0,NO MATCH IN PDF,,
Bedroom Set Uv Print_variant_price_backup_20260803_121221.xlsx,TFL-CBD-119 LB-3D,রৌজা ৩-ডোর কাপবোর্ড,26600.0,NO MATCH IN PDF,,
Bedroom Set Uv Print_variant_price_backup_20260803_121221.xlsx,TFL-CBD-120 LB-2D,ফ্লোরাল ২-ডোর কাপবোর্ড,17380.0,NO MATCH IN PDF,,
Bedroom Set Uv Print_variant_price_backup_20260803_121221.xlsx,TFL-CBD-120 LB-3D,ফ্লোরাল ৩-ডোর কাপবোর্ড,23600.0,NO MATCH IN PDF,,
Bedroom Set Uv Print_variant_price_backup_20260803_121221.xlsx,TFL-CBD-120 LB-3D,ফ্লোরাল ৩-ডোর কাপবোর্ড,26600.0,NO MATCH IN PDF,,
Bedroom Set Uv Print_variant_price_backup_20260803_121221.xlsx,TFL-COD-117 LB,সূর্যমুখী চেস্ট অফ ড্রয়ার,17500.0,NO MATCH IN PDF,,
Bedroom Set Uv Print_variant_price_backup_20260803_121221.xlsx,TFL-WDR-118 LB,কসমস ওয়ারড্রোব,17500.0,NO MATCH IN PDF,,
Bedroom Set Uv Print_variant_price_backup_20260803_121221.xlsx,TFL-COD-119 LB,রৌজা চেস্ট অফ ড্রয়ার,17500.0,NO MATCH IN PDF,,
Bedroom Set Uv Print_variant_price_backup_20260803_121221.xlsx,TFL-COD-120 LB,ফ্লোরাল চেস্ট অফ ড্রয়ার,17500.0,NO MATCH IN PDF,,
Bedroom Set Uv Print_variant_price_backup_20260803_121221.xlsx,TFL-WDR-117 LB,সূর্যমুখী ওয়ারড্রোব,19800.0,NO MATCH IN PDF,,
Bedroom Set Uv Print_variant_price_backup_20260803_121221.xlsx,TFL-WDR-118 LB,কসমস ওয়ারড্রোব,19800.0,NO MATCH IN PDF,,
Bedroom Set Uv Print_variant_price_backup_20260803_121221.xlsx,TFL-WDR-119 LB,রৌজা ওয়ারড্রোব,19800.0,NO MATCH IN PDF,,
Bedroom Set Uv Print_variant_price_backup_20260803_121221.xlsx,TFL-WDR-120 LB,ফ্লোরাল ওয়ারড্রোব,19800.0,NO MATCH IN PDF,,
Bedroom Set Uv Print_variant_price_backup_20260803_121334.xlsx,TFL-BST-120 LB,ফ্লোরাল বেড সাইড টেবিল,3550.0,Bed side table,3550.0,Measurement Match
Bedroom Set Uv Print_variant_price_backup_20260803_121334.xlsx,TFL-BED-119 LB,রৌজা বেড,16800.0,Bed (Double),16800.0,Measurement Match
Bedroom Set Uv Print_variant_price_backup_20260803_121334.xlsx,TFL-BST-119 LB,রৌজা বেড সাইড টেবিল,5000.0,Bed Side Table,5000.0,Measurement Match
Bedroom Set Uv Print_variant_price_backup_20260803_121334.xlsx,TFL-BED-118 LB,কসমস বেড,16800.0,Bed (Double),16800.0,Measurement Match
Bedroom Set Uv Print_variant_price_backup_20260803_121334.xlsx,TFL-BST-118 LB,কসমস বেড সাইড টেবিল,5000.0,Bed Side Table,5000.0,Measurement Match
Bedroom Set Uv Print_variant_price_backup_20260803_121334.xlsx,TFL-BED-117 LB,সূর্যমুখী বেড,16800.0,Bed (Double),16800.0,Measurement Match
Bedroom Set Uv Print_variant_price_backup_20260803_121334.xlsx,TFL-BST-117 LB,সূর্যমুখী বেড সাইড টেবিল,5000.0,Bed Side Table,5000.0,Measurement Match
Bedroom Set Uv Print_variant_price_backup_20260803_121334.xlsx,TFL-DST-117 LB,সূর্যমুখী ড্রেসিং টেবিল,13500.0,Dressing Table,13500.0,Measurement Match
Bedroom Set Uv Print_variant_price_backup_20260803_121334.xlsx,TFL-DST-118 LB,কসমস ড্রেসিং টেবিল,14000.0,Dressing Table,14000.0,Variant Name Match
Bedroom Set Uv Print_variant_price_backup_20260803_121334.xlsx,TFL-DST-119 LB,রৌজা ড্রেসিং টেবিল,13000.0,NO MATCH IN PDF,,
Bedroom Set Uv Print_variant_price_backup_20260803_121334.xlsx,TFL-DST-120 LB,ফ্লোরাল ড্রেসিং টেবিল,13500.0,NO MATCH IN PDF,,
Bedroom Set Uv Print_variant_price_backup_20260803_121334.xlsx,TFL-CBD-117 LB-2D,সূর্যমুখী ২-ডোর কাপবোর্ড,18200.0,Cupboard UV (2-Door),18200.0,Variant Name Match
Bedroom Set Uv Print_variant_price_backup_20260803_121334.xlsx,TFL-CBD-117 LB-3D,সূর্যমুখী ৩-ডোর কাপবোর্ড,24900.0,Cupboard UV (3 Door),24900.0,Measurement Match
Bedroom Set Uv Print_variant_price_backup_20260803_121334.xlsx,TFL-CBD-117 LB-3D,সূর্যমুখী ৩-ডোর কাপবোর্ড,27900.0,Cupboard UV (3 Door),27900.0,Measurement Match
Bedroom Set Uv Print_variant_price_backup_20260803_121334.xlsx,TFL-CBD-118 LB-2D,কসমস ২-ডোর কাপবোর্ড,18200.0,Cupboard UV (2 Door),18200.0,Variant Name Match
Bedroom Set Uv Print_variant_price_backup_20260803_121334.xlsx,TFL-CBD-118 LB-3D,কসমস ৩-ডোর কাপবোর্ড,24900.0,Cupboard UV (3 Door),24900.0,Variant + Closest Meas
Bedroom Set Uv Print_variant_price_backup_20260803_121334.xlsx,TFL-CBD-118 LB-3D,কসমস ৩-ডোর কাপবোর্ড,27900.0,Cupboard (3 Door),27900.0,Measurement Match
Bedroom Set Uv Print_variant_price_backup_20260803_121334.xlsx,TFL-CBD-119 LB-2D,রৌজা ২-ডোর কাপবোর্ড,17380.0,NO MATCH IN PDF,,
Bedroom Set Uv Print_variant_price_backup_20260803_121334.xlsx,TFL-CBD-119 LB-3D,রৌজা ৩-ডোর কাপবোর্ড,23600.0,NO MATCH IN PDF,,
Bedroom Set Uv Print_variant_price_backup_20260803_121334.xlsx,TFL-CBD-119 LB-3D,রৌজা ৩-ডোর কাপবোর্ড,26600.0,NO MATCH IN PDF,,
Bedroom Set Uv Print_variant_price_backup_20260803_121334.xlsx,TFL-CBD-120 LB-2D,ফ্লোরাল ২-ডোর কাপবোর্ড,17380.0,NO MATCH IN PDF,,
Bedroom Set Uv Print_variant_price_backup_20260803_121334.xlsx,TFL-CBD-120 LB-3D,ফ্লোরাল ৩-ডোর কাপবোর্ড,23600.0,NO MATCH IN PDF,,
Bedroom Set Uv Print_variant_price_backup_20260803_121334.xlsx,TFL-CBD-120 LB-3D,ফ্লোরাল ৩-ডোর কাপবোর্ড,26600.0,NO MATCH IN PDF,,
Bedroom Set Uv Print_variant_price_backup_20260803_121334.xlsx,TFL-COD-117 LB,সূর্যমুখী চেস্ট অফ ড্রয়ার,17500.0,NO MATCH IN PDF,,
Bedroom Set Uv Print_variant_price_backup_20260803_121334.xlsx,TFL-WDR-118 LB,কসমস ওয়ারড্রোব,17500.0,NO MATCH IN PDF,,
Bedroom Set Uv Print_variant_price_backup_20260803_121334.xlsx,TFL-COD-119 LB,রৌজা চেস্ট অফ ড্রয়ার,17500.0,NO MATCH IN PDF,,
Bedroom Set Uv Print_variant_price_backup_20260803_121334.xlsx,TFL-COD-120 LB,ফ্লোরাল চেস্ট অফ ড্রয়ার,17500.0,NO MATCH IN PDF,,
Bedroom Set Uv Print_variant_price_backup_20260803_121334.xlsx,TFL-WDR-117 LB,সূর্যমুখী ওয়ারড্রোব,19800.0,NO MATCH IN PDF,,
Bedroom Set Uv Print_variant_price_backup_20260803_121334.xlsx,TFL-WDR-118 LB,কসমস ওয়ারড্রোব,19800.0,NO MATCH IN PDF,,
Bedroom Set Uv Print_variant_price_backup_20260803_121334.xlsx,TFL-WDR-119 LB,রৌজা ওয়ারড্রোব,19800.0,NO MATCH IN PDF,,
Bedroom Set Uv Print_variant_price_backup_20260803_121334.xlsx,TFL-WDR-120 LB,ফ্লোরাল ওয়ারড্রোব,19800.0,NO MATCH IN PDF,,
home funiture_variant_price_backup_20260803_121334.xlsx,TFL-BED-201 LB,King Bed ,18500.0,Bed (King),18500.0,Measurement Match
home funiture_variant_price_backup_20260803_121334.xlsx,TFL-BST-201 LB,Bed Side Table,4800.0,Bed Side Table,4800.0,Measurement Match
home funiture_variant_price_backup_20260803_121334.xlsx,TFL-BED-202 LB,Double Bed,13000.0,Bed (Double),13000.0,Measurement Match
home funiture_variant_price_backup_20260803_121334.xlsx,TFL-BED-202 LB,King Bed ,17800.0,Bed (King),17800.0,Measurement Match
home funiture_variant_price_backup_20260803_121334.xlsx,TFL-BST-202 LB,Bed Side Table,2900.0,Bed Side Table,2900.0,Measurement Match
home funiture_variant_price_backup_20260803_121334.xlsx,TFL-BED-203 LB,Double Bed,14980.0,Bed (Double),14980.0,Measurement Match
home funiture_variant_price_backup_20260803_121334.xlsx,TFL-BED-203 LB,King Bed ,18500.0,Bed (King),18500.0,Measurement Match
home funiture_variant_price_backup_20260803_121334.xlsx,TFL-BST-203 LB,Bed Side Table,4400.0,Bed Side Table,4400.0,Measurement Match
home funiture_variant_price_backup_20260803_121334.xlsx,TFL-BED-204 LB,Double Bed,16500.0,Bed (Double),16500.0,Measurement Match
home funiture_variant_price_backup_20260803_121334.xlsx,TFL-BED-204 LB,King Bed ,19100.0,Bed (King),19100.0,Variant Name Match
home funiture_variant_price_backup_20260803_121334.xlsx,TFL-BST-204 LB,Bed Side Table,4200.0,Bed Side Table,4200.0,Measurement Match
home funiture_variant_price_backup_20260803_121334.xlsx,TFL-BED-205 LB,Double Bed,16300.0,Bed (Double),16300.0,Measurement Match
home funiture_variant_price_backup_20260803_121334.xlsx,TFL-BED-205 LB,King Bed ,18500.0,Bed (King),18500.0,Measurement Match
home funiture_variant_price_backup_20260803_121334.xlsx,TFL-BST-205 LB,Bed Side Table,3000.0,Bed Side Table,3000.0,Measurement Match
home funiture_variant_price_backup_20260803_121334.xlsx,TFL-BED-206 LB,Double Bed,16500.0,Bed (Double),16500.0,Measurement Match
home funiture_variant_price_backup_20260803_121334.xlsx,TFL-BED-206 LB,King Bed ,18900.0,Bed (King),18900.0,Measurement Match
home funiture_variant_price_backup_20260803_121334.xlsx,TFL-BED-109 LB,Double Bed,14500.0,Bed (Double),14500.0,Variant Name Match
home funiture_variant_price_backup_20260803_121334.xlsx,TFL-BED-109 LB,King Bed,16050.0,Bed (King),16050.0,Variant Name Match
home funiture_variant_price_backup_20260803_121334.xlsx,TFL-BST-109 LB,Bed Side Table,3900.0,Bed Side Table,3900.0,Measurement Match
home funiture_variant_price_backup_20260803_121334.xlsx,TFL-BED-110 LB,Double Bed,19300.0,Bed (Double),19300.0,Measurement Match
home funiture_variant_price_backup_20260803_121334.xlsx,TFL-BST-110 LB,Bed Side Table,3990.0,Bed Side Table,3990.0,Measurement Match
home funiture_variant_price_backup_20260803_121334.xlsx,TFL-BED-111 LB,Double Bed,15900.0,Bed (Double),15900.0,Measurement Match
home funiture_variant_price_backup_20260803_121334.xlsx,TFL-BST-111 LB,Bed Side Table,4990.0,Bed Side Table,4990.0,Measurement Match
home funiture_variant_price_backup_20260803_121334.xlsx,TFL-BED-112 LB,Double Bed,14500.0,Bed (Double),14500.0,Measurement Match
home funiture_variant_price_backup_20260803_121334.xlsx,TFL-BST-112 LB,Bed Side Table,5250.0,Bed Side Table,5250.0,Measurement Match
home funiture_variant_price_backup_20260803_121334.xlsx,TFL-BED-113 LB,Double Bed,15500.0,Bed (Double),15500.0,Measurement Match
home funiture_variant_price_backup_20260803_121334.xlsx,TFL-BST-113 LB,Bed Side Table,5500.0,Bed Side Table,5500.0,Measurement Match
home funiture_variant_price_backup_20260803_121334.xlsx,TFL-BED-114 LB,Double Bed,15500.0,Bed (Double),15500.0,Variant Name Match
home funiture_variant_price_backup_20260803_121334.xlsx,TFL-BST-114 LB,Bed side table,5590.0,Bed side table,5590.0,Measurement Match
home funiture_variant_price_backup_20260803_121334.xlsx,TFL-BED-120 LB,Double Bed,15900.0,Bed (Double),16800.0,Measurement Match
home funiture_variant_price_backup_20260803_121334.xlsx,TFL-BST-120 LB,Bed side table,3400.0,Bed side table,3550.0,Measurement Match
home funiture_variant_price_backup_20260803_121334.xlsx,TFL-BED-119 LB,Double Bed,15900.0,Bed (Double),16800.0,Measurement Match
home funiture_variant_price_backup_20260803_121334.xlsx,TFL-BST-119 LB,Bed Side Table,4800.0,Bed Side Table,5000.0,Measurement Match
home funiture_variant_price_backup_20260803_121334.xlsx,TFL-BED-118 LB,Double Bed,15900.0,Bed (Double),16800.0,Measurement Match
home funiture_variant_price_backup_20260803_121334.xlsx,TFL-BST-118 LB,Bed Side Table,4800.0,Bed Side Table,5000.0,Measurement Match
home funiture_variant_price_backup_20260803_121334.xlsx,TFL-BED-117 LB,Double Bed,15900.0,Bed (Double),16800.0,Measurement Match
home funiture_variant_price_backup_20260803_121334.xlsx,TFL-BST-117 LB,Bed Side Table,4800.0,Bed Side Table,5000.0,Measurement Match
home funiture_variant_price_backup_20260803_121334.xlsx,TFL-BED-116 MT,Double Bed,22000.0,Bed (Double),22000.0,Measurement Match
home funiture_variant_price_backup_20260803_121334.xlsx,TFL-BST-116 MS,Bed Side Table,5900.0,Bed Side Table,5900.0,Measurement Match
home funiture_variant_price_backup_20260803_121334.xlsx,TFL-BED-401 WD,Double Bed,28500.0,Bed (Double),28500.0,Measurement Match
home funiture_variant_price_backup_20260803_121334.xlsx,TFL-BED-401 WD,Queen Bed,30500.0,Bed (Queen),30500.0,Measurement Match
home funiture_variant_price_backup_20260803_121334.xlsx,TFL-BED-401 WD,King Bed,32500.0,Bed (King),32500.0,Measurement Match
home funiture_variant_price_backup_20260803_121334.xlsx,TFL-BED-402 WD,Bed (Double),26500.0,Bed (Double),26500.0,Measurement Match
home funiture_variant_price_backup_20260803_121334.xlsx,TFL-BED-402 WD,Bed (Queen),28500.0,Bed (Queen),28500.0,Measurement Match
home funiture_variant_price_backup_20260803_121334.xlsx,TFL-BED-402 WD,Bed (King),30500.0,Bed (King),30500.0,Measurement Match
home funiture_variant_price_backup_20260803_121334.xlsx,TFL-BST-402 WD,Bed,9900.0,Bed,9900.0,Measurement Match
home funiture_variant_price_backup_20260803_121334.xlsx,TFL-BED-403 WD,Bed (Double),28000.0,Bed (Double),28000.0,Measurement Match
home funiture_variant_price_backup_20260803_121334.xlsx,TFL-BED-403 WD,Bed (Queen),30000.0,Bed (Queen),30000.0,Measurement Match
home funiture_variant_price_backup_20260803_121334.xlsx,TFL-BED-403 WD,Bed (King),32000.0,Bed (King),32000.0,Measurement Match
home funiture_variant_price_backup_20260803_121334.xlsx,TFL-BED-404 WD,Bed (Double),26000.0,Bed (Double),26000.0,Measurement Match
home funiture_variant_price_backup_20260803_121334.xlsx,TFL-BED-404 WD,Bed (Queen),27500.0,Bed (Queen),27500.0,Measurement Match
home funiture_variant_price_backup_20260803_121334.xlsx,TFL-BED-404 WD,Bed (King),29500.0,Bed (King),29500.0,Measurement Match
home funiture_variant_price_backup_20260803_121334.xlsx,TFL-BED-405 WD,Bed (Double),27500.0,Bed (Double),27500.0,Measurement Match
home funiture_variant_price_backup_20260803_121334.xlsx,TFL-BED-405 WD,Bed (Queen),29500.0,Bed (Queen),29500.0,Measurement Match
home funiture_variant_price_backup_20260803_121334.xlsx,TFL-BED-405 WD,Bed (King),31500.0,Bed (King),31500.0,Measurement Match
home funiture_variant_price_backup_20260803_121334.xlsx,TFL-BST-405 WD,Bed Side Table,10000.0,Bed Side Table,10000.0,Measurement Match
home funiture_variant_price_backup_20260803_121334.xlsx,TFL-BED-407 WD,Bed (Double),30500.0,Bed (Double),30500.0,Measurement Match
home funiture_variant_price_backup_20260803_121334.xlsx,TFL-BED-407 WD,Bed (Queen),32500.0,Bed (Queen),32500.0,Measurement Match
home funiture_variant_price_backup_20260803_121334.xlsx,TFL-BED-407 WD,Bed (King),34500.0,Bed (King),34500.0,Measurement Match
home funiture_variant_price_backup_20260803_121334.xlsx,TFL-BST-407 WD,Bed Side Table,10000.0,Bed Side Table,10000.0,Measurement Match
home funiture_variant_price_backup_20260803_121334.xlsx,TFL-BED-104 WD,Bed (Double),33800.0,Bed (Double),33800.0,Variant Name Match
home funiture_variant_price_backup_20260803_121334.xlsx,TFL-BED-104 WD,Bed (Queen),36500.0,Bed (Queen),36500.0,Measurement Match
home funiture_variant_price_backup_20260803_121334.xlsx,TFL-BED-104 WD,Bed (King),38500.0,Bed (King),38500.0,Measurement Match
home funiture_variant_price_backup_20260803_121334.xlsx,TFL-BST-104 WD,Bed Side Table,12000.0,Bed Side Table,12000.0,Measurement Match
home funiture_variant_price_backup_20260803_121334.xlsx,TFL-BED-102 WD,Bed (Double),40500.0,Bed (Double),40500.0,Measurement Match
home funiture_variant_price_backup_20260803_121334.xlsx,TFL-BED-102 WD,Bed (Queen),42200.0,Bed (Queen),42200.0,Measurement Match
home funiture_variant_price_backup_20260803_121334.xlsx,TFL-BED-102 WD,Bed (King),43500.0,Bed (King),43500.0,Measurement Match
home funiture_variant_price_backup_20260803_121334.xlsx,TFL-BST-102 WD,Bed Side Table,13000.0,Bed Side Table,13000.0,Measurement Match
home funiture_variant_price_backup_20260803_121334.xlsx,TFL-BED-103 WD,Bed (Double),38200.0,Bed (Double),38200.0,Measurement Match
home funiture_variant_price_backup_20260803_121334.xlsx,TFL-BED-103 WD,Bed (Queen),40800.0,Bed (Queen),40800.0,Measurement Match
home funiture_variant_price_backup_20260803_121334.xlsx,TFL-BED-103 WD,Bed (King),43500.0,Bed (King),43500.0,Measurement Match
home funiture_variant_price_backup_20260803_121334.xlsx,TFL-BST-103 WD,Bed Side Table,12500.0,Bed Side Table,12500.0,Measurement Match
home funiture_variant_price_backup_20260803_121334.xlsx,TFL-BED-106 WD,Bed (Double),46500.0,Bed (Double),46500.0,Measurement Match
home funiture_variant_price_backup_20260803_121334.xlsx,TFL-BED-106 WD,Bed (Queen),48500.0,Bed (Queen),48500.0,Measurement Match
home funiture_variant_price_backup_20260803_121334.xlsx,TFL-BED-106 WD,Bed (King),50500.0,Bed (King),50500.0,Measurement Match
home funiture_variant_price_backup_20260803_121334.xlsx,TFL-BST-106 WD,Bed Side Table,14990.0,Bed Side Table,14990.0,Measurement Match
home funiture_variant_price_backup_20260803_121334.xlsx,TFL-BED-105 WD,Bed (Double),48500.0,Bed (Double),48500.0,Measurement Match
home funiture_variant_price_backup_20260803_121334.xlsx,TFL-BED-105 WD,Bed (Queen),50500.0,Bed (Queen),50500.0,Measurement Match
home funiture_variant_price_backup_20260803_121334.xlsx,TFL-BED-105 WD,Bed (King),52800.0,Bed (King),52800.0,Measurement Match
home funiture_variant_price_backup_20260803_121334.xlsx,TFL-BST-105 WD,Bed Side Table,16000.0,Bed Side Table,16000.0,Measurement Match
home funiture_variant_price_backup_20260803_121334.xlsx,TFL-BED-101 WD,Bed (Double),42200.0,Bed (Double),42200.0,Measurement Match
home funiture_variant_price_backup_20260803_121334.xlsx,TFL-BED-101 WD,Bed (Queen),44200.0,Bed (Queen),44200.0,Measurement Match
home funiture_variant_price_backup_20260803_121334.xlsx,TFL-BED-101 WD,Bed (King),46100.0,Bed (King),46100.0,Measurement Match
home funiture_variant_price_backup_20260803_121334.xlsx,TFL-BST-101 WD,Bed Side Table,15990.0,Bed Side Table,15990.0,Measurement Match
home funiture_variant_price_backup_20260803_121334.xlsx,TFL-BED-107 WD,Bed (Double),52000.0,Bed (Double),52000.0,Measurement Match
home funiture_variant_price_backup_20260803_121334.xlsx,TFL-BED-107 WD,Bed (Queen),54500.0,Bed (Queen),54500.0,Measurement Match
home funiture_variant_price_backup_20260803_121334.xlsx,TFL-BED-107 WD,Bed (King),57000.0,Bed (King),57000.0,Measurement Match
home funiture_variant_price_backup_20260803_121334.xlsx,TFL-BST-107 WD,Bed Side Table,16000.0,Bed Side Table,16000.0,Measurement Match
home funiture_variant_price_backup_20260803_121334.xlsx,TFL-BED-108 WD,Bed (Double),54200.0,Bed (Double),54200.0,Measurement Match
home funiture_variant_price_backup_20260803_121334.xlsx,TFL-BED-108 WD,Bed (Queen),58000.0,Bed (Queen),58000.0,Measurement Match
home funiture_variant_price_backup_20260803_121334.xlsx,TFL-BED-108 WD,Bed (King),61500.0,Bed (King),61500.0,Measurement Match
home funiture_variant_price_backup_20260803_121334.xlsx,TFL-BST-108 WD,Bed Side Table,16700.0,Bed Side Table,16700.0,Measurement Match
home funiture_variant_price_backup_20260803_121334.xlsx,TFL-DST-204 LB,Dressing Table,13500.0,Dressing Table,10990.0,Measurement Match
home funiture_variant_price_backup_20260803_121334.xlsx,TFL-DST-205 LB,Dressing Table,10990.0,Dressing Table,13500.0,Measurement Match
home funiture_variant_price_backup_20260803_121334.xlsx,TFL-DST-203 LB,Dressing Table,12990.0,Dressing Table,12990.0,Measurement Match
home funiture_variant_price_backup_20260803_121334.xlsx,TFL-DST-202 LB,Dressing Table,13500.0,Dressing Table,13500.0,Measurement Match
home funiture_variant_price_backup_20260803_121334.xlsx,TFL-DST-201 LB,Dressing Table,9980.0,Dressing Table,9980.0,Measurement Match
home funiture_variant_price_backup_20260803_121334.xlsx,TFL-DST-206 LB,Dressing Table,12700.0,Dressing Table,12700.0,Measurement Match
home funiture_variant_price_backup_20260803_121334.xlsx,TFL-DST-110 LB,Dressing Table,11990.0,Dressing Table,11990.0,Measurement Match
home funiture_variant_price_backup_20260803_121334.xlsx,TFL-DST-104 WD,Dressing Table,29500.0,Dressing Table,29500.0,Measurement Match
home funiture_variant_price_backup_20260803_121334.xlsx,TFL-DST-102 WD,Dressing Table,29500.0,Dressing Table,29500.0,Measurement Match
home funiture_variant_price_backup_20260803_121334.xlsx,TFL-DST-402 WD,Dressing Table,25500.0,Dressing Table,22000.0,Measurement Match
home funiture_variant_price_backup_20260803_121334.xlsx,TFL-DST-405 WD,Dressing Table,25500.0,Dressing Table,23200.0,Measurement Match
home funiture_variant_price_backup_20260803_121334.xlsx,TFL-DST-407 WD,Dressing Table,22500.0,Dressing Table,22500.0,Measurement Match
home funiture_variant_price_backup_20260803_121334.xlsx,TFL-DST-103 WD,Dressing Table,27000.0,Dressing Table,27000.0,Measurement Match
home funiture_variant_price_backup_20260803_121334.xlsx,TFL-DST-106 WD,Dressing Table,35000.0,Dressing Table,35000.0,Measurement Match
home funiture_variant_price_backup_20260803_121334.xlsx,TFL-DST-105 WD,Dressing Table,31000.0,Dressing Table,31000.0,Measurement Match
home funiture_variant_price_backup_20260803_121334.xlsx,TFL-DST-101 WD,Dressing Table,28800.0,Dressing Table,28800.0,Measurement Match
home funiture_variant_price_backup_20260803_121334.xlsx,TFL-DST-107 WD,Dressing Table,34000.0,Dressing Table,34000.0,Measurement Match
home funiture_variant_price_backup_20260803_121334.xlsx,TFL-DST-108 WD,Dressing Table,33000.0,Dressing Table,33000.0,Measurement Match
home funiture_variant_price_backup_20260803_121334.xlsx,TFL-DST-109 LB,Dressing Table,10900.0,Dressing Table,10900.0,Measurement Match
home funiture_variant_price_backup_20260803_121334.xlsx,TFL-DST-110 LB,Dressing Table,11990.0,Dressing Table,11990.0,Measurement Match
home funiture_variant_price_backup_20260803_121334.xlsx,TFL-DST-111 LB,Dressing Table,10990.0,Dressing Table,9990.0,Measurement Match
home funiture_variant_price_backup_20260803_121334.xlsx,TFL-DST-112 LB,Dressing Table,11990.0,Dressing Table,11990.0,Measurement Match
home funiture_variant_price_backup_20260803_121334.xlsx,TFL-DST-113 LB,Dressing Table,12990.0,Dressing Table,12990.0,Measurement Match
home funiture_variant_price_backup_20260803_121334.xlsx,TFL-DST-114 LB,Dressing Table,11500.0,Dressing Table,11500.0,Measurement Match
home funiture_variant_price_backup_20260803_121334.xlsx,TFL-DST-115 LB,Dressing Table,9990.0,Dressing Table,10200.0,Measurement Match
home funiture_variant_price_backup_20260803_121334.xlsx,TFL-DST-116 LB,Dressing Table,14990.0,Dressing Table,15500.0,Measurement Match
home funiture_variant_price_backup_20260803_121334.xlsx,TFL-DST-117 LB,Dressing Table,13000.0,Dressing Table,13500.0,Measurement Match
home funiture_variant_price_backup_20260803_121334.xlsx,TFL-DST-118 LB,Dressing Table,13500.0,Dressing Table,14000.0,Measurement Match
home funiture_variant_price_backup_20260803_121334.xlsx,TFL-DST-119 MT,Dressing Table,14990.0,Dressing Table,14990.0,Measurement Match
home funiture_variant_price_backup_20260803_121334.xlsx,TFL-CBD-201 LB,2-Door Cupboard,9750.0,Cupboard (2 Door),9750.0,Measurement Match
home funiture_variant_price_backup_20260803_121334.xlsx,TFL-CBD-206 LB,2-Door Cupboard,19100.0,Cupboard (2 Door),19100.0,Measurement Match
home funiture_variant_price_backup_20260803_121334.xlsx,TFL-CBD-205 LB,2-Door Cupboard,17100.0,Cupboard (2 Door),17100.0,Variant Name Match
home funiture_variant_price_backup_20260803_121334.xlsx,TFL-CBD-205 LB,3-Door Cupboard,22500.0,Cupboard (3 Door),22500.0,Variant + Closest Meas
home funiture_variant_price_backup_20260803_121334.xlsx,TFL-CBD-205 LB,3-Door Cupboard,24500.0,Cupboard (3 Door),24500.0,Measurement Match
home funiture_variant_price_backup_20260803_121334.xlsx,TFL-CBD-204 LB,2-Door Cupboard,17990.0,Cupboard (2 Door),17990.0,Variant Name Match
home funiture_variant_price_backup_20260803_121334.xlsx,TFL-CBD-204 LB,3-Door Cupboard,23000.0,Cupboard (3 Door),22500.0,Measurement Match
home funiture_variant_price_backup_20260803_121334.xlsx,TFL-CBD-203 LB,2-Door Cupboard,17900.0,Cupboard (2 Door),17900.0,Variant Name Match
home funiture_variant_price_backup_20260803_121334.xlsx,TFL-CBD-203 LB,3-Door Cupboard,23000.0,Cupboard (3 Door),23000.0,Measurement Match
home funiture_variant_price_backup_20260803_121334.xlsx,TFL-CBD-202 LB,3-Door Cupboard,22500.0,Cupboard (3 Door),22500.0,Measurement Match
home funiture_variant_price_backup_20260803_121334.xlsx,TFL-CBD-202 LB,3-Door Cupboard,24500.0,Cupboard (3 Door),24500.0,Measurement Match
home funiture_variant_price_backup_20260803_121334.xlsx,TFL-CBD-202 LB,2-Door Cupboard,18990.0,Cupboard (2 Door),18990.0,Variant Name Match
home funiture_variant_price_backup_20260803_121334.xlsx,TFL-CBD-201 LB,2-Door Cupboard,15900.0,Cupboard (2 Door),15900.0,Variant + Closest Meas
home funiture_variant_price_backup_20260803_121334.xlsx,TFL-CBD-201 LB,3-Door Cupboard,22500.0,Cupboard (3 Door),22500.0,Measurement Match
home funiture_variant_price_backup_20260803_121334.xlsx,TFL-CBD-201 LB,3-Door Cupboard,24500.0,Cupboard (3 Door),24500.0,Variant + Closest Meas
home funiture_variant_price_backup_20260803_121334.xlsx,TFL-CBD-402 WD,2-Door Cupboard,44500.0,Cupboard (2 Door),42990.0,Measurement Match
home funiture_variant_price_backup_20260803_121334.xlsx,TFL-CBD-405 WD,2-Door Cupboard,45500.0,Cupboard (2 Door),43990.0,Measurement Match
home funiture_variant_price_backup_20260803_121334.xlsx,TFL-CBD-407 WD,2-Door Cupboard,44500.0,Cupboard (2 Door),44500.0,Measurement Match
home funiture_variant_price_backup_20260803_121334.xlsx,TFL-CBD-101 WD,2-Door Cupboard,48000.0,Cupboard (2 Door),48000.0,Measurement Match
home funiture_variant_price_backup_20260803_121334.xlsx,TFL-CBD-102 WD,2-Door Cupboard,47000.0,Cupboard (2 Door),47000.0,Measurement Match
home funiture_variant_price_backup_20260803_121334.xlsx,TFL-CBD-103 WD,2-Door Cupboard,49500.0,Cupboard (2 Door),49500.0,Measurement Match
home funiture_variant_price_backup_20260803_121334.xlsx,TFL-CBD-104 WD,2-Door Cupboard,48500.0,Cupboard (2 Door),48500.0,Measurement Match
home funiture_variant_price_backup_20260803_121334.xlsx,TFL-CBD-105 WD,2-Door Cupboard,50500.0,Cupboard (2 Door),50500.0,Measurement Match
home funiture_variant_price_backup_20260803_121334.xlsx,TFL-CBD-106 WD,Cupboard,45000.0,Cupboard (2 Door),45000.0,Measurement Match
home funiture_variant_price_backup_20260803_121334.xlsx,TFL-CBD-107 WD,Cupboard,51000.0,Cupboard (3 Door),51000.0,Measurement Match
home funiture_variant_price_backup_20260803_121334.xlsx,TFL-CBD-108 WD,Cupboard,50500.0,Cupboard (2 Door),50500.0,Measurement Match
home funiture_variant_price_backup_20260803_121334.xlsx,TFL-CBD-109 LB,2-Door Cupboard,16550.0,Cupboard (2-Door),16550.0,Measurement Match
home funiture_variant_price_backup_20260803_121334.xlsx,TFL-CBD-109 LB,3-Door Cupboard,24990.0,Cupboard (3 Door),24990.0,Measurement Match
home funiture_variant_price_backup_20260803_121334.xlsx,TFL-CBD-110 LB,2-Door Cupboard,16610.0,Cupboard (2-Door),16610.0,Variant Name Match
home funiture_variant_price_backup_20260803_121334.xlsx,TFL-CBD-111 LB,2-Door Cupboard,17110.0,Cupboard (2-Door),17110.0,Measurement Match
home funiture_variant_price_backup_20260803_121334.xlsx,TFL-CBD-112 LB,2-Door Cupboard,16550.0,Cupboard (2-Door),16550.0,Variant Name Match
home funiture_variant_price_backup_20260803_121334.xlsx,TFL-CBD-112 LB,3-Door Cupboard,24800.0,Cupboard (3 Door),24800.0,Measurement Match
home funiture_variant_price_backup_20260803_121334.xlsx,TFL-CBD-113 LB,2-Door Cupboard,16800.0,Cupboard (2 Door),16800.0,Measurement Match
home funiture_variant_price_backup_20260803_121334.xlsx,TFL-CBD-113 LB,2-Door Cupboard,24990.0,Cupboard (3 Door),24990.0,Measurement Match
home funiture_variant_price_backup_20260803_121334.xlsx,TFL-CBD-114 LB,2-Door Cupboard,16550.0,Cupboard (2 Door),16550.0,Variant Name Match
home funiture_variant_price_backup_20260803_121334.xlsx,TFL-CBD-207 LB,3-Door Cupboard,24200.0,Cupboard (3 Door),24200.0,Measurement Match
home funiture_variant_price_backup_20260803_121334.xlsx,TFL-CBD-208 LB,2-Door Cupboard,26000.0,Cupboard Cum Dressing Tabl;e (2 Door),26000.0,Measurement Match
home funiture_variant_price_backup_20260803_121334.xlsx,TFL-CBD-208 LB,3-Door Cupboard,32000.0,Cupboard Cum Dressing Tabl;e (3 Door),32000.0,Measurement Match
home funiture_variant_price_backup_20260803_121334.xlsx,TFL-CBD-115 LB,2-Door Cupboard,17400.0,Cupboard UV (2 Door),18200.0,Variant Name Match
home funiture_variant_price_backup_20260803_121334.xlsx,TFL-CBD-115 LB,3-Door Cupboard,23600.0,Cupboard UV (3 Door),24900.0,Measurement Match
home funiture_variant_price_backup_20260803_121334.xlsx,TFL-CBD-115 LB,3-Door Cupboard,26600.0,Cupboard UV (3 Door),27900.0,Measurement Match
home funiture_variant_price_backup_20260803_121334.xlsx,TFL-CBD-116 LB,2-Door Cupboard,17400.0,Cupboard UV (2 Door),18200.0,Variant Name Match
home funiture_variant_price_backup_20260803_121334.xlsx,TFL-CBD-116 LB,3-Door Cupboard,23600.0,Cupboard UV (3 Door),24900.0,Variant + Closest Meas
home funiture_variant_price_backup_20260803_121334.xlsx,TFL-CBD-116 LB,3-Door Cupboard,26600.0,Cupboard UV (3 Door),27900.0,Measurement Match
home funiture_variant_price_backup_20260803_121334.xlsx,TFL-CBD-117 LB,2-Door Cupboard,17380.0,Cupboard UV (2-Door),18200.0,Variant Name Match
home funiture_variant_price_backup_20260803_121334.xlsx,TFL-CBD-117 LB,3-Door Cupboard,23600.0,Cupboard UV (3 Door),24900.0,Variant + Closest Meas
home funiture_variant_price_backup_20260803_121334.xlsx,TFL-CBD-117 LB,3-Door Cupboard,26600.0,Cupboard UV (3 Door),27900.0,Measurement Match
home funiture_variant_price_backup_20260803_121334.xlsx,TFL-CBD-118 LB,2-Door Cupboard,17380.0,Cupboard UV (2 Door),18200.0,Variant Name Match
home funiture_variant_price_backup_20260803_121334.xlsx,TFL-CBD-118 LB,3-Door Cupboard,23600.0,Cupboard UV (3 Door),24900.0,Variant + Closest Meas
home funiture_variant_price_backup_20260803_121334.xlsx,TFL-CBD-118 LB,3-Door Cupboard,26600.0,Cupboard (3 Door),27900.0,Measurement Match
home funiture_variant_price_backup_20260803_121334.xlsx,TFL-CBD-119 MT,2-Door Cupboard,19990.0,Cupboard (2 Door),19990.0,Measurement Match
home funiture_variant_price_backup_20260803_121334.xlsx,TFL-COD-110-LB,Wardrobe,15500.0,Wardrobe,15500.0,Measurement Match
home funiture_variant_price_backup_20260803_121334.xlsx,TFL-WDR-110-LB,Wardrobe,16100.0,Wardrobe,16100.0,Measurement Match
home funiture_variant_price_backup_20260803_121334.xlsx,TFL-COD-111-LB,Wardrobe,15900.0,Chest of Drawer,15900.0,Measurement Match
home funiture_variant_price_backup_20260803_121334.xlsx,TFL-WDR-112-LB,Wardrobe,20400.0,Wardrobe,20400.0,Measurement Match
home funiture_variant_price_backup_20260803_121334.xlsx,TFL-COD-113-LB,Wardrobe,15900.0,Chest of Drawer,15900.0,Measurement Match
home funiture_variant_price_backup_20260803_121334.xlsx,TFL-COD-114-LB,Wardrobe,15990.0,Chest of Drawer,15990.0,Measurement Match
home funiture_variant_price_backup_20260803_121334.xlsx,TFL-COD-115-LB,Chest of Drawer ,17500.0,Chest of Drawer,18200.0,Measurement Match
home funiture_variant_price_backup_20260803_121334.xlsx,TFL-WDR-116-LB,Chest of Drawer ,17500.0,Wardrobe,20500.0,Measurement Match
home funiture_variant_price_backup_20260803_121334.xlsx,TFL-WDR-117-LB,Chest of Drawer ,17500.0,Wardrobe,20500.0,Measurement Match
home funiture_variant_price_backup_20260803_121334.xlsx,TFL-WDR-118-LB,Chest of Drawer ,17500.0,Wardrobe,20500.0,Measurement Match
home funiture_variant_price_backup_20260803_121334.xlsx,TFL-COD-116 MT,Chest of Drawer ,19990.0,Chest of Drawer,19990.0,Measurement Match
home funiture_variant_price_backup_20260803_121334.xlsx,TFL-WDR-115-LB,Wardrobe,19800.0,Wardrobe,20500.0,Measurement Match
home funiture_variant_price_backup_20260803_121334.xlsx,TFL-WDR-116-LB,Wardrobe,19800.0,Wardrobe,20500.0,Measurement Match
home funiture_variant_price_backup_20260803_121334.xlsx,TFL-WDR-117-LB,Wardrobe,19800.0,Wardrobe,20500.0,Measurement Match
home funiture_variant_price_backup_20260803_121334.xlsx,TFL-WDR-118-LB,Wardrobe,19800.0,Wardrobe,20500.0,Measurement Match
home funiture_variant_price_backup_20260803_121334.xlsx,TFL-WDR-402 WD,Wardrobe,42000.0,Wardrobe,42000.0,Measurement Match
home funiture_variant_price_backup_20260803_121334.xlsx,TFL-COD-405 WD,Chest of Drawer,33000.0,Chest of Drawer,32500.0,Measurement Match
home funiture_variant_price_backup_20260803_121334.xlsx,TFL-WDR-407 WD,Wardrobe,43500.0,Wardrobe,43500.0,Measurement Match
home funiture_variant_price_backup_20260803_121334.xlsx,TFL-WDR-106-WD,Wardrobe,47500.0,Wardrobe,47500.0,Measurement Match
home funiture_variant_price_backup_20260803_121334.xlsx,TFL-WDR-107-WD,Wardrobe,50500.0,Wardrobe,50500.0,Measurement Match
home funiture_variant_price_backup_20260803_121334.xlsx,TFL-COD-109-LB,Wardrobe,14200.0,Wardrobe,14200.0,Measurement Match
home funiture_variant_price_backup_20260803_121334.xlsx,TFL-WDR-108-WD,Wardrobe,48500.0,Wardrobe,48500.0,Measurement Match
home funiture_variant_price_backup_20260803_121334.xlsx,TFL-WDR-105 WD,Wardrobe,49500.0,Wardrobe,49500.0,Variant Name Match
home funiture_variant_price_backup_20260803_121334.xlsx,TFL-WDR-101 WD,Wardrobe,48000.0,Wardrobe,48000.0,Variant Name Match
home funiture_variant_price_backup_20260803_121334.xlsx,TFL-WDR-102 WD,Wardrobe,49000.0,Wardrobe,49000.0,Variant Name Match
home funiture_variant_price_backup_20260803_121334.xlsx,TFL-WDR-103 WD,Wardrobe,48000.0,Wardrobe,48000.0,Variant Name Match
home funiture_variant_price_backup_20260803_121334.xlsx,TFL-COD-104 WD,Wardrobe,39000.0,Chest of Drawer,39000.0,Variant Name Match
home funiture_variant_price_backup_20260803_121334.xlsx,TFL-WDR-104 WD,Wardrobe,46000.0,Wardrobe,46000.0,Variant Name Match
home funiture_variant_price_backup_20260803_121334.xlsx,TFL-WDD-204-LB,Wardrobe,19590.0,NO MATCH IN PDF,,
home funiture_variant_price_backup_20260803_121334.xlsx,TFL-COD-205-LB,Wardrobe,13980.0,Chest of Drawer,13980.0,Measurement Match
home funiture_variant_price_backup_20260803_121334.xlsx,TFL-WDD-202-LB,Wardrobe,17500.0,NO MATCH IN PDF,,
home funiture_variant_price_backup_20260803_121334.xlsx,TFL-WDD-201-LB,Wardrobe,16400.0,NO MATCH IN PDF,,
home funiture_variant_price_backup_20260803_121334.xlsx,TFL-COD-203-LB,Wardrobe,13990.0,Chest of Drawer,13990.0,Measurement Match
home funiture_variant_price_backup_20260803_121334.xlsx,TFL-ALN-201 LB,Alna,5700.0,Alna,5700.0,Measurement Match
home funiture_variant_price_backup_20260803_121334.xlsx,TFL-ALN-202 LB,Alna,7400.0,Alna,7400.0,Measurement Match
home funiture_variant_price_backup_20260803_121334.xlsx,TFL-CHD-201 LB,Alna,3550.0,Alna,3550.0,Measurement Match
home funiture_variant_price_backup_20260803_121334.xlsx,TFL-RET-201 LB,Reading Table,5500.0,Reading Table,4750.0,Measurement Match
home funiture_variant_price_backup_20260803_121334.xlsx,TFL-RET-202 LB,Reading Table,8600.0,Reading Table,7400.0,Measurement Match
home funiture_variant_price_backup_20260803_121334.xlsx,TFL-RET-203 LB,Reading Table,8300.0,Reading Table,7800.0,Measurement Match
home funiture_variant_price_backup_20260803_121334.xlsx,TFL-CMT-201 LB,Computer Table,3800.0,Computer Table,3800.0,Measurement Match
home funiture_variant_price_backup_20260803_121334.xlsx,TFL-SRK-201 LB,Shoe Rack,7750.0,Shoe Rack,6800.0,Measurement Match
home funiture_variant_price_backup_20260803_121334.xlsx,TFL-SRK-202 LB,Shoe Rack,7550.0,Shoe Rack,6500.0,Measurement Match
home funiture_variant_price_backup_20260803_121334.xlsx,TFL-SRK-203 LB,Shoe Rack,8400.0,Shoe Rack,7500.0,Measurement Match
home funiture_variant_price_backup_20260803_121334.xlsx,TFL-RKC-106 MT,Rocking Chair,6600.0,Rocking Chair,6600.0,Variant Name Match
home funiture_variant_price_backup_20260803_121334.xlsx,TFL-DVN-201 FF,Divan,32400.0,Divan,32400.0,Measurement Match
home funiture_variant_price_backup_20260803_121334.xlsx,TFL-DVN-202 FF,Divan,34000.0,Divan,34000.0,Measurement Match
home funiture_variant_price_backup_20260803_121334.xlsx,TFL-DVN-203 FR,Divan,30500.0,Divan,30500.0,Measurement Match
home funiture_variant_price_backup_20260803_121334.xlsx,TFL-SOF-101 WD,Sofa,17000.0,Sofa (Single Seater),17000.0,Measurement Match
home funiture_variant_price_backup_20260803_121334.xlsx,TFL-SOF-101 WD,Sofa,27000.0,Sofa (Double Seater),27000.0,Measurement Match
home funiture_variant_price_backup_20260803_121334.xlsx,TFL-SOF-102 WD,Sofa,19500.0,Sofa (Single Seater),19500.0,Measurement Match
home funiture_variant_price_backup_20260803_121334.xlsx,TFL-SOF-102 WD,Sofa,27500.0,Sofa (Double Seater),27500.0,Measurement Match
home funiture_variant_price_backup_20260803_121334.xlsx,TFL-SOF-103 WD,Sofa,19800.0,Sofa (Single Seater),19800.0,Measurement Match
home funiture_variant_price_backup_20260803_121334.xlsx,TFL-SOF-103 WD,Sofa,25500.0,Sofa (Double Seater),25500.0,Measurement Match
home funiture_variant_price_backup_20260803_121334.xlsx,TFL-SOF-104 WD,Sofa,21490.0,Sofa (Single Seater),21490.0,Measurement Match
home funiture_variant_price_backup_20260803_121334.xlsx,TFL-SOF-104 WD,Sofa,29200.0,Sofa (Double Seater),29200.0,Measurement Match
home funiture_variant_price_backup_20260803_121334.xlsx,TFL-SOF-105 WD,Sofa,15000.0,Sofa (Single Seater),15000.0,Measurement Match
home funiture_variant_price_backup_20260803_121334.xlsx,TFL-SOF-105 WD,Sofa,26000.0,Sofa (Double Seater),26000.0,Measurement Match
home funiture_variant_price_backup_20260803_121334.xlsx,TFL-SOF-105 WD,Sofa,34500.0,Sofa (Triple Seater),34500.0,Measurement Match
home funiture_variant_price_backup_20260803_121334.xlsx,TFL-SOF-106 WD,Sofa,14980.0,Sofa (Single Seater),14980.0,Measurement Match
home funiture_variant_price_backup_20260803_121334.xlsx,TFL-SOF-106 WD,Sofa,22000.0,Sofa (Double Seater),22000.0,Measurement Match
home funiture_variant_price_backup_20260803_121334.xlsx,TFL-SOF-107 WD,Sofa,20500.0,Sofa (Single Seater),20500.0,Measurement Match
home funiture_variant_price_backup_20260803_121334.xlsx,TFL-SOF-107 WD,Sofa,28500.0,Sofa (Double Seater),28500.0,Measurement Match
home funiture_variant_price_backup_20260803_121334.xlsx,TFL-SOF-108 WD,Sofa,20800.0,Sofa (Single Seater),20800.0,Measurement Match
home funiture_variant_price_backup_20260803_121334.xlsx,TFL-SOF-108-D- WD,Sofa,28000.0,Sofa (Double Seater),28000.0,Measurement Match
home funiture_variant_price_backup_20260803_121334.xlsx,TFL-SOF-123-FR,Sofa,49000.0,Sofa (1 Seater),49000.0,Variant Name Match
home funiture_variant_price_backup_20260803_121334.xlsx,TFL-SOF-102-FR,Sofa,56000.0,Sofa (2 Seater),56000.0,Variant + Closest Meas
home funiture_variant_price_backup_20260803_121334.xlsx,TFL-SOF-102-FR,Sofa,59000.0,Sofa (2 Seater),56000.0,Variant + Closest Meas
home funiture_variant_price_backup_20260803_121334.xlsx,TFL-CRT-101 WD,Center Table,9990.0,Center Table,9990.0,Measurement Match
home funiture_variant_price_backup_20260803_121334.xlsx,TFL-CRT-102 WD,Center Table,10980.0,Center Table,10980.0,Measurement Match
home funiture_variant_price_backup_20260803_121334.xlsx,TFL-CRT-103 WD,Center Table,7980.0,Center Table,7980.0,Measurement Match
home funiture_variant_price_backup_20260803_121334.xlsx,TFL-CRT-104 WD,Center Table,14990.0,Center Table,14990.0,Measurement Match
home funiture_variant_price_backup_20260803_121334.xlsx,TFL-CRT-106 WD,Center Table,14980.0,Center Table,14980.0,Measurement Match
home funiture_variant_price_backup_20260803_121334.xlsx,TFL-CRT-107 WD,Center Table,9890.0,Center Table,9890.0,Measurement Match
home funiture_variant_price_backup_20260803_121334.xlsx,TFL-CRT-108 WD,Center Table,12000.0,Center Table,12000.0,Measurement Match
home funiture_variant_price_backup_20260803_121334.xlsx,TFL-STD-106 WD,Center Table,8880.0,Center Table,8880.0,Measurement Match
home funiture_variant_price_backup_20260803_121334.xlsx,TFL-STD-107 WD,Sidetable,6500.0,Side Table,6500.0,Measurement Match
home funiture_variant_price_backup_20260803_121334.xlsx,TFL-STD-108 WD,Sidetable,7980.0,Side Table,7980.0,Measurement Match
home funiture_variant_price_backup_20260803_121334.xlsx,TFL-STD-101 WD,Sidetable,7980.0,Side Table,7980.0,Measurement Match
home funiture_variant_price_backup_20260803_121334.xlsx,TFL-STD-102 WD,Sidetable,7990.0,Side Table,7990.0,Measurement Match
home funiture_variant_price_backup_20260803_121334.xlsx,TFL-STD-103 WD,Sidetable,4990.0,Side Table,4990.0,Measurement Match
home funiture_variant_price_backup_20260803_121334.xlsx,TFL-OSD-201 LB,Oven Shelf,6300.0,Oven Shelf,6300.0,Measurement Match
home funiture_variant_price_backup_20260803_121334.xlsx,TFL-DNT-201 MT,Dining Talbe,12990.0,Dining Talbe,12990.0,Measurement Match
home funiture_variant_price_backup_20260803_121334.xlsx,TFL-DNC-201 MT,Dining Chair,2495.0,Dining Chair,2495.0,Measurement Match
home funiture_variant_price_backup_20260803_121334.xlsx,TFL-DNT-202 MT,Dining Talbe,13200.0,Dining Talbe,13200.0,Measurement Match
home funiture_variant_price_backup_20260803_121334.xlsx,TFL-DNC-202 MT,Dining Chair,3200.0,Dining Chair,3200.0,Measurement Match
home funiture_variant_price_backup_20260803_121334.xlsx,TFL-DNT-114,Dining Table,29980.0,NO MATCH IN PDF,,
home funiture_variant_price_backup_20260803_121334.xlsx,TFL-DNT-108 WD,Dining Table,35990.0,Dining Table,35990.0,Variant Name Match
home funiture_variant_price_backup_20260803_121334.xlsx,TFL-DNT-102,Dining Table,21500.0,Dining Table,21500.0,Variant Name Match
home funiture_variant_price_backup_20260803_121334.xlsx,TFL-DNT-101 WD,Dining Table,48000.0,Dining Table,48000.0,Variant Name Match
home funiture_variant_price_backup_20260803_121334.xlsx,TFL-DNT-103 WD,Dining Table,30800.0,Dining Table,30800.0,Measurement Match
home funiture_variant_price_backup_20260803_121334.xlsx,TFL-DNT-104 WD,Dining Table,29980.0,Dining Table,29980.0,Measurement Match
home funiture_variant_price_backup_20260803_121334.xlsx,TFL-DNT-105 WD,Dining Table,79000.0,Dining Table,79000.0,Measurement Match
home funiture_variant_price_backup_20260803_121334.xlsx,TFL-DNT-112 WD,Dining Table,33200.0,Dining Table,33200.0,Measurement Match
home funiture_variant_price_backup_20260803_121334.xlsx,TFL-DNC-101 WD,Dining Chair,8200.0,Dining Chair,8200.0,Measurement Match
home funiture_variant_price_backup_20260803_121334.xlsx,TFL-DNC-102 WD,Dining Chair,7500.0,Dining Chair,7500.0,Measurement Match
home funiture_variant_price_backup_20260803_121334.xlsx,TFL-DNC-103 WD,Dining Chair,7000.0,Dining Chair,7000.0,Measurement Match
home funiture_variant_price_backup_20260803_121334.xlsx,TFL-DNC-104 WD,Dining Chair,14980.0,Dining Chair,14980.0,Measurement Match
home funiture_variant_price_backup_20260803_121334.xlsx,TFL-DNC-105 WD,Dining Chair,13990.0,Dining Chair,13990.0,Variant Name Match
home funiture_variant_price_backup_20260803_121334.xlsx,TFL-DNC-108 WD,Dining Chair,7050.0,Dining Chair,7050.0,Measurement Match
home funiture_variant_price_backup_20260803_121334.xlsx,TFL-DNC-112 WD,Dining Chair,8500.0,Dining Chair,8500.0,Measurement Match
home funiture_variant_price_backup_20260803_121334.xlsx,TFL-DNC-114 WD,Dining Chair,8500.0,Dining Chair,8500.0,Measurement Match
home funiture_variant_price_backup_20260803_121334.xlsx,TFL-DSB-101 WD,Sideboard,49000.0,Sideboard,49000.0,Measurement Match
home funiture_variant_price_backup_20260803_121334.xlsx,TFL-DSB-102 WD,Sideboard,48000.0,Sideboard,48000.0,Measurement Match
home funiture_variant_price_backup_20260803_121334.xlsx,TFL-DSB-103 WD,Sideboard,35990.0,Sideboard,35990.0,Measurement Match
home funiture_variant_price_backup_20260803_121334.xlsx,TFL-DSB-104 WD,Sideboard,29000.0,Sideboard,29000.0,Measurement Match
home funiture_variant_price_backup_20260803_121334.xlsx,TFL-DSB-105 WD,Sideboard,33000.0,Sideboard,33000.0,Measurement Match
home funiture_variant_price_backup_20260803_121334.xlsx,TFL-DSC-201 LB,Showcase,25550.0,Showcase,25550.0,Measurement Match
home funiture_variant_price_backup_20260803_121334.xlsx,TFL-DSC-202 LB,Showcase,28000.0,Showcase,28000.0,Measurement Match
home funiture_variant_price_backup_20260803_121334.xlsx,TFL-DNW-102 WD,Showcase,72000.0,Showcase,72000.0,Variant + Closest Meas
home funiture_variant_price_backup_20260803_121334.xlsx,TFL-DNW-102 WD,Showcase,64980.0,Showcase,72000.0,Variant + Closest Meas
home funiture_variant_price_backup_20260803_121334.xlsx,TFL-DNW-103 WD,Showcase,70000.0,Showcase,70000.0,Measurement Match
home funiture_variant_price_backup_20260803_121334.xlsx,TFL-DNW-104 WD,Showcase,49000.0,Showcase,49000.0,Measurement Match
home funiture_variant_price_backup_20260803_121334.xlsx,TFL-DNW-105 WD,Showcase,59000.0,Showcase,59000.0,Measurement Match
home funiture_variant_price_backup_20260803_121334.xlsx,TFL-DNW-110 WD,Dinner Wagon,65000.0,Dinner Wagon,65000.0,Measurement Match
home funiture_variant_price_backup_20260803_121334.xlsx,TFL-TVC-101 WD,TV Cabinet,27000.0,TV Cabinet,27000.0,Measurement Match
home funiture_variant_price_backup_20260803_121334.xlsx,TFL-TVC-103 WD,TV Cabinet,29500.0,TV Cabinet,29500.0,Measurement Match
home funiture_variant_price_backup_20260803_121334.xlsx,TFL-TVC-104 WD,TV Cabinet,25000.0,TV Cabinet,25000.0,Measurement Match
home funiture_variant_price_backup_20260803_121334.xlsx,TFL-TVC-102 WD,TV Cabinet,27500.0,TV Cabinet,27500.0,Measurement Match
home funiture_variant_price_backup_20260803_121334.xlsx,TFL-TVC-106 WD,TV Cabinet,20000.0,TV Cabinet,20000.0,Measurement Match
home funiture_variant_price_backup_20260803_121334.xlsx,TFL-TVC-107 WD,TV Cabinet,20000.0,TV Cabinet,20000.0,Measurement Match
home funiture_variant_price_backup_20260803_121334.xlsx,TFL-TVC-108 WD,TV Cabinet,17000.0,TV Cabinet,17000.0,Measurement Match
home funiture_variant_price_backup_20260803_121334.xlsx,TFL-TVC-109 -LB,TV Cabinet,17000.0,TV Cabinet,17000.0,Measurement Match
home funiture_variant_price_backup_20260803_121334.xlsx,TFL-TVC-110 WD,TV Cabinet,22000.0,TV Cabinet,22000.0,Measurement Match
home funiture_variant_price_backup_20260803_121334.xlsx,TFL-TVC-105 WD,TV Cabinet,23000.0,TV Cabinet,23000.0,Measurement Match
home funiture_variant_price_backup_20260803_121334.xlsx,TFL-TVC-112 -LB,TV Cabinet,13500.0,TV Cabinet,13500.0,Measurement Match
home funiture_variant_price_backup_20260803_121334.xlsx,TFL-TVC-111 WD,TV Cabinet,15500.0,TV Cabinet,15500.0,Measurement Match
home funiture_variant_price_backup_20260803_121334.xlsx,TFL-SRK-101 WD,Shoe Rack,31757.0,Shoe Rack,31757.0,Measurement Match
home funiture_variant_price_backup_20260803_121334.xlsx,TFL-SRK-103 WD,Shoe Rack,38700.0,Shoe Rack,38700.0,Measurement Match
home funiture_variant_price_backup_20260803_121334.xlsx,TFL-SRK-104 WD,Shoe Rack,30600.0,Shoe Rack,30600.0,Measurement Match
home funiture_variant_price_backup_20260803_121334.xlsx,TFL-SRK-105 WD,Shoe Rack,17100.0,Shoe Rack,17100.0,Measurement Match
home funiture_variant_price_backup_20260803_121334.xlsx,TFL-SRK-106 WD,Shoe Rack,36900.0,Shoe Rack,36900.0,Measurement Match
home funiture_variant_price_backup_20260803_121334.xlsx,TFL-SRK-107 WD,Shoe Rack,12600.0,Shoe Rack,12600.0,Measurement Match
home funiture_variant_price_backup_20260803_121334.xlsx,TFL-SRK-108 WD,Shoe Rack,38000.0,Shoe Rack,38000.0,Measurement Match
home funiture_variant_price_backup_20260803_121334.xlsx,TFL-SRK-110 WD,Shoe Rack,41400.0,Shoe Rack,41400.0,Measurement Match
home funiture_variant_price_backup_20260803_121334.xlsx,TFL-SRK-109 WD,Shoe Rack,11200.0,Shoe Rack,11200.0,Measurement Match
home funiture_variant_price_backup_20260803_121334.xlsx,TFL-SRK-102 WD,Shoe Rack,29700.0,Shoe Rack,29700.0,Measurement Match
home funiture_variant_price_backup_20260803_121334.xlsx,TFL-RET-101 -MS,Reading Table,12900.0,Reading Table,12900.0,Measurement Match
home funiture_variant_price_backup_20260803_121334.xlsx,TFL-RET-102 -WD,Reading Table,17000.0,Reading Table,17000.0,Measurement Match
home funiture_variant_price_backup_20260803_121334.xlsx,TFL-RET-103 -WD,Reading Table,25000.0,Reading Table,25000.0,Measurement Match
home funiture_variant_price_backup_20260803_121334.xlsx,TFL-RET-104 -WD,Reading Table,29000.0,Reading Table,29000.0,Measurement Match
home funiture_variant_price_backup_20260803_121334.xlsx,TFL-RET-105 WD,Reading Table,19000.0,Reading Table,19000.0,Measurement Match
home funiture_variant_price_backup_20260803_121334.xlsx,TFL-RET-106 -WD,Reading Table,25000.0,Reading Table,25000.0,Measurement Match
home funiture_variant_price_backup_20260803_121334.xlsx,TFL-RET-107 -WD,Reading Table,8000.0,Reading Table,8000.0,Measurement Match
home funiture_variant_price_backup_20260803_121334.xlsx,TFL-RET-108 -WD,Reading Table,19000.0,Reading Table,19000.0,Measurement Match
home funiture_variant_price_backup_20260803_121334.xlsx,TFL-RET-109 -WD,Reading Table,23000.0,Reading Table,23000.0,Measurement Match
home funiture_variant_price_backup_20260803_121334.xlsx,TFL-RET-110 -LB,Reading Table,12000.0,Reading Table,12000.0,Measurement Match
home funiture_variant_price_backup_20260803_121334.xlsx,TFL-BKS-101 WD,Bookshelf,65000.0,Bookshelf,65000.0,Measurement Match
home funiture_variant_price_backup_20260803_121334.xlsx,TFL-BKS-102 WD,Bookshelf,56000.0,Bookshelf,56000.0,Measurement Match
home funiture_variant_price_backup_20260803_121334.xlsx,TFL-BKS-103 WD,Bookshelf,65000.0,Bookshelf,65000.0,Measurement Match
home funiture_variant_price_backup_20260803_121334.xlsx,TFL-BKS-104 WD,Bookshelf,50000.0,Bookshelf,50000.0,Measurement Match
home funiture_variant_price_backup_20260803_121334.xlsx,TFL-BKS-105 WD,Bookshelf,50000.0,Bookshelf,50000.0,Measurement Match
home funiture_variant_price_backup_20260803_121334.xlsx,TFL-BED-131 LB,Kids Bed,18000.0,Kids Bed,18100.0,Variant Name Match
home funiture_variant_price_backup_20260803_121334.xlsx,TFL-BED-132 LB,Kids Bed,19350.0,Kids Bed,17500.0,Variant Name Match
home funiture_variant_price_backup_20260803_121334.xlsx,TFL-BED-133 LB,Kids Bed,19800.0,Kids Bed,20500.0,Variant Name Match
home funiture_variant_price_backup_20260803_121334.xlsx,TFL-BED-134 LB,Kids Bed,18900.0,Kids Bed,18300.0,Variant Name Match
home funiture_variant_price_backup_20260803_121334.xlsx,TFL-BED-135 LB,Kids Bed,21600.0,Kids Bed,20500.0,Variant Name Match
home funiture_variant_price_backup_20260803_121334.xlsx,TFL-BED-136 LB,Kids Bed,20700.0,Kids Bed,18200.0,Variant Name Match
home funiture_variant_price_backup_20260803_121334.xlsx,TFL-INN-101 WD,Reading Table Cum Coffee Table,30000.0,Reading Table Cum Coffee Table,30000.0,Measurement Match
home funiture_variant_price_backup_20260803_121334.xlsx,TFL-INN-102 WD,"Folding Coffee Table
With Stool",28000.0,Folding Coffee Table With Stool,28000.0,Measurement Match
home funiture_variant_price_backup_20260803_121334.xlsx,TFL-INN-103 WD,Folding Reading Table,55000.0,Folding Reading Table,55000.0,Measurement Match
home funiture_variant_price_backup_20260803_121334.xlsx,TFL-INN-104 WD,Folding Reading Table,9000.0,Folding Reading Table,9000.0,Measurement Match
home funiture_variant_price_backup_20260803_121334.xlsx,TFL-INN-105 WD,Reading Table Cum Cabinet,20000.0,Reading Table Cum Cabinet,20000.0,Measurement Match
home funiture_variant_price_backup_20260803_121334.xlsx,TFL-INN-106 WD,Reading Table Cum Cabinet,27000.0,Reading Table Cum Cabinet,27000.0,Measurement Match
home funiture_variant_price_backup_20260803_121334.xlsx,TFL-INN-107 WD,Dining Table Cum Hanging Cabinet,30000.0,Dining Table Cum Hanging Cabinet,30000.0,Measurement Match
home funiture_variant_price_backup_20260803_121334.xlsx,TFL-INN-108 WD,Dining Table Cum Cabinet,32000.0,Dining Table Cum Cabinet,32000.0,Measurement Match
home funiture_variant_price_backup_20260803_121334.xlsx,TFL-INN-109 WD,Folding Bed Cum Cabinet,42000.0,Folding Bed Cum Cabinet,42000.0,Measurement Match
home funiture_variant_price_backup_20260803_121334.xlsx,TFL-STA-101 MT,2-Door Steel Almirah,28500.0,Steel Almirah UV (2 Door),28500.0,Measurement Match
home funiture_variant_price_backup_20260803_121334.xlsx,TFL-STA-102 MT,2-Door Steel Almirah,28500.0,Steel Almirah UV (2 Door),28500.0,Measurement Match
home funiture_variant_price_backup_20260803_121334.xlsx,TFL-STA-103 MT,2-Door Steel Almirah,28500.0,Steel Almirah UV (2 Door),28500.0,Measurement Match
home funiture_variant_price_backup_20260803_121334.xlsx,TFL-STA-104 MT,2-Door Steel Almirah,28500.0,Steel Almirah UV (2 Door),28500.0,Measurement Match
home funiture_variant_price_backup_20260803_121334.xlsx,TFL-STA-105 MT,2-Door Steel Almirah,28500.0,Steel Almirah UV (2 Door),28500.0,Measurement Match
home funiture_variant_price_backup_20260803_121334.xlsx,TFL-STA-106 MT,2-Door Steel Almirah,28500.0,Steel Almirah UV (2 Door),28500.0,Measurement Match
home funiture_variant_price_backup_20260803_121334.xlsx,TFL-STA-107 MT,2-Door Steel Almirah,28500.0,Steel Almirah UV (2 Door),28500.0,Measurement Match
home funiture_variant_price_backup_20260803_121334.xlsx,TFL-STA-108 MT,2-Door Steel Almirah,28500.0,Steel Almirah UV (2 Door),28500.0,Measurement Match
home funiture_variant_price_backup_20260803_121334.xlsx,TFL-STA-109 MT,2-Door Steel Almirah,28500.0,Steel Almirah UV (2 Door),28500.0,Measurement Match
home funiture_variant_price_backup_20260803_121334.xlsx,TFL-STA-110 MT,2-Door Steel Almirah,28500.0,Steel Almirah UV (2 Door),28500.0,Measurement Match
home funiture_variant_price_backup_20260803_121334.xlsx,TFL-STA-111 MT,2-Door Steel Almirah,28500.0,Steel Almirah UV (2 Door),28500.0,Measurement Match
home funiture_variant_price_backup_20260803_121334.xlsx,TFL-STA-112 MT,2-Door Steel Almirah,28500.0,Steel Almirah UV (2 Door),28500.0,Measurement Match
home funiture_variant_price_backup_20260803_121334.xlsx,TFL-STA-113 MT,2-Door Steel Almirah,28500.0,Steel Almirah UV (2 Door),28500.0,Measurement Match
home funiture_variant_price_backup_20260803_121334.xlsx,TFL-STA-114 MT,2-Door Steel Almirah,28500.0,Steel Almirah UV (2 Door),28500.0,Measurement Match
home funiture_variant_price_backup_20260803_121334.xlsx,TFL-STA-115 MT,2-Door Steel Almirah,28500.0,Steel Almirah UV (2 Door),28500.0,Measurement Match
home funiture_variant_price_backup_20260803_121334.xlsx,TFL-STA-116 MT,2-Door Steel Almirah,28500.0,Steel Almirah UV (2 Door),28500.0,Measurement Match
home funiture_variant_price_backup_20260803_121334.xlsx,TFL-STA-117 MT,2-Door Steel Almirah,27000.0,Steel Almirah (2 Door),27000.0,Measurement Match
home funiture_variant_price_backup_20260803_121334.xlsx,TFL-STA-118 MT,2-Door Steel Almirah,27000.0,Steel Almirah (2 Door),27000.0,Measurement Match
home funiture_variant_price_backup_20260803_121334.xlsx,TFL-IRS-101 WD,Iron Shelf,16100.0,Iron Shelf,16100.0,Measurement Match
home funiture_variant_price_backup_20260803_121334.xlsx,TFL-IRS-102 WD,Iron Shelf,20000.0,Iron Shelf,20000.0,Measurement Match
home funiture_variant_price_backup_20260803_121334.xlsx,TFL-IRS-103 WD,Iron Shelf,20700.0,Iron Shelf,20700.0,Measurement Match
Kids Bed_backup_20260802_102020_variant_price_backup_20260803_121334.xlsx,TFL-BED-132 LB,Kids Bed,19350.0,Kids Bed,17500.0,Variant Name Match
Kids Bed_backup_20260802_102020_variant_price_backup_20260803_121334.xlsx,TFL-BED-133 LB,Kids Bed,19800.0,Kids Bed,20500.0,Variant Name Match
Kids Bed_backup_20260802_102020_variant_price_backup_20260803_121334.xlsx,TFL-BED-134 LB,Kids Bed,18900.0,Kids Bed,18300.0,Variant Name Match
Kids Bed_backup_20260802_102020_variant_price_backup_20260803_121334.xlsx,TFL-BED-135 LB,Kids Bed,21600.0,Kids Bed,20500.0,Variant Name Match
Kids Bed_backup_20260802_102020_variant_price_backup_20260803_121334.xlsx,TFL-BED-136 LB,Kids Bed,20700.0,Kids Bed,18200.0,Variant Name Match
Kids Bed_variant_price_backup_20260803_121221.xlsx,TFL-BED-132 LB,প্রিন্সেস কিডস বেড,19350.0,Kids Bed,17500.0,Only 1 Option
Kids Bed_variant_price_backup_20260803_121221.xlsx,TFL-BED-133 LB,হ্যালো কিটি কিডস বেড,19800.0,Kids Bed,20500.0,Only 1 Option
Kids Bed_variant_price_backup_20260803_121221.xlsx,TFL-BED-134 LB,স্কাইবো কিডস বেড,18900.0,Kids Bed,18300.0,Only 1 Option
Kids Bed_variant_price_backup_20260803_121221.xlsx,TFL-BED-135 LB,পোকো কিডস বেড,21600.0,Kids Bed,20500.0,Only 1 Option
Kids Bed_variant_price_backup_20260803_121221.xlsx,TFL-BED-136 LB,মোয়ানা মোয়ানা কিডস বেড,20700.0,Kids Bed,18200.0,Only 1 Option
Kids Bed_variant_price_backup_20260803_121334.xlsx,TFL-BED-132 LB,প্রিন্সেস কিডস বেড,17500.0,Kids Bed,17500.0,Only 1 Option
Kids Bed_variant_price_backup_20260803_121334.xlsx,TFL-BED-133 LB,হ্যালো কিটি কিডস বেড,20500.0,Kids Bed,20500.0,Only 1 Option
Kids Bed_variant_price_backup_20260803_121334.xlsx,TFL-BED-134 LB,স্কাইবো কিডস বেড,18300.0,Kids Bed,18300.0,Only 1 Option
Kids Bed_variant_price_backup_20260803_121334.xlsx,TFL-BED-135 LB,পোকো কিডস বেড,20500.0,Kids Bed,20500.0,Only 1 Option
Kids Bed_variant_price_backup_20260803_121334.xlsx,TFL-BED-136 LB,মোয়ানা মোয়ানা কিডস বেড,18200.0,Kids Bed,18200.0,Only 1 Option
Product Specifications _variant_price_backup_20260803_121334.xlsx,TFL-BED-201 LB,King Bed ,18500.0,Bed (King),18500.0,Measurement Match
Product Specifications _variant_price_backup_20260803_121334.xlsx,TFL-BST-201 LB,Bed Side Table,4800.0,Bed Side Table,4800.0,Measurement Match
Product Specifications _variant_price_backup_20260803_121334.xlsx,TFL-BED-202 LB,Double Bed,13000.0,Bed (Double),13000.0,Measurement Match
Product Specifications _variant_price_backup_20260803_121334.xlsx,TFL-BED-202 LB,King Bed ,17800.0,Bed (King),17800.0,Measurement Match
Product Specifications _variant_price_backup_20260803_121334.xlsx,TFL-BST-202 LB,Bed Side Table,2900.0,Bed Side Table,2900.0,Measurement Match
Product Specifications _variant_price_backup_20260803_121334.xlsx,TFL-BED-203 LB,Double Bed,14980.0,Bed (Double),14980.0,Measurement Match
Product Specifications _variant_price_backup_20260803_121334.xlsx,TFL-BED-203 LB,King Bed ,18500.0,Bed (King),18500.0,Measurement Match
Product Specifications _variant_price_backup_20260803_121334.xlsx,TFL-BST-203 LB,Bed Side Table,4400.0,Bed Side Table,4400.0,Measurement Match
Product Specifications _variant_price_backup_20260803_121334.xlsx,TFL-BED-204 LB,Double Bed,16500.0,Bed (Double),16500.0,Measurement Match
Product Specifications _variant_price_backup_20260803_121334.xlsx,TFL-BED-204 LB,King Bed ,19100.0,Bed (King),19100.0,Variant Name Match
Product Specifications _variant_price_backup_20260803_121334.xlsx,TFL-BST-204 LB,Bed Side Table,4200.0,Bed Side Table,4200.0,Measurement Match
Product Specifications _variant_price_backup_20260803_121334.xlsx,TFL-BED-205 LB,Double Bed,16300.0,Bed (Double),16300.0,Measurement Match
Product Specifications _variant_price_backup_20260803_121334.xlsx,TFL-BED-205 LB,King Bed ,18500.0,Bed (King),18500.0,Measurement Match
Product Specifications _variant_price_backup_20260803_121334.xlsx,TFL-BST-205 LB,Bed Side Table,3000.0,Bed Side Table,3000.0,Measurement Match
Product Specifications _variant_price_backup_20260803_121334.xlsx,TFL-BED-206 LB,Double Bed,16500.0,Bed (Double),16500.0,Measurement Match
Product Specifications _variant_price_backup_20260803_121334.xlsx,TFL-BED-206 LB,King Bed ,18900.0,Bed (King),18900.0,Measurement Match
Product Specifications _variant_price_backup_20260803_121334.xlsx,TFL-BED-109 LB,Double Bed,14500.0,Bed (Double),14500.0,Variant Name Match
Product Specifications _variant_price_backup_20260803_121334.xlsx,TFL-BED-109 LB,King Bed,16050.0,Bed (King),16050.0,Variant Name Match
Product Specifications _variant_price_backup_20260803_121334.xlsx,TFL-BST-109 LB,Bed Side Table,3900.0,Bed Side Table,3900.0,Measurement Match
Product Specifications _variant_price_backup_20260803_121334.xlsx,TFL-BED-110 LB,Double Bed,19300.0,Bed (Double),19300.0,Measurement Match
Product Specifications _variant_price_backup_20260803_121334.xlsx,TFL-BST-110 LB,Bed Side Table,3990.0,Bed Side Table,3990.0,Measurement Match
Product Specifications _variant_price_backup_20260803_121334.xlsx,TFL-BED-111 LB,Double Bed,15900.0,Bed (Double),15900.0,Measurement Match
Product Specifications _variant_price_backup_20260803_121334.xlsx,TFL-BST-111 LB,Bed Side Table,4990.0,Bed Side Table,4990.0,Measurement Match
Product Specifications _variant_price_backup_20260803_121334.xlsx,TFL-BED-112 LB,Double Bed,14500.0,Bed (Double),14500.0,Measurement Match
Product Specifications _variant_price_backup_20260803_121334.xlsx,TFL-BST-112 LB,Bed Side Table,5250.0,Bed Side Table,5250.0,Measurement Match
Product Specifications _variant_price_backup_20260803_121334.xlsx,TFL-BED-113 LB,Double Bed,15500.0,Bed (Double),15500.0,Measurement Match
Product Specifications _variant_price_backup_20260803_121334.xlsx,TFL-BST-113 LB,Bed Side Table,5500.0,Bed Side Table,5500.0,Measurement Match
Product Specifications _variant_price_backup_20260803_121334.xlsx,TFL-BED-114 LB,Double Bed,15500.0,Bed (Double),15500.0,Variant Name Match
Product Specifications _variant_price_backup_20260803_121334.xlsx,TFL-BST-114 LB,Bed side table,5590.0,Bed side table,5590.0,Measurement Match
Product Specifications _variant_price_backup_20260803_121334.xlsx,TFL-BED-120 LB,Double Bed,15900.0,Bed (Double),16800.0,Measurement Match
Product Specifications _variant_price_backup_20260803_121334.xlsx,TFL-BST-120 LB,Bed side table,3400.0,Bed side table,3550.0,Measurement Match
Product Specifications _variant_price_backup_20260803_121334.xlsx,TFL-BED-119 LB,Double Bed,15900.0,Bed (Double),16800.0,Measurement Match
Product Specifications _variant_price_backup_20260803_121334.xlsx,TFL-BST-119 LB,Bed Side Table,4800.0,Bed Side Table,5000.0,Measurement Match
Product Specifications _variant_price_backup_20260803_121334.xlsx,TFL-BED-118 LB,Double Bed,15900.0,Bed (Double),16800.0,Measurement Match
Product Specifications _variant_price_backup_20260803_121334.xlsx,TFL-BST-118 LB,Bed Side Table,4800.0,Bed Side Table,5000.0,Measurement Match
Product Specifications _variant_price_backup_20260803_121334.xlsx,TFL-BED-117 LB,Double Bed,15900.0,Bed (Double),16800.0,Measurement Match
Product Specifications _variant_price_backup_20260803_121334.xlsx,TFL-BST-117 LB,Bed Side Table,4800.0,Bed Side Table,5000.0,Measurement Match
Product Specifications _variant_price_backup_20260803_121334.xlsx,TFL-BED-116 MT,Double Bed,22000.0,Bed (Double),22000.0,Measurement Match
Product Specifications _variant_price_backup_20260803_121334.xlsx,TFL-BST-116 MS,Bed Side Table,5900.0,Bed Side Table,5900.0,Measurement Match
Product Specifications _variant_price_backup_20260803_121334.xlsx,TFL-BED-401 WD,Bed (Double),28500.0,Bed (Double),28500.0,Measurement Match
Product Specifications _variant_price_backup_20260803_121334.xlsx,TFL-BED-401 WD,Bed (Queen),30500.0,Bed (Queen),30500.0,Measurement Match
Product Specifications _variant_price_backup_20260803_121334.xlsx,TFL-BED-401 WD,Bed (King),32500.0,Bed (King),32500.0,Measurement Match
Product Specifications _variant_price_backup_20260803_121334.xlsx,TFL-BED-402 WD,Bed (Double),26500.0,Bed (Double),26500.0,Measurement Match
Product Specifications _variant_price_backup_20260803_121334.xlsx,TFL-BED-402 WD,Bed (Queen),28500.0,Bed (Queen),28500.0,Measurement Match
Product Specifications _variant_price_backup_20260803_121334.xlsx,TFL-BED-402 WD,Bed (King),30500.0,Bed (King),30500.0,Measurement Match
Product Specifications _variant_price_backup_20260803_121334.xlsx,TFL-BST-402 WD,Bed,9900.0,Bed,9900.0,Measurement Match
Product Specifications _variant_price_backup_20260803_121334.xlsx,TFL-BED-403 WD,Bed (Double),28000.0,Bed (Double),28000.0,Measurement Match
Product Specifications _variant_price_backup_20260803_121334.xlsx,TFL-BED-403 WD,Bed (Queen),30000.0,Bed (Queen),30000.0,Measurement Match
Product Specifications _variant_price_backup_20260803_121334.xlsx,TFL-BED-403 WD,Bed (King),32000.0,Bed (King),32000.0,Measurement Match
Product Specifications _variant_price_backup_20260803_121334.xlsx,TFL-BED-404 WD,Bed (Double),26000.0,Bed (Double),26000.0,Measurement Match
Product Specifications _variant_price_backup_20260803_121334.xlsx,TFL-BED-404 WD,Bed (Queen),27500.0,Bed (Queen),27500.0,Measurement Match
Product Specifications _variant_price_backup_20260803_121334.xlsx,TFL-BED-404 WD,Bed (King),29500.0,Bed (King),29500.0,Measurement Match
Product Specifications _variant_price_backup_20260803_121334.xlsx,TFL-BED-405 WD,Bed (Double),27500.0,Bed (Double),27500.0,Measurement Match
Product Specifications _variant_price_backup_20260803_121334.xlsx,TFL-BED-405 WD,Bed (Queen),29500.0,Bed (Queen),29500.0,Measurement Match
Product Specifications _variant_price_backup_20260803_121334.xlsx,TFL-BED-405 WD,Bed (King),31500.0,Bed (King),31500.0,Measurement Match
Product Specifications _variant_price_backup_20260803_121334.xlsx,TFL-BST-405 WD,Bed Side Table,10000.0,Bed Side Table,10000.0,Measurement Match
Product Specifications _variant_price_backup_20260803_121334.xlsx,TFL-BED-407 WD,Bed (Double),30500.0,Bed (Double),30500.0,Measurement Match
Product Specifications _variant_price_backup_20260803_121334.xlsx,TFL-BED-407 WD,Bed (Queen),32500.0,Bed (Queen),32500.0,Measurement Match
Product Specifications _variant_price_backup_20260803_121334.xlsx,TFL-BED-407 WD,Bed (King),34500.0,Bed (King),34500.0,Measurement Match
Product Specifications _variant_price_backup_20260803_121334.xlsx,TFL-BST-407 WD,Bed Side Table,10000.0,Bed Side Table,10000.0,Measurement Match
Product Specifications _variant_price_backup_20260803_121334.xlsx,TFL-BED-104 WD,Bed (Double),33800.0,Bed (Double),33800.0,Variant Name Match
Product Specifications _variant_price_backup_20260803_121334.xlsx,TFL-BED-104 WD,Bed (Queen),36500.0,Bed (Queen),36500.0,Measurement Match
Product Specifications _variant_price_backup_20260803_121334.xlsx,TFL-BED-104 WD,Bed (King),38500.0,Bed (King),38500.0,Measurement Match
Product Specifications _variant_price_backup_20260803_121334.xlsx,TFL-BST-104 WD,Bed Side Table,12000.0,Bed Side Table,12000.0,Measurement Match
Product Specifications _variant_price_backup_20260803_121334.xlsx,TFL-BED-102 WD,Bed (Double),40500.0,Bed (Double),40500.0,Measurement Match
Product Specifications _variant_price_backup_20260803_121334.xlsx,TFL-BED-102 WD,Bed (Queen),42200.0,Bed (Queen),42200.0,Measurement Match
Product Specifications _variant_price_backup_20260803_121334.xlsx,TFL-BED-102 WD,Bed (King),43500.0,Bed (King),43500.0,Measurement Match
Product Specifications _variant_price_backup_20260803_121334.xlsx,TFL-BST-102 WD,Bed Side Table,13000.0,Bed Side Table,13000.0,Measurement Match
Product Specifications _variant_price_backup_20260803_121334.xlsx,TFL-BED-103 WD,Bed (Double),38200.0,Bed (Double),38200.0,Measurement Match
Product Specifications _variant_price_backup_20260803_121334.xlsx,TFL-BED-103 WD,Bed (Queen),40800.0,Bed (Queen),40800.0,Measurement Match
Product Specifications _variant_price_backup_20260803_121334.xlsx,TFL-BED-103 WD,Bed (King),43500.0,Bed (King),43500.0,Measurement Match
Product Specifications _variant_price_backup_20260803_121334.xlsx,TFL-BST-103 WD,Bed Side Table,12500.0,Bed Side Table,12500.0,Measurement Match
Product Specifications _variant_price_backup_20260803_121334.xlsx,TFL-BED-106 WD,Bed (Double),46500.0,Bed (Double),46500.0,Measurement Match
Product Specifications _variant_price_backup_20260803_121334.xlsx,TFL-BED-106 WD,Bed (Queen),48500.0,Bed (Queen),48500.0,Measurement Match
Product Specifications _variant_price_backup_20260803_121334.xlsx,TFL-BED-106 WD,Bed (King),50500.0,Bed (King),50500.0,Measurement Match
Product Specifications _variant_price_backup_20260803_121334.xlsx,TFL-BST-106 WD,Bed Side Table,14990.0,Bed Side Table,14990.0,Measurement Match
Product Specifications _variant_price_backup_20260803_121334.xlsx,TFL-BED-105 WD,Bed (Double),48500.0,Bed (Double),48500.0,Measurement Match
Product Specifications _variant_price_backup_20260803_121334.xlsx,TFL-BED-105 WD,Bed (Queen),50500.0,Bed (Queen),50500.0,Measurement Match
Product Specifications _variant_price_backup_20260803_121334.xlsx,TFL-BED-105 WD,Bed (King),52800.0,Bed (King),52800.0,Measurement Match
Product Specifications _variant_price_backup_20260803_121334.xlsx,TFL-BST-105 WD,Bed Side Table,16000.0,Bed Side Table,16000.0,Measurement Match
Product Specifications _variant_price_backup_20260803_121334.xlsx,TFL-BED-101 WD,Bed (Double),42200.0,Bed (Double),42200.0,Measurement Match
Product Specifications _variant_price_backup_20260803_121334.xlsx,TFL-BED-101 WD,Bed (Queen),44200.0,Bed (Queen),44200.0,Measurement Match
Product Specifications _variant_price_backup_20260803_121334.xlsx,TFL-BED-101 WD,Bed (King),46100.0,Bed (King),46100.0,Measurement Match
Product Specifications _variant_price_backup_20260803_121334.xlsx,TFL-BST-101 WD,Bed Side Table,15990.0,Bed Side Table,15990.0,Measurement Match
Product Specifications _variant_price_backup_20260803_121334.xlsx,TFL-BED-107 WD,Bed (Double),52000.0,Bed (Double),52000.0,Measurement Match
Product Specifications _variant_price_backup_20260803_121334.xlsx,TFL-BED-107 WD,Bed (Queen),54500.0,Bed (Queen),54500.0,Measurement Match
Product Specifications _variant_price_backup_20260803_121334.xlsx,TFL-BED-107 WD,Bed (King),57000.0,Bed (King),57000.0,Measurement Match
Product Specifications _variant_price_backup_20260803_121334.xlsx,TFL-BST-107 WD,Bed Side Table,16000.0,Bed Side Table,16000.0,Measurement Match
Product Specifications _variant_price_backup_20260803_121334.xlsx,TFL-BED-108 WD,Bed (Double),54200.0,Bed (Double),54200.0,Measurement Match
Product Specifications _variant_price_backup_20260803_121334.xlsx,TFL-BED-108 WD,Bed (Queen),58000.0,Bed (Queen),58000.0,Measurement Match
Product Specifications _variant_price_backup_20260803_121334.xlsx,TFL-BED-108 WD,Bed (King),61500.0,Bed (King),61500.0,Measurement Match
Product Specifications _variant_price_backup_20260803_121334.xlsx,TFL-BST-108 WD,Bed Side Table,16700.0,Bed Side Table,16700.0,Measurement Match
Product Specifications _variant_price_backup_20260803_121334.xlsx,TFL-DST-204 LB,Dressing Table,13500.0,Dressing Table,10990.0,Measurement Match
Product Specifications _variant_price_backup_20260803_121334.xlsx,TFL-DST-205 LB,Dressing Table,10990.0,Dressing Table,13500.0,Measurement Match
Product Specifications _variant_price_backup_20260803_121334.xlsx,TFL-DST-203 LB,Dressing Table,12990.0,Dressing Table,12990.0,Measurement Match
Product Specifications _variant_price_backup_20260803_121334.xlsx,TFL-DST-202 LB,Dressing Table,13500.0,Dressing Table,13500.0,Measurement Match
Product Specifications _variant_price_backup_20260803_121334.xlsx,TFL-DST-201 LB,Dressing Table,9980.0,Dressing Table,9980.0,Measurement Match
Product Specifications _variant_price_backup_20260803_121334.xlsx,TFL-DST-206 LB,Dressing Table,12700.0,Dressing Table,12700.0,Measurement Match
Product Specifications _variant_price_backup_20260803_121334.xlsx,TFL-DST-110 LB,Dressing Table,11990.0,Dressing Table,11990.0,Measurement Match
Product Specifications _variant_price_backup_20260803_121334.xlsx,TFL-DST-104 WD,Dressing Table,29500.0,Dressing Table,29500.0,Measurement Match
Product Specifications _variant_price_backup_20260803_121334.xlsx,TFL-DST-102 WD,Dressing Table,29500.0,Dressing Table,29500.0,Measurement Match
Product Specifications _variant_price_backup_20260803_121334.xlsx,TFL-DST-402 WD,Dressing Table,25500.0,Dressing Table,22000.0,Measurement Match
Product Specifications _variant_price_backup_20260803_121334.xlsx,TFL-DST-405 WD,Dressing Table,25500.0,Dressing Table,23200.0,Measurement Match
Product Specifications _variant_price_backup_20260803_121334.xlsx,TFL-DST-407 WD,Dressing Table,22500.0,Dressing Table,22500.0,Measurement Match
Product Specifications _variant_price_backup_20260803_121334.xlsx,TFL-DST-103 WD,Dressing Table,27000.0,Dressing Table,27000.0,Measurement Match
Product Specifications _variant_price_backup_20260803_121334.xlsx,TFL-DST-106 WD,Dressing Table,35000.0,Dressing Table,35000.0,Measurement Match
Product Specifications _variant_price_backup_20260803_121334.xlsx,TFL-DST-105 WD,Dressing Table,31000.0,Dressing Table,31000.0,Measurement Match
Product Specifications _variant_price_backup_20260803_121334.xlsx,TFL-DST-101 WD,Dressing Table,28800.0,Dressing Table,28800.0,Measurement Match
Product Specifications _variant_price_backup_20260803_121334.xlsx,TFL-DST-107 WD,Dressing Table,34000.0,Dressing Table,34000.0,Measurement Match
Product Specifications _variant_price_backup_20260803_121334.xlsx,TFL-DST-108 WD,Dressing Table,33000.0,Dressing Table,33000.0,Measurement Match
Product Specifications _variant_price_backup_20260803_121334.xlsx,TFL-DST-109 LB,Dressing Table,10900.0,Dressing Table,10900.0,Measurement Match
Product Specifications _variant_price_backup_20260803_121334.xlsx,TFL-DST-110 LB,Dressing Table,11990.0,Dressing Table,11990.0,Measurement Match
Product Specifications _variant_price_backup_20260803_121334.xlsx,TFL-DST-111 LB,Dressing Table,10990.0,Dressing Table,9990.0,Measurement Match
Product Specifications _variant_price_backup_20260803_121334.xlsx,TFL-DST-112 LB,Dressing Table,11990.0,Dressing Table,11990.0,Measurement Match
Product Specifications _variant_price_backup_20260803_121334.xlsx,TFL-DST-113 LB,Dressing Table,12990.0,Dressing Table,12990.0,Measurement Match
Product Specifications _variant_price_backup_20260803_121334.xlsx,TFL-DST-114 LB,Dressing Table,11500.0,Dressing Table,11500.0,Measurement Match
Product Specifications _variant_price_backup_20260803_121334.xlsx,TFL-DST-115 LB,Dressing Table,9990.0,Dressing Table,10200.0,Measurement Match
Product Specifications _variant_price_backup_20260803_121334.xlsx,TFL-DST-116 LB,Dressing Table,14990.0,Dressing Table,15500.0,Measurement Match
Product Specifications _variant_price_backup_20260803_121334.xlsx,TFL-DST-117 LB,Dressing Table,13000.0,Dressing Table,13500.0,Measurement Match
Product Specifications _variant_price_backup_20260803_121334.xlsx,TFL-DST-118 LB,Dressing Table,13500.0,Dressing Table,14000.0,Measurement Match
Product Specifications _variant_price_backup_20260803_121334.xlsx,TFL-DST-119 MT,Dressing Table,14990.0,Dressing Table,14990.0,Measurement Match
Product Specifications _variant_price_backup_20260803_121334.xlsx,TFL-CBD-201 LB,2-Door Cupboard,9750.0,Cupboard (2 Door),9750.0,Measurement Match
Product Specifications _variant_price_backup_20260803_121334.xlsx,TFL-CBD-206 LB,2-Door Cupboard,19100.0,Cupboard (2 Door),19100.0,Measurement Match
Product Specifications _variant_price_backup_20260803_121334.xlsx,TFL-CBD-205 LB,2-Door Cupboard,17100.0,Cupboard (2 Door),17100.0,Variant Name Match
Product Specifications _variant_price_backup_20260803_121334.xlsx,TFL-CBD-205 LB,3-Door Cupboard,22500.0,Cupboard (3 Door),22500.0,Variant + Closest Meas
Product Specifications _variant_price_backup_20260803_121334.xlsx,TFL-CBD-205 LB,3-Door Cupboard,24500.0,Cupboard (3 Door),24500.0,Measurement Match
Product Specifications _variant_price_backup_20260803_121334.xlsx,TFL-CBD-204 LB,2-Door Cupboard,17990.0,Cupboard (2 Door),17990.0,Variant Name Match
Product Specifications _variant_price_backup_20260803_121334.xlsx,TFL-CBD-204 LB,3-Door Cupboard,23000.0,Cupboard (3 Door),22500.0,Measurement Match
Product Specifications _variant_price_backup_20260803_121334.xlsx,TFL-CBD-203 LB,2-Door Cupboard,17900.0,Cupboard (2 Door),17900.0,Variant Name Match
Product Specifications _variant_price_backup_20260803_121334.xlsx,TFL-CBD-203 LB,3-Door Cupboard,23000.0,Cupboard (3 Door),23000.0,Measurement Match
Product Specifications _variant_price_backup_20260803_121334.xlsx,TFL-CBD-202 LB,3-Door Cupboard,22500.0,Cupboard (3 Door),22500.0,Measurement Match
Product Specifications _variant_price_backup_20260803_121334.xlsx,TFL-CBD-202 LB,3-Door Cupboard,24500.0,Cupboard (3 Door),24500.0,Measurement Match
Product Specifications _variant_price_backup_20260803_121334.xlsx,TFL-CBD-202 LB,2-Door Cupboard,18990.0,Cupboard (2 Door),18990.0,Variant Name Match
Product Specifications _variant_price_backup_20260803_121334.xlsx,TFL-CBD-201 LB,2-Door Cupboard,15900.0,Cupboard (2 Door),15900.0,Variant + Closest Meas
Product Specifications _variant_price_backup_20260803_121334.xlsx,TFL-CBD-201 LB,3-Door Cupboard,22500.0,Cupboard (3 Door),22500.0,Measurement Match
Product Specifications _variant_price_backup_20260803_121334.xlsx,TFL-CBD-201 LB,3-Door Cupboard,24500.0,Cupboard (3 Door),24500.0,Variant + Closest Meas
Product Specifications _variant_price_backup_20260803_121334.xlsx,TFL-CBD-402 WD,2-Door Cupboard,44500.0,Cupboard (2 Door),42990.0,Measurement Match
Product Specifications _variant_price_backup_20260803_121334.xlsx,TFL-CBD-405 WD,2-Door Cupboard,45500.0,Cupboard (2 Door),43990.0,Measurement Match
Product Specifications _variant_price_backup_20260803_121334.xlsx,TFL-CBD-407 WD,2-Door Cupboard,44500.0,Cupboard (2 Door),44500.0,Measurement Match
Product Specifications _variant_price_backup_20260803_121334.xlsx,TFL-CBD-101 WD,2-Door Cupboard,48000.0,Cupboard (2 Door),48000.0,Measurement Match
Product Specifications _variant_price_backup_20260803_121334.xlsx,TFL-CBD-102 WD,2-Door Cupboard,47000.0,Cupboard (2 Door),47000.0,Measurement Match
Product Specifications _variant_price_backup_20260803_121334.xlsx,TFL-CBD-103 WD,2-Door Cupboard,49500.0,Cupboard (2 Door),49500.0,Measurement Match
Product Specifications _variant_price_backup_20260803_121334.xlsx,TFL-CBD-104 WD,2-Door Cupboard,48500.0,Cupboard (2 Door),48500.0,Measurement Match
Product Specifications _variant_price_backup_20260803_121334.xlsx,TFL-CBD-105 WD,2-Door Cupboard,50500.0,Cupboard (2 Door),50500.0,Measurement Match
Product Specifications _variant_price_backup_20260803_121334.xlsx,TFL-CBD-106 WD,Cupboard,45000.0,Cupboard (2 Door),45000.0,Measurement Match
Product Specifications _variant_price_backup_20260803_121334.xlsx,TFL-CBD-107 WD,Cupboard,51000.0,Cupboard (3 Door),51000.0,Measurement Match
Product Specifications _variant_price_backup_20260803_121334.xlsx,TFL-CBD-108 WD,Cupboard,50500.0,Cupboard (2 Door),50500.0,Measurement Match
Product Specifications _variant_price_backup_20260803_121334.xlsx,TFL-CBD-109 LB,2-Door Cupboard,16550.0,Cupboard (2-Door),16550.0,Measurement Match
Product Specifications _variant_price_backup_20260803_121334.xlsx,TFL-CBD-109 LB,3-Door Cupboard,24990.0,Cupboard (3 Door),24990.0,Measurement Match
Product Specifications _variant_price_backup_20260803_121334.xlsx,TFL-CBD-110 LB,2-Door Cupboard,16610.0,Cupboard (2-Door),16610.0,Variant Name Match
Product Specifications _variant_price_backup_20260803_121334.xlsx,TFL-CBD-111 LB,2-Door Cupboard,17110.0,Cupboard (2-Door),17110.0,Measurement Match
Product Specifications _variant_price_backup_20260803_121334.xlsx,TFL-CBD-112 LB,2-Door Cupboard,16550.0,Cupboard (2-Door),16550.0,Variant Name Match
Product Specifications _variant_price_backup_20260803_121334.xlsx,TFL-CBD-112 LB,3-Door Cupboard,24800.0,Cupboard (3 Door),24800.0,Measurement Match
Product Specifications _variant_price_backup_20260803_121334.xlsx,TFL-CBD-113 LB,2-Door Cupboard,16800.0,Cupboard (2 Door),16800.0,Measurement Match
Product Specifications _variant_price_backup_20260803_121334.xlsx,TFL-CBD-113 LB,2-Door Cupboard,24990.0,Cupboard (3 Door),24990.0,Measurement Match
Product Specifications _variant_price_backup_20260803_121334.xlsx,TFL-CBD-114 LB,2-Door Cupboard,16550.0,Cupboard (2 Door),16550.0,Variant Name Match
Product Specifications _variant_price_backup_20260803_121334.xlsx,TFL-CBD-207 LB,3-Door Cupboard,24200.0,Cupboard (3 Door),24200.0,Measurement Match
Product Specifications _variant_price_backup_20260803_121334.xlsx,TFL-CBD-208 LB,2-Door Cupboard,26000.0,Cupboard Cum Dressing Tabl;e (2 Door),26000.0,Measurement Match
Product Specifications _variant_price_backup_20260803_121334.xlsx,TFL-CBD-208 LB,3-Door Cupboard,32000.0,Cupboard Cum Dressing Tabl;e (3 Door),32000.0,Measurement Match
Product Specifications _variant_price_backup_20260803_121334.xlsx,TFL-CBD-115 LB,2-Door Cupboard,17400.0,Cupboard UV (2 Door),18200.0,Variant Name Match
Product Specifications _variant_price_backup_20260803_121334.xlsx,TFL-CBD-115 LB,3-Door Cupboard,23600.0,Cupboard UV (3 Door),24900.0,Measurement Match
Product Specifications _variant_price_backup_20260803_121334.xlsx,TFL-CBD-115 LB,3-Door Cupboard,26600.0,Cupboard UV (3 Door),27900.0,Measurement Match
Product Specifications _variant_price_backup_20260803_121334.xlsx,TFL-CBD-116 LB,2-Door Cupboard,17400.0,Cupboard UV (2 Door),18200.0,Variant Name Match
Product Specifications _variant_price_backup_20260803_121334.xlsx,TFL-CBD-116 LB,3-Door Cupboard,23600.0,Cupboard UV (3 Door),24900.0,Variant + Closest Meas
Product Specifications _variant_price_backup_20260803_121334.xlsx,TFL-CBD-116 LB,3-Door Cupboard,26600.0,Cupboard UV (3 Door),27900.0,Measurement Match
Product Specifications _variant_price_backup_20260803_121334.xlsx,TFL-CBD-117 LB,2-Door Cupboard,17380.0,Cupboard UV (2-Door),18200.0,Variant Name Match
Product Specifications _variant_price_backup_20260803_121334.xlsx,TFL-CBD-117 LB,3-Door Cupboard,23600.0,Cupboard UV (3 Door),24900.0,Variant + Closest Meas
Product Specifications _variant_price_backup_20260803_121334.xlsx,TFL-CBD-117 LB,3-Door Cupboard,26600.0,Cupboard UV (3 Door),27900.0,Measurement Match
Product Specifications _variant_price_backup_20260803_121334.xlsx,TFL-CBD-118 LB,2-Door Cupboard,17380.0,Cupboard UV (2 Door),18200.0,Variant Name Match
Product Specifications _variant_price_backup_20260803_121334.xlsx,TFL-CBD-118 LB,3-Door Cupboard,23600.0,Cupboard UV (3 Door),24900.0,Variant + Closest Meas
Product Specifications _variant_price_backup_20260803_121334.xlsx,TFL-CBD-118 LB,3-Door Cupboard,26600.0,Cupboard (3 Door),27900.0,Measurement Match
Product Specifications _variant_price_backup_20260803_121334.xlsx,TFL-CBD-119 MT,2-Door Cupboard,19990.0,Cupboard (2 Door),19990.0,Measurement Match
Product Specifications _variant_price_backup_20260803_121334.xlsx,TFL-COD-110-LB,Wardrobe,15500.0,Wardrobe,15500.0,Measurement Match
Product Specifications _variant_price_backup_20260803_121334.xlsx,TFL-WDR-110-LB,Wardrobe,16100.0,Wardrobe,16100.0,Measurement Match
Product Specifications _variant_price_backup_20260803_121334.xlsx,TFL-COD-111-LB,Wardrobe,15900.0,Chest of Drawer,15900.0,Measurement Match
Product Specifications _variant_price_backup_20260803_121334.xlsx,TFL-WDR-112-LB,Wardrobe,20400.0,Wardrobe,20400.0,Measurement Match
Product Specifications _variant_price_backup_20260803_121334.xlsx,TFL-COD-113-LB,Wardrobe,15900.0,Chest of Drawer,15900.0,Measurement Match
Product Specifications _variant_price_backup_20260803_121334.xlsx,TFL-COD-114-LB,Wardrobe,15990.0,Chest of Drawer,15990.0,Measurement Match
Product Specifications _variant_price_backup_20260803_121334.xlsx,TFL-COD-115-LB,Chest of Drawer ,17500.0,Chest of Drawer,18200.0,Measurement Match
Product Specifications _variant_price_backup_20260803_121334.xlsx,TFL-WDR-116-LB,Chest of Drawer ,17500.0,Wardrobe,20500.0,Measurement Match
Product Specifications _variant_price_backup_20260803_121334.xlsx,TFL-WDR-117-LB,Chest of Drawer ,17500.0,Wardrobe,20500.0,Measurement Match
Product Specifications _variant_price_backup_20260803_121334.xlsx,TFL-WDR-118-LB,Chest of Drawer ,17500.0,Wardrobe,20500.0,Measurement Match
Product Specifications _variant_price_backup_20260803_121334.xlsx,TFL-COD-116 MT,Chest of Drawer ,19990.0,Chest of Drawer,19990.0,Measurement Match
Product Specifications _variant_price_backup_20260803_121334.xlsx,TFL-WDR-115-LB,Wardrobe,19800.0,Wardrobe,20500.0,Measurement Match
Product Specifications _variant_price_backup_20260803_121334.xlsx,TFL-WDR-116-LB,Wardrobe,19800.0,Wardrobe,20500.0,Measurement Match
Product Specifications _variant_price_backup_20260803_121334.xlsx,TFL-WDR-117-LB,Wardrobe,19800.0,Wardrobe,20500.0,Measurement Match
Product Specifications _variant_price_backup_20260803_121334.xlsx,TFL-WDR-118-LB,Wardrobe,19800.0,Wardrobe,20500.0,Measurement Match
Product Specifications _variant_price_backup_20260803_121334.xlsx,TFL-WDR-402 WD,Wardrobe,42000.0,Wardrobe,42000.0,Measurement Match
Product Specifications _variant_price_backup_20260803_121334.xlsx,TFL-COD-405 WD,Chest of Drawer,33000.0,Chest of Drawer,32500.0,Measurement Match
Product Specifications _variant_price_backup_20260803_121334.xlsx,TFL-WDR-407 WD,Wardrobe,43500.0,Wardrobe,43500.0,Measurement Match
Product Specifications _variant_price_backup_20260803_121334.xlsx,TFL-WDR-106-WD,Wardrobe,47500.0,Wardrobe,47500.0,Measurement Match
Product Specifications _variant_price_backup_20260803_121334.xlsx,TFL-WDR-107-WD,Wardrobe,50500.0,Wardrobe,50500.0,Measurement Match
Product Specifications _variant_price_backup_20260803_121334.xlsx,TFL-COD-109-LB,Wardrobe,14200.0,Wardrobe,14200.0,Measurement Match
Product Specifications _variant_price_backup_20260803_121334.xlsx,TFL-WDR-108-WD,Wardrobe,48500.0,Wardrobe,48500.0,Measurement Match
Product Specifications _variant_price_backup_20260803_121334.xlsx,TFL-WDR-105 WD,Wardrobe,49500.0,Wardrobe,49500.0,Variant Name Match
Product Specifications _variant_price_backup_20260803_121334.xlsx,TFL-WDR-101 WD,Wardrobe,48000.0,Wardrobe,48000.0,Variant Name Match
Product Specifications _variant_price_backup_20260803_121334.xlsx,TFL-WDR-102 WD,Wardrobe,49000.0,Wardrobe,49000.0,Variant Name Match
Product Specifications _variant_price_backup_20260803_121334.xlsx,TFL-WDR-103 WD,Wardrobe,48000.0,Wardrobe,48000.0,Variant Name Match
Product Specifications _variant_price_backup_20260803_121334.xlsx,TFL-COD-104 WD,Wardrobe,39000.0,Chest of Drawer,39000.0,Variant Name Match
Product Specifications _variant_price_backup_20260803_121334.xlsx,TFL-WDR-104 WD,Wardrobe,46000.0,Wardrobe,46000.0,Variant Name Match
Product Specifications _variant_price_backup_20260803_121334.xlsx,TFL-WDD-204-LB,Wardrobe,19590.0,NO MATCH IN PDF,,
Product Specifications _variant_price_backup_20260803_121334.xlsx,TFL-COD-205-LB,Wardrobe,13980.0,Chest of Drawer,13980.0,Measurement Match
Product Specifications _variant_price_backup_20260803_121334.xlsx,TFL-WDD-202-LB,Wardrobe,17500.0,NO MATCH IN PDF,,
Product Specifications _variant_price_backup_20260803_121334.xlsx,TFL-WDD-201-LB,Wardrobe,16400.0,NO MATCH IN PDF,,
Product Specifications _variant_price_backup_20260803_121334.xlsx,TFL-COD-203-LB,Wardrobe,13990.0,Chest of Drawer,13990.0,Measurement Match
Product Specifications _variant_price_backup_20260803_121334.xlsx,TFL-ALN-201 LB,Alna,5700.0,Alna,5700.0,Measurement Match
Product Specifications _variant_price_backup_20260803_121334.xlsx,TFL-ALN-202 LB,Alna,7400.0,Alna,7400.0,Measurement Match
Product Specifications _variant_price_backup_20260803_121334.xlsx,TFL-CHD-201 LB,Alna,3550.0,Alna,3550.0,Measurement Match
Product Specifications _variant_price_backup_20260803_121334.xlsx,TFL-RET-201 LB,Reading Table,5500.0,Reading Table,4750.0,Measurement Match
Product Specifications _variant_price_backup_20260803_121334.xlsx,TFL-RET-202 LB,Reading Table,8600.0,Reading Table,7400.0,Measurement Match
Product Specifications _variant_price_backup_20260803_121334.xlsx,TFL-RET-203 LB,Reading Table,8300.0,Reading Table,7800.0,Measurement Match
Product Specifications _variant_price_backup_20260803_121334.xlsx,TFL-CMT-201 LB,Computer Table,3800.0,Computer Table,3800.0,Measurement Match
Product Specifications _variant_price_backup_20260803_121334.xlsx,TFL-SRK-201 LB,Shoe Rack,7750.0,Shoe Rack,6800.0,Measurement Match
Product Specifications _variant_price_backup_20260803_121334.xlsx,TFL-SRK-202 LB,Shoe Rack,7550.0,Shoe Rack,6500.0,Measurement Match
Product Specifications _variant_price_backup_20260803_121334.xlsx,TFL-SRK-203 LB,Shoe Rack,8400.0,Shoe Rack,7500.0,Measurement Match
Product Specifications _variant_price_backup_20260803_121334.xlsx,TFL-RKC-106 MT,Rocking Chair,6600.0,Rocking Chair,6600.0,Variant Name Match
Product Specifications _variant_price_backup_20260803_121334.xlsx,TFL-DVN-201 FF,Divan,32400.0,Divan,32400.0,Measurement Match
Product Specifications _variant_price_backup_20260803_121334.xlsx,TFL-DVN-202 FF,Divan,34000.0,Divan,34000.0,Measurement Match
Product Specifications _variant_price_backup_20260803_121334.xlsx,TFL-DVN-203 FR,Divan,30500.0,Divan,30500.0,Measurement Match
Product Specifications _variant_price_backup_20260803_121334.xlsx,TFL-SOF-101 WD,Sofa,17000.0,Sofa (Single Seater),17000.0,Measurement Match
Product Specifications _variant_price_backup_20260803_121334.xlsx,TFL-SOF-101 WD,Sofa,27000.0,Sofa (Double Seater),27000.0,Measurement Match
Product Specifications _variant_price_backup_20260803_121334.xlsx,TFL-SOF-102 WD,Sofa,19500.0,Sofa (Single Seater),19500.0,Measurement Match
Product Specifications _variant_price_backup_20260803_121334.xlsx,TFL-SOF-102 WD,Sofa,27500.0,Sofa (Double Seater),27500.0,Measurement Match
Product Specifications _variant_price_backup_20260803_121334.xlsx,TFL-SOF-103 WD,Sofa,19800.0,Sofa (Single Seater),19800.0,Measurement Match
Product Specifications _variant_price_backup_20260803_121334.xlsx,TFL-SOF-103 WD,Sofa,25500.0,Sofa (Double Seater),25500.0,Measurement Match
Product Specifications _variant_price_backup_20260803_121334.xlsx,TFL-SOF-104 WD,Sofa,21490.0,Sofa (Single Seater),21490.0,Measurement Match
Product Specifications _variant_price_backup_20260803_121334.xlsx,TFL-SOF-104 WD,Sofa,29200.0,Sofa (Double Seater),29200.0,Measurement Match
Product Specifications _variant_price_backup_20260803_121334.xlsx,TFL-SOF-105 WD,Sofa,15000.0,Sofa (Single Seater),15000.0,Measurement Match
Product Specifications _variant_price_backup_20260803_121334.xlsx,TFL-SOF-105 WD,Sofa,26000.0,Sofa (Double Seater),26000.0,Measurement Match
Product Specifications _variant_price_backup_20260803_121334.xlsx,TFL-SOF-105 WD,Sofa,34500.0,Sofa (Triple Seater),34500.0,Measurement Match
Product Specifications _variant_price_backup_20260803_121334.xlsx,TFL-SOF-106 WD,Sofa,14980.0,Sofa (Single Seater),14980.0,Measurement Match
Product Specifications _variant_price_backup_20260803_121334.xlsx,TFL-SOF-106 WD,Sofa,22000.0,Sofa (Double Seater),22000.0,Measurement Match
Product Specifications _variant_price_backup_20260803_121334.xlsx,TFL-SOF-107 WD,Sofa,20500.0,Sofa (Single Seater),20500.0,Measurement Match
Product Specifications _variant_price_backup_20260803_121334.xlsx,TFL-SOF-107 WD,Sofa,28500.0,Sofa (Double Seater),28500.0,Measurement Match
Product Specifications _variant_price_backup_20260803_121334.xlsx,TFL-SOF-108 WD,Sofa,20800.0,Sofa (Single Seater),20800.0,Measurement Match
Product Specifications _variant_price_backup_20260803_121334.xlsx,TFL-SOF-108-D- WD,Sofa,28000.0,Sofa (Double Seater),28000.0,Measurement Match
Product Specifications _variant_price_backup_20260803_121334.xlsx,TFL-SOF-123-FR,Sofa,49000.0,Sofa (1 Seater),49000.0,Variant Name Match
Product Specifications _variant_price_backup_20260803_121334.xlsx,TFL-SOF-102-FR,Sofa,56000.0,Sofa (2 Seater),56000.0,Variant + Closest Meas
Product Specifications _variant_price_backup_20260803_121334.xlsx,TFL-SOF-102-FR,Sofa,59000.0,Sofa (2 Seater),56000.0,Variant + Closest Meas
Product Specifications _variant_price_backup_20260803_121334.xlsx,TFL-CRT-101 WD,Center Table,9990.0,Center Table,9990.0,Measurement Match
Product Specifications _variant_price_backup_20260803_121334.xlsx,TFL-CRT-102 WD,Center Table,10980.0,Center Table,10980.0,Measurement Match
Product Specifications _variant_price_backup_20260803_121334.xlsx,TFL-CRT-103 WD,Center Table,7980.0,Center Table,7980.0,Measurement Match
Product Specifications _variant_price_backup_20260803_121334.xlsx,TFL-CRT-104 WD,Center Table,14990.0,Center Table,14990.0,Measurement Match
Product Specifications _variant_price_backup_20260803_121334.xlsx,TFL-CRT-106 WD,Center Table,14980.0,Center Table,14980.0,Measurement Match
Product Specifications _variant_price_backup_20260803_121334.xlsx,TFL-CRT-107 WD,Center Table,9890.0,Center Table,9890.0,Measurement Match
Product Specifications _variant_price_backup_20260803_121334.xlsx,TFL-CRT-108 WD,Center Table,12000.0,Center Table,12000.0,Measurement Match
Product Specifications _variant_price_backup_20260803_121334.xlsx,TFL-STD-106 WD,Center Table,8880.0,Center Table,8880.0,Measurement Match
Product Specifications _variant_price_backup_20260803_121334.xlsx,TFL-STD-107 WD,Sidetable,6500.0,Side Table,6500.0,Measurement Match
Product Specifications _variant_price_backup_20260803_121334.xlsx,TFL-STD-108 WD,Sidetable,7980.0,Side Table,7980.0,Measurement Match
Product Specifications _variant_price_backup_20260803_121334.xlsx,TFL-STD-101 WD,Sidetable,7980.0,Side Table,7980.0,Measurement Match
Product Specifications _variant_price_backup_20260803_121334.xlsx,TFL-STD-102 WD,Sidetable,7990.0,Side Table,7990.0,Measurement Match
Product Specifications _variant_price_backup_20260803_121334.xlsx,TFL-STD-103 WD,Sidetable,4990.0,Side Table,4990.0,Measurement Match
Product Specifications _variant_price_backup_20260803_121334.xlsx,TFL-OSD-201 LB,Oven Shelf,6300.0,Oven Shelf,6300.0,Measurement Match
Product Specifications _variant_price_backup_20260803_121334.xlsx,TFL-DNT-201 MT,Dining Talbe,12990.0,Dining Talbe,12990.0,Measurement Match
Product Specifications _variant_price_backup_20260803_121334.xlsx,TFL-DNC-201 MT,Dining Chair,2495.0,Dining Chair,2495.0,Measurement Match
Product Specifications _variant_price_backup_20260803_121334.xlsx,TFL-DNT-202 MT,Dining Talbe,13200.0,Dining Talbe,13200.0,Measurement Match
Product Specifications _variant_price_backup_20260803_121334.xlsx,TFL-DNC-202 MT,Dining Chair,3200.0,Dining Chair,3200.0,Measurement Match
Product Specifications _variant_price_backup_20260803_121334.xlsx,TFL-DNT-114,Dining Table,29980.0,NO MATCH IN PDF,,
Product Specifications _variant_price_backup_20260803_121334.xlsx,TFL-DNT-108 WD,Dining Table,35990.0,Dining Table,35990.0,Variant Name Match
Product Specifications _variant_price_backup_20260803_121334.xlsx,TFL-DNT-102,Dining Table,21500.0,Dining Table,21500.0,Variant Name Match
Product Specifications _variant_price_backup_20260803_121334.xlsx,TFL-DNT-101 WD,Dining Table,48000.0,Dining Table,48000.0,Variant Name Match
Product Specifications _variant_price_backup_20260803_121334.xlsx,TFL-DNT-103 WD,Dining Table,30800.0,Dining Table,30800.0,Measurement Match
Product Specifications _variant_price_backup_20260803_121334.xlsx,TFL-DNT-104 WD,Dining Table,29980.0,Dining Table,29980.0,Measurement Match
Product Specifications _variant_price_backup_20260803_121334.xlsx,TFL-DNT-105 WD,Dining Table,79000.0,Dining Table,79000.0,Measurement Match
Product Specifications _variant_price_backup_20260803_121334.xlsx,TFL-DNT-112 WD,Dining Table,33200.0,Dining Table,33200.0,Measurement Match
Product Specifications _variant_price_backup_20260803_121334.xlsx,TFL-DNC-101 WD,Dining Chair,8200.0,Dining Chair,8200.0,Measurement Match
Product Specifications _variant_price_backup_20260803_121334.xlsx,TFL-DNC-102 WD,Dining Chair,7500.0,Dining Chair,7500.0,Measurement Match
Product Specifications _variant_price_backup_20260803_121334.xlsx,TFL-DNC-103 WD,Dining Chair,7000.0,Dining Chair,7000.0,Measurement Match
Product Specifications _variant_price_backup_20260803_121334.xlsx,TFL-DNC-104 WD,Dining Chair,14980.0,Dining Chair,14980.0,Measurement Match
Product Specifications _variant_price_backup_20260803_121334.xlsx,TFL-DNC-105 WD,Dining Chair,13990.0,Dining Chair,13990.0,Variant Name Match
Product Specifications _variant_price_backup_20260803_121334.xlsx,TFL-DNC-108 WD,Dining Chair,7050.0,Dining Chair,7050.0,Measurement Match
Product Specifications _variant_price_backup_20260803_121334.xlsx,TFL-DNC-112 WD,Dining Chair,8500.0,Dining Chair,8500.0,Measurement Match
Product Specifications _variant_price_backup_20260803_121334.xlsx,TFL-DNC-114 WD,Dining Chair,8500.0,Dining Chair,8500.0,Measurement Match
Product Specifications _variant_price_backup_20260803_121334.xlsx,TFL-DSB-101 WD,Sideboard,49000.0,Sideboard,49000.0,Measurement Match
Product Specifications _variant_price_backup_20260803_121334.xlsx,TFL-DSB-102 WD,Sideboard,48000.0,Sideboard,48000.0,Measurement Match
Product Specifications _variant_price_backup_20260803_121334.xlsx,TFL-DSB-103 WD,Sideboard,35990.0,Sideboard,35990.0,Measurement Match
Product Specifications _variant_price_backup_20260803_121334.xlsx,TFL-DSB-104 WD,Sideboard,29000.0,Sideboard,29000.0,Measurement Match
Product Specifications _variant_price_backup_20260803_121334.xlsx,TFL-DSB-105 WD,Sideboard,33000.0,Sideboard,33000.0,Measurement Match
Product Specifications _variant_price_backup_20260803_121334.xlsx,TFL-DSC-201 LB,Showcase,25550.0,Showcase,25550.0,Measurement Match
Product Specifications _variant_price_backup_20260803_121334.xlsx,TFL-DSC-202 LB,Showcase,28000.0,Showcase,28000.0,Measurement Match
Product Specifications _variant_price_backup_20260803_121334.xlsx,TFL-DNW-102 WD,Showcase,72000.0,Showcase,72000.0,Variant + Closest Meas
Product Specifications _variant_price_backup_20260803_121334.xlsx,TFL-DNW-102 WD,Showcase,64980.0,Showcase,72000.0,Variant + Closest Meas
Product Specifications _variant_price_backup_20260803_121334.xlsx,TFL-DNW-103 WD,Showcase,70000.0,Showcase,70000.0,Measurement Match
Product Specifications _variant_price_backup_20260803_121334.xlsx,TFL-DNW-104 WD,Showcase,49000.0,Showcase,49000.0,Measurement Match
Product Specifications _variant_price_backup_20260803_121334.xlsx,TFL-DNW-105 WD,Showcase,59000.0,Showcase,59000.0,Measurement Match
Product Specifications _variant_price_backup_20260803_121334.xlsx,TFL-DNW-110 WD,Dinner Wagon,65000.0,Dinner Wagon,65000.0,Measurement Match
Product Specifications _variant_price_backup_20260803_121334.xlsx,TFL-TVC-101 WD,TV Cabinet,27000.0,TV Cabinet,27000.0,Measurement Match
Product Specifications _variant_price_backup_20260803_121334.xlsx,TFL-TVC-103 WD,TV Cabinet,29500.0,TV Cabinet,29500.0,Measurement Match
Product Specifications _variant_price_backup_20260803_121334.xlsx,TFL-TVC-104 WD,TV Cabinet,25000.0,TV Cabinet,25000.0,Measurement Match
Product Specifications _variant_price_backup_20260803_121334.xlsx,TFL-TVC-102 WD,TV Cabinet,27500.0,TV Cabinet,27500.0,Measurement Match
Product Specifications _variant_price_backup_20260803_121334.xlsx,TFL-TVC-106 WD,TV Cabinet,20000.0,TV Cabinet,20000.0,Measurement Match
Product Specifications _variant_price_backup_20260803_121334.xlsx,TFL-TVC-107 WD,TV Cabinet,20000.0,TV Cabinet,20000.0,Measurement Match
Product Specifications _variant_price_backup_20260803_121334.xlsx,TFL-TVC-108 WD,TV Cabinet,17000.0,TV Cabinet,17000.0,Measurement Match
Product Specifications _variant_price_backup_20260803_121334.xlsx,TFL-TVC-109 -LB,TV Cabinet,17000.0,TV Cabinet,17000.0,Measurement Match
Product Specifications _variant_price_backup_20260803_121334.xlsx,TFL-TVC-110 WD,TV Cabinet,22000.0,TV Cabinet,22000.0,Measurement Match
Product Specifications _variant_price_backup_20260803_121334.xlsx,TFL-TVC-105 WD,TV Cabinet,23000.0,TV Cabinet,23000.0,Measurement Match
Product Specifications _variant_price_backup_20260803_121334.xlsx,TFL-TVC-112 -LB,TV Cabinet,13500.0,TV Cabinet,13500.0,Measurement Match
Product Specifications _variant_price_backup_20260803_121334.xlsx,TFL-TVC-111 WD,TV Cabinet,15500.0,TV Cabinet,15500.0,Measurement Match
Product Specifications _variant_price_backup_20260803_121334.xlsx,TFL-SRK-101 WD,Shoe Rack,31757.0,Shoe Rack,31757.0,Measurement Match
Product Specifications _variant_price_backup_20260803_121334.xlsx,TFL-SRK-103 WD,Shoe Rack,38700.0,Shoe Rack,38700.0,Measurement Match
Product Specifications _variant_price_backup_20260803_121334.xlsx,TFL-SRK-104 WD,Shoe Rack,30600.0,Shoe Rack,30600.0,Measurement Match
Product Specifications _variant_price_backup_20260803_121334.xlsx,TFL-SRK-105 WD,Shoe Rack,17100.0,Shoe Rack,17100.0,Measurement Match
Product Specifications _variant_price_backup_20260803_121334.xlsx,TFL-SRK-106 WD,Shoe Rack,36900.0,Shoe Rack,36900.0,Measurement Match
Product Specifications _variant_price_backup_20260803_121334.xlsx,TFL-SRK-107 WD,Shoe Rack,12600.0,Shoe Rack,12600.0,Measurement Match
Product Specifications _variant_price_backup_20260803_121334.xlsx,TFL-SRK-108 WD,Shoe Rack,38000.0,Shoe Rack,38000.0,Measurement Match
Product Specifications _variant_price_backup_20260803_121334.xlsx,TFL-SRK-110 WD,Shoe Rack,41400.0,Shoe Rack,41400.0,Measurement Match
Product Specifications _variant_price_backup_20260803_121334.xlsx,TFL-SRK-109 WD,Shoe Rack,11200.0,Shoe Rack,11200.0,Measurement Match
Product Specifications _variant_price_backup_20260803_121334.xlsx,TFL-SRK-102 WD,Shoe Rack,29700.0,Shoe Rack,29700.0,Measurement Match
Product Specifications _variant_price_backup_20260803_121334.xlsx,TFL-RET-101 -MS,Reading Table,12900.0,Reading Table,12900.0,Measurement Match
Product Specifications _variant_price_backup_20260803_121334.xlsx,TFL-RET-102 -WD,Reading Table,17000.0,Reading Table,17000.0,Measurement Match
Product Specifications _variant_price_backup_20260803_121334.xlsx,TFL-RET-103 -WD,Reading Table,25000.0,Reading Table,25000.0,Measurement Match
Product Specifications _variant_price_backup_20260803_121334.xlsx,TFL-RET-104 -WD,Reading Table,29000.0,Reading Table,29000.0,Measurement Match
Product Specifications _variant_price_backup_20260803_121334.xlsx,TFL-RET-105 WD,Reading Table,19000.0,Reading Table,19000.0,Measurement Match
Product Specifications _variant_price_backup_20260803_121334.xlsx,TFL-RET-106 -WD,Reading Table,25000.0,Reading Table,25000.0,Measurement Match
Product Specifications _variant_price_backup_20260803_121334.xlsx,TFL-RET-107 -WD,Reading Table,8000.0,Reading Table,8000.0,Measurement Match
Product Specifications _variant_price_backup_20260803_121334.xlsx,TFL-RET-108 -WD,Reading Table,19000.0,Reading Table,19000.0,Measurement Match
Product Specifications _variant_price_backup_20260803_121334.xlsx,TFL-RET-109 -WD,Reading Table,23000.0,Reading Table,23000.0,Measurement Match
Product Specifications _variant_price_backup_20260803_121334.xlsx,TFL-RET-110 -LB,Reading Table,12000.0,Reading Table,12000.0,Measurement Match
Product Specifications _variant_price_backup_20260803_121334.xlsx,TFL-BKS-101 WD,Bookshelf,65000.0,Bookshelf,65000.0,Measurement Match
Product Specifications _variant_price_backup_20260803_121334.xlsx,TFL-BKS-102 WD,Bookshelf,56000.0,Bookshelf,56000.0,Measurement Match
Product Specifications _variant_price_backup_20260803_121334.xlsx,TFL-BKS-103 WD,Bookshelf,65000.0,Bookshelf,65000.0,Measurement Match
Product Specifications _variant_price_backup_20260803_121334.xlsx,TFL-BKS-104 WD,Bookshelf,50000.0,Bookshelf,50000.0,Measurement Match
Product Specifications _variant_price_backup_20260803_121334.xlsx,TFL-BKS-105 WD,Bookshelf,50000.0,Bookshelf,50000.0,Measurement Match
Product Specifications _variant_price_backup_20260803_121334.xlsx,TFL-BED-131 LB,Kids Bed,18000.0,Kids Bed,18100.0,Variant Name Match
Product Specifications _variant_price_backup_20260803_121334.xlsx,TFL-BED-132 LB,Kids Bed,19350.0,Kids Bed,17500.0,Variant Name Match
Product Specifications _variant_price_backup_20260803_121334.xlsx,TFL-BED-133 LB,Kids Bed,19800.0,Kids Bed,20500.0,Variant Name Match
Product Specifications _variant_price_backup_20260803_121334.xlsx,TFL-BED-134 LB,Kids Bed,18900.0,Kids Bed,18300.0,Variant Name Match
Product Specifications _variant_price_backup_20260803_121334.xlsx,TFL-BED-135 LB,Kids Bed,21600.0,Kids Bed,20500.0,Variant Name Match
Product Specifications _variant_price_backup_20260803_121334.xlsx,TFL-BED-136 LB,Kids Bed,20700.0,Kids Bed,18200.0,Variant Name Match
Product Specifications _variant_price_backup_20260803_121334.xlsx,TFL-INN-101 WD,Reading Table Cum Coffee Table,30000.0,Reading Table Cum Coffee Table,30000.0,Measurement Match
Product Specifications _variant_price_backup_20260803_121334.xlsx,TFL-INN-102 WD,"Folding Coffee Table
With Stool",28000.0,Folding Coffee Table With Stool,28000.0,Measurement Match
Product Specifications _variant_price_backup_20260803_121334.xlsx,TFL-INN-103 WD,Folding Reading Table,55000.0,Folding Reading Table,55000.0,Measurement Match
Product Specifications _variant_price_backup_20260803_121334.xlsx,TFL-INN-104 WD,Folding Reading Table,9000.0,Folding Reading Table,9000.0,Measurement Match
Product Specifications _variant_price_backup_20260803_121334.xlsx,TFL-INN-105 WD,Reading Table Cum Cabinet,20000.0,Reading Table Cum Cabinet,20000.0,Measurement Match
Product Specifications _variant_price_backup_20260803_121334.xlsx,TFL-INN-106 WD,Reading Table Cum Cabinet,27000.0,Reading Table Cum Cabinet,27000.0,Measurement Match
Product Specifications _variant_price_backup_20260803_121334.xlsx,TFL-INN-107 WD,Dining Table Cum Hanging Cabinet,30000.0,Dining Table Cum Hanging Cabinet,30000.0,Measurement Match
Product Specifications _variant_price_backup_20260803_121334.xlsx,TFL-INN-108 WD,Dining Table Cum Cabinet,32000.0,Dining Table Cum Cabinet,32000.0,Measurement Match
Product Specifications _variant_price_backup_20260803_121334.xlsx,TFL-INN-109 WD,Folding Bed Cum Cabinet,42000.0,Folding Bed Cum Cabinet,42000.0,Measurement Match
Product Specifications _variant_price_backup_20260803_121334.xlsx,TFL-STA-101 MT,2-Door Steel Almirah,28500.0,Steel Almirah UV (2 Door),28500.0,Measurement Match
Product Specifications _variant_price_backup_20260803_121334.xlsx,TFL-STA-102 MT,2-Door Steel Almirah,28500.0,Steel Almirah UV (2 Door),28500.0,Measurement Match
Product Specifications _variant_price_backup_20260803_121334.xlsx,TFL-STA-103 MT,2-Door Steel Almirah,28500.0,Steel Almirah UV (2 Door),28500.0,Measurement Match
Product Specifications _variant_price_backup_20260803_121334.xlsx,TFL-STA-104 MT,2-Door Steel Almirah,28500.0,Steel Almirah UV (2 Door),28500.0,Measurement Match
Product Specifications _variant_price_backup_20260803_121334.xlsx,TFL-STA-105 MT,2-Door Steel Almirah,28500.0,Steel Almirah UV (2 Door),28500.0,Measurement Match
Product Specifications _variant_price_backup_20260803_121334.xlsx,TFL-STA-106 MT,2-Door Steel Almirah,28500.0,Steel Almirah UV (2 Door),28500.0,Measurement Match
Product Specifications _variant_price_backup_20260803_121334.xlsx,TFL-STA-107 MT,2-Door Steel Almirah,28500.0,Steel Almirah UV (2 Door),28500.0,Measurement Match
Product Specifications _variant_price_backup_20260803_121334.xlsx,TFL-STA-108 MT,2-Door Steel Almirah,28500.0,Steel Almirah UV (2 Door),28500.0,Measurement Match
Product Specifications _variant_price_backup_20260803_121334.xlsx,TFL-STA-109 MT,2-Door Steel Almirah,28500.0,Steel Almirah UV (2 Door),28500.0,Measurement Match
Product Specifications _variant_price_backup_20260803_121334.xlsx,TFL-STA-110 MT,2-Door Steel Almirah,28500.0,Steel Almirah UV (2 Door),28500.0,Measurement Match
Product Specifications _variant_price_backup_20260803_121334.xlsx,TFL-STA-111 MT,2-Door Steel Almirah,28500.0,Steel Almirah UV (2 Door),28500.0,Measurement Match
Product Specifications _variant_price_backup_20260803_121334.xlsx,TFL-STA-112 MT,2-Door Steel Almirah,28500.0,Steel Almirah UV (2 Door),28500.0,Measurement Match
Product Specifications _variant_price_backup_20260803_121334.xlsx,TFL-STA-113 MT,2-Door Steel Almirah,28500.0,Steel Almirah UV (2 Door),28500.0,Measurement Match
Product Specifications _variant_price_backup_20260803_121334.xlsx,TFL-STA-114 MT,2-Door Steel Almirah,28500.0,Steel Almirah UV (2 Door),28500.0,Measurement Match
Product Specifications _variant_price_backup_20260803_121334.xlsx,TFL-STA-115 MT,2-Door Steel Almirah,28500.0,Steel Almirah UV (2 Door),28500.0,Measurement Match
Product Specifications _variant_price_backup_20260803_121334.xlsx,TFL-STA-116 MT,2-Door Steel Almirah,28500.0,Steel Almirah UV (2 Door),28500.0,Measurement Match
Product Specifications _variant_price_backup_20260803_121334.xlsx,TFL-STA-117 MT,2-Door Steel Almirah,27000.0,Steel Almirah (2 Door),27000.0,Measurement Match
Product Specifications _variant_price_backup_20260803_121334.xlsx,TFL-STA-118 MT,2-Door Steel Almirah,27000.0,Steel Almirah (2 Door),27000.0,Measurement Match
Product Specifications _variant_price_backup_20260803_121334.xlsx,TFL-IRS-101 WD,Iron Shelf,16100.0,Iron Shelf,16100.0,Measurement Match
Product Specifications _variant_price_backup_20260803_121334.xlsx,TFL-IRS-102 WD,Iron Shelf,20000.0,Iron Shelf,20000.0,Measurement Match
Product Specifications _variant_price_backup_20260803_121334.xlsx,TFL-IRS-103 WD,Iron Shelf,20700.0,Iron Shelf,20700.0,Measurement Match
Product Specifications _variant_price_backup_20260803_121334.xlsx,TFL-STO-202 LB,Sr. Executive Table,27000.0,NO MATCH IN PDF,,
Product Specifications _variant_price_backup_20260803_121334.xlsx,TFL-STO-203 LB,Sr. Executive Table,25000.0,NO MATCH IN PDF,,
Product Specifications _variant_price_backup_20260803_121334.xlsx,TFL-STO-204 LB,Sr. Executive Table,22500.0,NO MATCH IN PDF,,
Product Specifications _variant_price_backup_20260803_121334.xlsx,TFL-STO-205 LB,Sr. Executive Table,30500.0,NO MATCH IN PDF,,
Product Specifications _variant_price_backup_20260803_121334.xlsx,TFL-STO-206 LB,Sr. Executive Table,22500.0,NO MATCH IN PDF,,
Product Specifications _variant_price_backup_20260803_121334.xlsx,TFL-STO-207 LB,Sr. Executive Table,22500.0,NO MATCH IN PDF,,
Product Specifications _variant_price_backup_20260803_121334.xlsx,TFL-STO-208 LB,Sr. Executive Table,11300.0,NO MATCH IN PDF,,
Product Specifications _variant_price_backup_20260803_121334.xlsx,TFL-STO-209 LB,Sr. Executive Table,8900.0,NO MATCH IN PDF,,
Product Specifications _variant_price_backup_20260803_121334.xlsx,TFL-STO-210 LB,Sr. Executive Table,19500.0,NO MATCH IN PDF,,
Product Specifications _variant_price_backup_20260803_121334.xlsx,TFL-STO-211 LB,Sr. Executive Table,12200.0,NO MATCH IN PDF,,
Product Specifications _variant_price_backup_20260803_121334.xlsx,TFL-STO-212 LB,Sr. Executive Table,18800.0,NO MATCH IN PDF,,
Product Specifications _variant_price_backup_20260803_121334.xlsx,TFL-STO-213 LB,Sr. Executive Table,20500.0,NO MATCH IN PDF,,
Product Specifications _variant_price_backup_20260803_121334.xlsx,TFL-STO-214 LB,Sr. Executive Table,23500.0,NO MATCH IN PDF,,
Product Specifications _variant_price_backup_20260803_121334.xlsx,TFL-ETO-215 LB,Executive Table,7800.0,NO MATCH IN PDF,,
Product Specifications _variant_price_backup_20260803_121334.xlsx,TFL-ETO-216 LB,Executive Table,11500.0,NO MATCH IN PDF,,
Product Specifications _variant_price_backup_20260803_121334.xlsx,TFL-ETO-217 LB,Executive Table,9500.0,NO MATCH IN PDF,,
Product Specifications _variant_price_backup_20260803_121334.xlsx,TFL-ETO-218 LB,Executive Table,12500.0,NO MATCH IN PDF,,
Product Specifications _variant_price_backup_20260803_121334.xlsx,TFL-ETO-219 LB,Executive Table,11700.0,NO MATCH IN PDF,,
Product Specifications _variant_price_backup_20260803_121334.xlsx,TFL-ETO-220 LB,Executive Table,12500.0,NO MATCH IN PDF,,
Product Specifications _variant_price_backup_20260803_121334.xlsx,TFL-ETO-221 LB,Executive Table,10700.0,NO MATCH IN PDF,,
Product Specifications _variant_price_backup_20260803_121334.xlsx,TFL-ETO-222 LB,Executive Table,13500.0,NO MATCH IN PDF,,
Product Specifications _variant_price_backup_20260803_121334.xlsx,TFL-ETO-223 LB,Executive Table,6900.0,NO MATCH IN PDF,,
Product Specifications _variant_price_backup_20260803_121334.xlsx,TFL-ETO-224 LB,Executive Table,6600.0,NO MATCH IN PDF,,
Product Specifications _variant_price_backup_20260803_121334.xlsx,TFL-ETO-225 LB,Executive Table,14500.0,NO MATCH IN PDF,,
Product Specifications _variant_price_backup_20260803_121334.xlsx,TFL-ETO-226 LB,Executive Table,6000.0,NO MATCH IN PDF,,
Product Specifications _variant_price_backup_20260803_121334.xlsx,TFL-ETO-227 LB,Executive Table,14700.0,NO MATCH IN PDF,,
Product Specifications _variant_price_backup_20260803_121334.xlsx,TFL-ETO-228 LB,Executive Table,11300.0,NO MATCH IN PDF,,
Product Specifications _variant_price_backup_20260803_121334.xlsx,TFL-DUO-201 LB,Mobile Drawer Unit,6400.0,NO MATCH IN PDF,,
Product Specifications _variant_price_backup_20260803_121334.xlsx,TFL-DUO-202 LB,Mobile Drawer Unit,6200.0,NO MATCH IN PDF,,
Product Specifications _variant_price_backup_20260803_121334.xlsx,TFL-DUO-203 LB,Mobile Drawer Unit,5700.0,NO MATCH IN PDF,,
Product Specifications _variant_price_backup_20260803_121334.xlsx,TFL-DUO-204 LB,Mobile Drawer Unit,5400.0,NO MATCH IN PDF,,
Product Specifications _variant_price_backup_20260803_121334.xlsx,TFL-DUO-205 LB,Hanging Drawer,4300.0,NO MATCH IN PDF,,
Product Specifications _variant_price_backup_20260803_121334.xlsx,TFL-DUO-206 LB,Hanging Drawer,3200.0,NO MATCH IN PDF,,
Product Specifications _variant_price_backup_20260803_121334.xlsx,TFL-DUO-207 LB,Hanging Drawer,2300.0,NO MATCH IN PDF,,
Product Specifications _variant_price_backup_20260803_121334.xlsx,TFL-SRO-201 LB,Side Rack,8800.0,NO MATCH IN PDF,,
Product Specifications _variant_price_backup_20260803_121334.xlsx,TFL-SRO-202 LB,Side Rack,5000.0,NO MATCH IN PDF,,
Product Specifications _variant_price_backup_20260803_121334.xlsx,TFL-SRO-203 LB,Side Rack,8100.0,NO MATCH IN PDF,,
Product Specifications _variant_price_backup_20260803_121334.xlsx,TFL-SRO-204 LB,Side Rack,8500.0,NO MATCH IN PDF,,
Product Specifications _variant_price_backup_20260803_121334.xlsx,TFL-SRO-205 LB,Side Rack,9050.0,NO MATCH IN PDF,,
Product Specifications _variant_price_backup_20260803_121334.xlsx,TFL-SRO-206 LB,Side Rack,8600.0,NO MATCH IN PDF,,
Product Specifications _variant_price_backup_20260803_121334.xlsx,TFL-CTO-201 LB,Computer Table,6900.0,NO MATCH IN PDF,,
Product Specifications _variant_price_backup_20260803_121334.xlsx,TFL-CTO-202 LB,Computer Table,3950.0,NO MATCH IN PDF,,
Product Specifications _variant_price_backup_20260803_121334.xlsx,TFL-CTO-203 LB,Computer Table,8500.0,NO MATCH IN PDF,,
Product Specifications _variant_price_backup_20260803_121334.xlsx,TFL-CTO-204 LB,Computer Table,6500.0,NO MATCH IN PDF,,
Product Specifications _variant_price_backup_20260803_121334.xlsx,TFL-CTO-205 LB,Computer Table,3700.0,NO MATCH IN PDF,,
Product Specifications _variant_price_backup_20260803_121334.xlsx,TFL-CTO-206 LB,Computer Table,6700.0,NO MATCH IN PDF,,
Product Specifications _variant_price_backup_20260803_121334.xlsx,TFL-MPO-201 LB,Multipurpose Shelf,12500.0,NO MATCH IN PDF,,
Product Specifications _variant_price_backup_20260803_121334.xlsx,TFL-MPO-202 LB,Multipurpose Shelf,15400.0,NO MATCH IN PDF,,
Product Specifications _variant_price_backup_20260803_121334.xlsx,TFL-MPO-203 LB,Multipurpose Shelf,12700.0,NO MATCH IN PDF,,
Product Specifications _variant_price_backup_20260803_121334.xlsx,TFL-MPO-204 LB,Multipurpose Shelf,7995.0,NO MATCH IN PDF,,
Product Specifications _variant_price_backup_20260803_121334.xlsx,TFL-HCO-201 LB,Hanging File Cabinet,6800.0,NO MATCH IN PDF,,
Product Specifications _variant_price_backup_20260803_121334.xlsx,TFL-HCO-202 LB,Hanging File Cabinet,5350.0,NO MATCH IN PDF,,
Product Specifications _variant_price_backup_20260803_121334.xlsx,TFL-HCO-202 LB,Hanging File Cabinet,7250.0,NO MATCH IN PDF,,
Product Specifications _variant_price_backup_20260803_121334.xlsx,TFL-OCT-201 LB,Conference Table,6500.0,NO MATCH IN PDF,,
Product Specifications _variant_price_backup_20260803_121334.xlsx,TFL-OCT-201 LB,Conference Table,4500.0,NO MATCH IN PDF,,
Product Specifications _variant_price_backup_20260803_121334.xlsx,TFL-OCT-201 LB,Conference Table,4300.0,NO MATCH IN PDF,,
Product Specifications _variant_price_backup_20260803_121334.xlsx,TFL-OCT-202 LB,Conference Table,14500.0,NO MATCH IN PDF,,
Product Specifications _variant_price_backup_20260803_121334.xlsx,TFL-OCT-203 LB,Conference Table,24000.0,NO MATCH IN PDF,,
Product Specifications _variant_price_backup_20260803_121334.xlsx,TFL-OCT-204 LB,Conference Table,7500.0,NO MATCH IN PDF,,
Product Specifications _variant_price_backup_20260803_121334.xlsx,TFL-OSF-301 FR,2- Seater Sofa,0,NO MATCH IN PDF,,
Product Specifications _variant_price_backup_20260803_121334.xlsx,TFL-OSF-302 FR,2- Seater Sofa,25000.0,NO MATCH IN PDF,,
Product Specifications _variant_price_backup_20260803_121334.xlsx,TFL-OSF-303 FR,2- Seater Sofa,32000.0,NO MATCH IN PDF,,
Product Specifications _variant_price_backup_20260803_121334.xlsx,TFL-OSF-304 FR,2- Seater Sofa,0,NO MATCH IN PDF,,
Product Specifications _variant_price_backup_20260803_121334.xlsx,TFL-OSF-305 FR,2- Seater Sofa,22500.0,NO MATCH IN PDF,,
Product Specifications _variant_price_backup_20260803_121334.xlsx,TFL-OSF-306 FR,2- Seater Sofa,14500.0,NO MATCH IN PDF,,
Product Specifications _variant_price_backup_20260803_121334.xlsx,TFL-OSF-307 FR,2- Seater Sofa,19500.0,NO MATCH IN PDF,,
Product Specifications _variant_price_backup_20260803_121334.xlsx,TFL-OSF-308 FR,None,0,NO MATCH IN PDF,,
Product Specifications _variant_price_backup_20260803_121334.xlsx,TFL-SOF-309 FR,2- Seater Sofa,0,NO MATCH IN PDF,,
Product Specifications _variant_price_backup_20260803_121334.xlsx,TFL-SOF-310 FR,3- Seater Sofa,0,NO MATCH IN PDF,,
Product Specifications _variant_price_backup_20260803_121334.xlsx,TFL-ECO-301 FF,Office Chair ,0,NO MATCH IN PDF,,
Product Specifications _variant_price_backup_20260803_121334.xlsx,TFL-ECO-302 FF,Office Chair ,0,NO MATCH IN PDF,,
Product Specifications _variant_price_backup_20260803_121334.xlsx,TFL-ECO-303 FF,Office Chair ,0,NO MATCH IN PDF,,
Product Specifications _variant_price_backup_20260803_121334.xlsx,TFL-ECO-304 FF,Office Chair ,0,NO MATCH IN PDF,,
Product Specifications _variant_price_backup_20260803_121334.xlsx,TFL-ECO-305 FR,Office Chair ,32000.0,NO MATCH IN PDF,,
Product Specifications _variant_price_backup_20260803_121334.xlsx,TFL-ECO-306 FR,Office Chair ,0,NO MATCH IN PDF,,
Product Specifications _variant_price_backup_20260803_121334.xlsx,TFL-ECO-307 FR,Office Chair ,0,NO MATCH IN PDF,,
Product Specifications _variant_price_backup_20260803_121334.xlsx,TFL-ECO-308 FR,Office Chair ,0,NO MATCH IN PDF,,
Product Specifications _variant_price_backup_20260803_121334.xlsx,TFL-ECO-308 FR,Office Chair ,0,NO MATCH IN PDF,,
Product Specifications _variant_price_backup_20260803_121334.xlsx,TFL-ECO-309 FR,Office Chair ,38000.0,NO MATCH IN PDF,,
Product Specifications _variant_price_backup_20260803_121334.xlsx,TFL-ECO-310 FF,Office Chair ,22700.0,NO MATCH IN PDF,,
Product Specifications _variant_price_backup_20260803_121334.xlsx,TFL-ECO-311 FR,Office Chair ,22500.0,NO MATCH IN PDF,,
Product Specifications _variant_price_backup_20260803_121334.xlsx,TFL-ECO-312 FR,Office Chair ,15500.0,NO MATCH IN PDF,,
Product Specifications _variant_price_backup_20260803_121334.xlsx,TFL-ECO-313 FF,Office Chair ,15000.0,NO MATCH IN PDF,,
Product Specifications _variant_price_backup_20260803_121334.xlsx,TFL-ECO-314 FR,Office Chair ,0,NO MATCH IN PDF,,
Product Specifications _variant_price_backup_20260803_121334.xlsx,TFL-ECO-315 FR,Office Chair ,0,NO MATCH IN PDF,,
Product Specifications _variant_price_backup_20260803_121334.xlsx,TFL-ECO-316 FR,Office Chair ,0,NO MATCH IN PDF,,
Product Specifications _variant_price_backup_20260803_121334.xlsx,TFL-ECO-317 WD,Office Chair ,14500.0,NO MATCH IN PDF,,
Product Specifications _variant_price_backup_20260803_121334.xlsx,TFL-ECO-318 WD,Office Chair ,17500.0,NO MATCH IN PDF,,
Product Specifications _variant_price_backup_20260803_121334.xlsx,TFL-ECO-319 WD,Office Chair ,16100.0,NO MATCH IN PDF,,
Product Specifications _variant_price_backup_20260803_121334.xlsx,TFL-ECO-320 WD,Officer Chair,33200.0,NO MATCH IN PDF,,
Product Specifications _variant_price_backup_20260803_121334.xlsx,TFL-ECO-321 WD,Officer Chair,22200.0,NO MATCH IN PDF,,
Product Specifications _variant_price_backup_20260803_121334.xlsx,TFL-ECO-322 WD,Officer Chair,22000.0,NO MATCH IN PDF,,
Product Specifications _variant_price_backup_20260803_121334.xlsx,TFL-ECO-323 WD,Officer Chair,18200.0,NO MATCH IN PDF,,
Product Specifications _variant_price_backup_20260803_121334.xlsx,TFL-ECO-324 WD,Officer Chair,20200.0,NO MATCH IN PDF,,
Product Specifications _variant_price_backup_20260803_121334.xlsx,TFL-ECO-325 WD,Officer Chair,16200.0,NO MATCH IN PDF,,
Product Specifications _variant_price_backup_20260803_121334.xlsx,TFL-OCO-301 FR,Officer Chair,0,NO MATCH IN PDF,,
Product Specifications _variant_price_backup_20260803_121334.xlsx,TFL-OCO-302 FR,Officer Chair,0,NO MATCH IN PDF,,
Product Specifications _variant_price_backup_20260803_121334.xlsx,TFL-OCO-303 FR,Officer Chair,0,NO MATCH IN PDF,,
Product Specifications _variant_price_backup_20260803_121334.xlsx,TFL-OCO-304 FR,Officer Chair,0,NO MATCH IN PDF,,
Product Specifications _variant_price_backup_20260803_121334.xlsx,TFL-OCO-305 FR,Officer Chair,7900.0,NO MATCH IN PDF,,
Product Specifications _variant_price_backup_20260803_121334.xlsx,TFL-OCO-306 FR,Officer Chair,0,NO MATCH IN PDF,,
Product Specifications _variant_price_backup_20260803_121334.xlsx,TFL-OCO-307 FR,Officer Chair,0,NO MATCH IN PDF,,
Product Specifications _variant_price_backup_20260803_121334.xlsx,TFL-OCO-308 FR,Officer Chair,0,NO MATCH IN PDF,,
Product Specifications _variant_price_backup_20260803_121334.xlsx,TFL-OCO-309 FR,Officer Chair,9000.0,NO MATCH IN PDF,,
Product Specifications _variant_price_backup_20260803_121334.xlsx,TFL-OCO-310 FR,Officer Chair,9000.0,NO MATCH IN PDF,,
Product Specifications _variant_price_backup_20260803_121334.xlsx,TFL-OCO-311 FR,Officer Chair,9000.0,NO MATCH IN PDF,,
Product Specifications _variant_price_backup_20260803_121334.xlsx,TFL-OCO-312 FR,Officer Chair,0,NO MATCH IN PDF,,
Product Specifications _variant_price_backup_20260803_121334.xlsx,TFL-VCO-301 FR,Visitor Chair ,17000.0,NO MATCH IN PDF,,
Product Specifications _variant_price_backup_20260803_121334.xlsx,TFL-VCO-302 FR,Visitor Chair ,5500.0,NO MATCH IN PDF,,
Product Specifications _variant_price_backup_20260803_121334.xlsx,TFL-VCO-303 FR,Visitor Chair ,6000.0,NO MATCH IN PDF,,
Product Specifications _variant_price_backup_20260803_121334.xlsx,TFL-VCO-304 FR,Visitor Chair ,5800.0,NO MATCH IN PDF,,
Product Specifications _variant_price_backup_20260803_121334.xlsx,TFL-VCO-305 FR,Visitor Chair ,4600.0,NO MATCH IN PDF,,
Product Specifications _variant_price_backup_20260803_121334.xlsx,TFL-VCO-306 FR,Visitor Chair ,3800.0,NO MATCH IN PDF,,
Product Specifications _variant_price_backup_20260803_121334.xlsx,TFL-VCO-307 FR,Visitor Chair ,7500.0,NO MATCH IN PDF,,
Product Specifications _variant_price_backup_20260803_121334.xlsx,TFL-VCO-308 FR,Visitor Chair ,4900.0,NO MATCH IN PDF,,
Product Specifications _variant_price_backup_20260803_121334.xlsx,TFL-VCO-309 FR,Visitor Chair ,6400.0,NO MATCH IN PDF,,
Product Specifications _variant_price_backup_20260803_121334.xlsx,TFL-VCO-310,Visitor Chair ,3700.0,NO MATCH IN PDF,,
Product Specifications _variant_price_backup_20260803_121334.xlsx,TFL-VCO-311 FR,Visitor Chair ,2800.0,NO MATCH IN PDF,,
Product Specifications _variant_price_backup_20260803_121334.xlsx,TFL-VCO-312 WD,Visitor Chair ,4400.0,NO MATCH IN PDF,,
Product Specifications _variant_price_backup_20260803_121334.xlsx,TFL-VCO-313 FR,Visitor Chair ,10500.0,NO MATCH IN PDF,,
Product Specifications _variant_price_backup_20260803_121334.xlsx,TFL-VCO-314 FR,Visitor Chair ,0,NO MATCH IN PDF,,
Product Specifications _variant_price_backup_20260803_121334.xlsx,TFL-VCO-315 FR,Visitor Chair ,5700.0,NO MATCH IN PDF,,
Product Specifications _variant_price_backup_20260803_121334.xlsx,TFL-VCO-316 FR,Visitor Chair ,5100.0,NO MATCH IN PDF,,
Product Specifications _variant_price_backup_20260803_121334.xlsx,TFL-VCO-317 FR,Visitor Chair ,11800.0,NO MATCH IN PDF,,
Product Specifications _variant_price_backup_20260803_121334.xlsx,TFL-CRO-301 FR,Training Chair,0,NO MATCH IN PDF,,
Product Specifications _variant_price_backup_20260803_121334.xlsx,TFL-CRO-302,Training Chair,0,NO MATCH IN PDF,,
Product Specifications _variant_price_backup_20260803_121334.xlsx,TFL-CRO-303 FR,Training Chair,4500.0,NO MATCH IN PDF,,
Product Specifications _variant_price_backup_20260803_121334.xlsx,TFL-CRO-304 WD,Training Chair,5200.0,NO MATCH IN PDF,,
Product Specifications _variant_price_backup_20260803_121334.xlsx,TFL-CRO-305 LB,Training Chair,10800.0,NO MATCH IN PDF,,
Product Specifications _variant_price_backup_20260803_121334.xlsx,TFL-RPC-301 FR,Reception Chair,0,NO MATCH IN PDF,,
Product Specifications _variant_price_backup_20260803_121334.xlsx,TFL-ADC-301 FR,Auditorium Chair,0,NO MATCH IN PDF,,
Product Specifications _variant_price_backup_20260803_121334.xlsx,TFL-POD-201 LB,Podium,8600.0,NO MATCH IN PDF,,
Product Specifications _variant_price_backup_20260803_121334.xlsx,TFL-POD-203 LB,Podium,11700.0,NO MATCH IN PDF,,
Product Specifications _variant_price_backup_20260803_121334.xlsx,TFL-WSO-201 LB,Workstation ,0,NO MATCH IN PDF,,
Product Specifications _variant_price_backup_20260803_121334.xlsx,TFL-WSO-202 LB,Workstation ,0,NO MATCH IN PDF,,
Product Specifications _variant_price_backup_20260803_121334.xlsx,TFL-WSO-203 LB,Workstation ,0,NO MATCH IN PDF,,
Product Specifications _variant_price_backup_20260803_121334.xlsx,TFL-WSO-204 LB,Workstation ,0,NO MATCH IN PDF,,
Product Specifications _variant_price_backup_20260803_121334.xlsx,TFL-RTO-201 LB,Reception Table,17500.0,NO MATCH IN PDF,,
Product Specifications _variant_price_backup_20260803_121334.xlsx,TFL-RTO-202 LB,Reception Table,17700.0,NO MATCH IN PDF,,
Product Specifications _variant_price_backup_20260803_121334.xlsx,TFL-RTO-203 LB,Reception Table,16500.0,NO MATCH IN PDF,,
Product Specifications _variant_price_backup_20260803_121334.xlsx,TFL-RTO-204 LB,Reception Table,14200.0,NO MATCH IN PDF,,
Product Specifications _variant_price_backup_20260803_121334.xlsx,TFL-GCO-301 WD,Waiting chair,13000.0,NO MATCH IN PDF,,
Product Specifications _variant_price_backup_20260803_121334.xlsx,TFL-GCO-302 MT,Waiting chair,19000.0,NO MATCH IN PDF,,
Product Specifications _variant_price_backup_20260803_121334.xlsx,TFL-GCO-303 MT,Waiting chair,32000.0,NO MATCH IN PDF,,
Product Specifications _variant_price_backup_20260803_121334.xlsx,TFL-GCO-304 MT,Waiting chair,0,NO MATCH IN PDF,,
Product Specifications _variant_price_backup_20260803_121334.xlsx,TFL-FCO-501 MT,Office File Cabinet,12500.0,NO MATCH IN PDF,,
Product Specifications _variant_price_backup_20260803_121334.xlsx,TFL-FCO-502 MT,Office File Cabinet,17500.0,NO MATCH IN PDF,,
Product Specifications _variant_price_backup_20260803_121334.xlsx,TFL-FCO-503 MT,Office File Cabinet,21500.0,NO MATCH IN PDF,,
Product Specifications _variant_price_backup_20260803_121334.xlsx,TFL-FCO-504 MT,Combined File Cabinet,35000.0,NO MATCH IN PDF,,
Product Specifications _variant_price_backup_20260803_121334.xlsx,TFL-FCO-505 MT,Combined File Cabinet,37500.0,NO MATCH IN PDF,,
Product Specifications _variant_price_backup_20260803_121334.xlsx,TFL-SAO-501 MT,Office Almirah,34500.0,NO MATCH IN PDF,,
Product Specifications _variant_price_backup_20260803_121334.xlsx,TFL-SAO-502 MT,Office Almirah,35500.0,NO MATCH IN PDF,,
Product Specifications _variant_price_backup_20260803_121334.xlsx,TFL-SAO-503 MT,Office Almirah,28000.0,NO MATCH IN PDF,,
Product Specifications _variant_price_backup_20260803_121334.xlsx,TFL-WSO-501 MT,Hydrolic Work Table,0,NO MATCH IN PDF,,
Product Specifications _variant_price_backup_20260803_121334.xlsx,TFL-EDF-101 WD,Single Student Table,0,NO MATCH IN PDF,,
Product Specifications _variant_price_backup_20260803_121334.xlsx,TFL-EDF-101 WD,Single Student Chair ,0,NO MATCH IN PDF,,
Product Specifications _variant_price_backup_20260803_121334.xlsx,TFL-EDF-103 WD,Double Student Table,0,NO MATCH IN PDF,,
Product Specifications _variant_price_backup_20260803_121334.xlsx,TFL-EDF-104 WD,Double Student Chair ,0,NO MATCH IN PDF,,
Product Specifications _variant_price_backup_20260803_121334.xlsx,TFL-EDF-105 WD,Teachers  Table,0,NO MATCH IN PDF,,
Product Specifications _variant_price_backup_20260803_121334.xlsx,TFL-EDF-106 WD,Teachers  Chair ,0,NO MATCH IN PDF,,
Product Specifications _variant_price_backup_20260803_121334.xlsx,TFL-EDF-107 MT,Teachers  Table,0,NO MATCH IN PDF,,
Product Specifications _variant_price_backup_20260803_121334.xlsx,TFL-EDF-108 MT,Chair ,0,NO MATCH IN PDF,,
Product Specifications _variant_price_backup_20260803_121334.xlsx,TFL-EDF-108 MT,Chair ,0,NO MATCH IN PDF,,
Product Specifications _variant_price_backup_20260803_121334.xlsx,TFL-EDF-109 MT,School Bench ,0,NO MATCH IN PDF,,
Product Specifications _variant_price_backup_20260803_121334.xlsx,TFL-EDF-110 MT,School Bench ,0,NO MATCH IN PDF,,
Product Specifications _variant_price_backup_20260803_121334.xlsx,TFL-ESB-101 MT,School Bench ,0,NO MATCH IN PDF,,
Product Specifications _variant_price_backup_20260803_121334.xlsx,TFL-ESB-102 MT,School Bench ,0,NO MATCH IN PDF,,
Product Specifications _variant_price_backup_20260803_121334.xlsx,TFL-ESB-103 MT,School Bench ,0,NO MATCH IN PDF,,
Product Specifications _variant_price_backup_20260803_121334.xlsx,TFL-ESB-104 MT,School Bench ,0,NO MATCH IN PDF,,
Product Specifications _variant_price_backup_20260803_121334.xlsx,TFL-ESB-105 MT,School Bench ,0,NO MATCH IN PDF,,
Product Specifications _variant_price_backup_20260803_121334.xlsx,TFL-ESB-106 MT,School Bench ,0,NO MATCH IN PDF,,
Product Specifications _variant_price_backup_20260803_121334.xlsx,TFL-EDF-111 MT,Student Locker,0,NO MATCH IN PDF,,
Product Specifications _variant_price_backup_20260803_121334.xlsx,TFL-EDF-112 LB,Student Locker,0,NO MATCH IN PDF,,
Product Specifications _variant_price_backup_20260803_121334.xlsx,TFL-EDF-113 LB,Student Locker,0,NO MATCH IN PDF,,
Product Specifications _variant_price_backup_20260803_121334.xlsx,TFL-EDF-114LB,Library Table ,0,NO MATCH IN PDF,,
Product Specifications _variant_price_backup_20260803_121334.xlsx,TFL-EDF-115LB,Pordium ,0,NO MATCH IN PDF,,
Product Specifications _variant_price_backup_20260803_121334.xlsx,TFL-EDF-116LB,Pordium ,0,NO MATCH IN PDF,,
Product Specifications _variant_price_backup_20260803_121334.xlsx,TFL-OFC-119 MT,File Cabinet ,0,NO MATCH IN PDF,,
Product Specifications _variant_price_backup_20260803_121334.xlsx,TFL-OFC-120 MT,File Cabinet ,0,NO MATCH IN PDF,,
Product Specifications _variant_price_backup_20260803_121334.xlsx,TFL-OFC-121 MT,File Cabinet ,0,NO MATCH IN PDF,,
Product Specifications _variant_price_backup_20260803_121334.xlsx,TFL-OFC-122 MT,File Cabinet ,0,NO MATCH IN PDF,,
Product Specifications _variant_price_backup_20260803_121334.xlsx,TFL-OFC-123 MT,File Cabinet ,0,NO MATCH IN PDF,,
Product Specifications _variant_price_backup_20260803_121334.xlsx,TFL-OFC-124 MT,Combined File Cabinet,0,NO MATCH IN PDF,,
Product Specifications _variant_price_backup_20260803_121334.xlsx,TFL-OFC-125 MT,File Cabinet ,0,NO MATCH IN PDF,,
Product Specifications _variant_price_backup_20260803_121334.xlsx,TFL-OFC-126 MT,File Cabinet ,0,NO MATCH IN PDF,,
Product Specifications _variant_price_backup_20260803_121334.xlsx,TFL-OFC-127 MT,Combined File Cabinet,0,NO MATCH IN PDF,,
Product Specifications _variant_price_backup_20260803_121334.xlsx,TFL-OFC-128 MT,Steel Almirah ,0,NO MATCH IN PDF,,
Product Specifications _variant_price_backup_20260803_121334.xlsx,TFL-OFC-129 MT,Steel Almirah ,0,NO MATCH IN PDF,,
Product Specifications _variant_price_backup_20260803_121334.xlsx,TFL-OFC-130 MT,Steel Almirah ,0,NO MATCH IN PDF,,
Product Specifications _variant_price_backup_20260803_121334.xlsx,TFL-IND-101 MT,CNC Design Door,0,NO MATCH IN PDF,,
Product Specifications _variant_price_backup_20260803_121334.xlsx,TFL-IND-102 MT,CNC Design Door,0,NO MATCH IN PDF,,
Product Specifications _variant_price_backup_20260803_121334.xlsx,TFL-IND-103 MT,CNC Design Door,0,NO MATCH IN PDF,,
Product Specifications _variant_price_backup_20260803_121334.xlsx,TFL-IND-104 MT,CNC Design Door,0,NO MATCH IN PDF,,
Product Specifications _variant_price_backup_20260803_121334.xlsx,TFL-IND-105 MT,CNC Design Door,0,NO MATCH IN PDF,,
Product Specifications _variant_price_backup_20260803_121334.xlsx,TFL-IND-106 MT,CNC Design Door,0,NO MATCH IN PDF,,
Product Specifications _variant_price_backup_20260803_121334.xlsx,TFL-IND-107 MT,Fire Exit Door,0,NO MATCH IN PDF,,
Product Specifications _variant_price_backup_20260803_121334.xlsx,TFL-IND-108 MT,Fire Exit Door,0,NO MATCH IN PDF,,
Product Specifications _variant_price_backup_20260803_121334.xlsx,TFL-IND-109 MT,Fire Exit Door,0,NO MATCH IN PDF,,
Product Specifications _variant_price_backup_20260803_121334.xlsx,TFL-IND-110 MT,Fire Exit Door,0,NO MATCH IN PDF,,
Product Specifications _variant_price_backup_20260803_121334.xlsx,TFL-IND-111 MT,Fire Exit Door,0,NO MATCH IN PDF,,
Product Specifications _variant_price_backup_20260803_121334.xlsx,TFL-IND-112 MT,Fire Exit Door,0,NO MATCH IN PDF,,
Product Specifications _variant_price_backup_20260803_121334.xlsx,TFL-IND-113 MT,Stair,0,NO MATCH IN PDF,,
Product Specifications _variant_price_backup_20260803_121334.xlsx,TFL-IND-114 MT,Stair,0,NO MATCH IN PDF,,
Product Specifications _variant_price_backup_20260803_121334.xlsx,TFL-IND-115 MT,Stair,0,NO MATCH IN PDF,,
Product Specifications _variant_price_backup_20260803_121334.xlsx,TFL-IND-112 MT,Hand Trolley,0,NO MATCH IN PDF,,
Product Specifications _variant_price_backup_20260803_121334.xlsx,TFL-IND-113 MT,Hand Trolley,0,NO MATCH IN PDF,,
Product Specifications _variant_price_backup_20260803_121334.xlsx,TFL-IND-114 MT,Hand Trolley,0,NO MATCH IN PDF,,
Product Specifications _variant_price_backup_20260803_121334.xlsx,TFL-IND-130 MT,Trolley,0,NO MATCH IN PDF,,
Product Specifications _variant_price_backup_20260803_121334.xlsx,TFL-IND-125 MT,Inspection Table,0,NO MATCH IN PDF,,
Product Specifications _variant_price_backup_20260803_121334.xlsx,TFL-IND-126 MT,Sample Rack ,0,NO MATCH IN PDF,,
Product Specifications _variant_price_backup_20260803_121334.xlsx,TFL-IND-127 MT,Storage Rack ,0,NO MATCH IN PDF,,
Product Specifications _variant_price_backup_20260803_121334.xlsx,TFL-IND-128 MT,Display Rack,0,NO MATCH IN PDF,,
Product Specifications _variant_price_backup_20260803_121334.xlsx,TFL-IND-129 MT,Cutting table ,0,NO MATCH IN PDF,,
Product Specifications _variant_price_backup_20260803_121334.xlsx,TFL-HOS-101 MT,Hospital Bed,0,NO MATCH IN PDF,,
Product Specifications _variant_price_backup_20260803_121334.xlsx,TFL-HOS-102 MT,Hospital Bed,0,NO MATCH IN PDF,,
Product Specifications _variant_price_backup_20260803_121334.xlsx,TFL-HOS-103 MT,OT Bed,0,NO MATCH IN PDF,,
Product Specifications _variant_price_backup_20260803_121334.xlsx,TFL-HOS-104 MT,Delivery Bed,0,NO MATCH IN PDF,,
Product Specifications _variant_price_backup_20260803_121334.xlsx,TFL-HOS-105 MT,Delivery Bed,0,NO MATCH IN PDF,,
Product Specifications _variant_price_backup_20260803_121334.xlsx,TFL-HOS-106 MT,Delivery Bed,0,NO MATCH IN PDF,,
Product Specifications _variant_price_backup_20260803_121334.xlsx,TFL-HOS-110 MT,Patient Bed,0,NO MATCH IN PDF,,
Product Specifications _variant_price_backup_20260803_121334.xlsx,TFL-HOS-111 MT,Patient Bed,0,NO MATCH IN PDF,,
Product Specifications _variant_price_backup_20260803_121334.xlsx,TFL-HOS-112 MT,Patient Bed,0,NO MATCH IN PDF,,
Product Specifications _variant_price_backup_20260803_121334.xlsx,TFL-HOS-107 MT,Bedside Table ,0,NO MATCH IN PDF,,
Product Specifications _variant_price_backup_20260803_121334.xlsx,TFL-HOS-108 MT,Bedside Table ,0,NO MATCH IN PDF,,
Product Specifications _variant_price_backup_20260803_121334.xlsx,TFL-HOS-109 MT,Bedside Table ,0,NO MATCH IN PDF,,
Product Specifications _variant_price_backup_20260803_121334.xlsx,TFL-HOS-113 MT,Bedside Table ,0,NO MATCH IN PDF,,
Product Specifications _variant_price_backup_20260803_121334.xlsx,TFL-HOS-114 MT,Bedside Table ,0,NO MATCH IN PDF,,
Product Specifications _variant_price_backup_20260803_121334.xlsx,TFL-HOS-115 MT,Bedside Table ,0,NO MATCH IN PDF,,
Product Specifications _variant_price_backup_20260803_121334.xlsx,TFL-HOS-116 MT,Medicine Cupboard,0,NO MATCH IN PDF,,
Product Specifications _variant_price_backup_20260803_121334.xlsx,TFL-HOS-117 MT,Medicine Cupboard,0,NO MATCH IN PDF,,
Product Specifications _variant_price_backup_20260803_121334.xlsx,TFL-HOS-118 MT,Medicine Cupboard,0,NO MATCH IN PDF,,
Product Specifications _variant_price_backup_20260803_121334.xlsx,TFL-HOS-118 MT,Saline Stand,0,NO MATCH IN PDF,,
Product Specifications _variant_price_backup_20260803_121334.xlsx,TFL-HOS-119 MT,Saline Stand,0,NO MATCH IN PDF,,
Product Specifications _variant_price_backup_20260803_121334.xlsx,TFL-HOS-120 MT,Saline Stand,0,NO MATCH IN PDF,,
Product Specifications _variant_price_backup_20260803_121334.xlsx,TFL-HOS-121 MT,Baby Cot,0,NO MATCH IN PDF,,
Product Specifications _variant_price_backup_20260803_121334.xlsx,TFL-HOS-122 MT,Baby Cot,0,NO MATCH IN PDF,,
Product Specifications _variant_price_backup_20260803_121334.xlsx,TFL-HOS-123 MT,Baby Cot,0,NO MATCH IN PDF,,
Reading Table_variant_price_backup_20260803_121221.xlsx,TFL-RET-202 LB,Reading Table,8600.0,Reading Table,7400.0,Measurement Match
Reading Table_variant_price_backup_20260803_121221.xlsx,TFL-RET-203 LB,Reading Table,8300.0,Reading Table,7800.0,Measurement Match
Reading Table_variant_price_backup_20260803_121334.xlsx,TFL-RET-202 LB,Reading Table,7400.0,Reading Table,7400.0,Measurement Match
Reading Table_variant_price_backup_20260803_121334.xlsx,TFL-RET-203 LB,Reading Table,7800.0,Reading Table,7800.0,Measurement Match
Shoe Rack_variant_price_backup_20260803_121221.xlsx,TFL-SRK-202 LB,Shoe Rack,7550.0,Shoe Rack,6500.0,Measurement Match
Shoe Rack_variant_price_backup_20260803_121221.xlsx,TFL-SRK-203 LB,Shoe Rack,8400.0,Shoe Rack,7500.0,Measurement Match
Shoe Rack_variant_price_backup_20260803_121334.xlsx,TFL-SRK-202 LB,Shoe Rack,6500.0,Shoe Rack,6500.0,Measurement Match
Shoe Rack_variant_price_backup_20260803_121334.xlsx,TFL-SRK-203 LB,Shoe Rack,7500.0,Shoe Rack,7500.0,Measurement Match
commercial Furniture.xlsx,TFL-EDF-101 WD,Single Student Table,0,NO MATCH IN PDF,,
commercial Furniture.xlsx,TFL-EDF-101 WD,Single Student Chair ,0,NO MATCH IN PDF,,
commercial Furniture.xlsx,TFL-EDF-103 WD,Double Student Table,0,NO MATCH IN PDF,,
commercial Furniture.xlsx,TFL-EDF-104 WD,Double Student Chair ,0,NO MATCH IN PDF,,
commercial Furniture.xlsx,TFL-EDF-105 WD,Teachers  Table,0,NO MATCH IN PDF,,
commercial Furniture.xlsx,TFL-EDF-106 WD,Teachers  Chair ,0,NO MATCH IN PDF,,
commercial Furniture.xlsx,TFL-EDF-107 MT,Teachers  Table,0,NO MATCH IN PDF,,
commercial Furniture.xlsx,TFL-EDF-108 MT,Chair ,0,NO MATCH IN PDF,,
commercial Furniture.xlsx,TFL-EDF-108 MT,Chair ,0,NO MATCH IN PDF,,
commercial Furniture.xlsx,TFL-EDF-109 MT,School Bench ,0,NO MATCH IN PDF,,
commercial Furniture.xlsx,TFL-EDF-110 MT,School Bench ,0,NO MATCH IN PDF,,
commercial Furniture.xlsx,TFL-ESB-101 MT,School Bench ,0,NO MATCH IN PDF,,
commercial Furniture.xlsx,TFL-ESB-102 MT,School Bench ,0,NO MATCH IN PDF,,
commercial Furniture.xlsx,TFL-ESB-103 MT,School Bench ,0,NO MATCH IN PDF,,
commercial Furniture.xlsx,TFL-ESB-104 MT,School Bench ,0,NO MATCH IN PDF,,
commercial Furniture.xlsx,TFL-ESB-105 MT,School Bench ,0,NO MATCH IN PDF,,
commercial Furniture.xlsx,TFL-ESB-106 MT,School Bench ,0,NO MATCH IN PDF,,
commercial Furniture.xlsx,TFL-EDF-111 MT,Student Locker,0,NO MATCH IN PDF,,
commercial Furniture.xlsx,TFL-EDF-112 LB,Student Locker,0,NO MATCH IN PDF,,
commercial Furniture.xlsx,TFL-EDF-113 LB,Student Locker,0,NO MATCH IN PDF,,
commercial Furniture.xlsx,TFL-EDF-114LB,Library Table ,0,NO MATCH IN PDF,,
commercial Furniture.xlsx,TFL-EDF-115LB,Pordium ,0,NO MATCH IN PDF,,
commercial Furniture.xlsx,TFL-EDF-116LB,Pordium ,0,NO MATCH IN PDF,,
commercial Furniture.xlsx,TFL-OFC-119 MT,File Cabinet ,0,NO MATCH IN PDF,,
commercial Furniture.xlsx,TFL-OFC-120 MT,File Cabinet ,0,NO MATCH IN PDF,,
commercial Furniture.xlsx,TFL-OFC-121 MT,File Cabinet ,0,NO MATCH IN PDF,,
commercial Furniture.xlsx,TFL-OFC-122 MT,File Cabinet ,0,NO MATCH IN PDF,,
commercial Furniture.xlsx,TFL-OFC-123 MT,File Cabinet ,0,NO MATCH IN PDF,,
commercial Furniture.xlsx,TFL-OFC-124 MT,Combined File Cabinet,0,NO MATCH IN PDF,,
commercial Furniture.xlsx,TFL-OFC-125 MT,File Cabinet ,0,NO MATCH IN PDF,,
commercial Furniture.xlsx,TFL-OFC-126 MT,File Cabinet ,0,NO MATCH IN PDF,,
commercial Furniture.xlsx,TFL-OFC-127 MT,Combined File Cabinet,0,NO MATCH IN PDF,,
commercial Furniture.xlsx,TFL-OFC-128 MT,Steel Almirah ,0,NO MATCH IN PDF,,
commercial Furniture.xlsx,TFL-OFC-129 MT,Steel Almirah ,0,NO MATCH IN PDF,,
commercial Furniture.xlsx,TFL-OFC-130 MT,Steel Almirah ,0,NO MATCH IN PDF,,
commercial Furniture.xlsx,TFL-IND-101 MT,CNC Design Door,0,NO MATCH IN PDF,,
commercial Furniture.xlsx,TFL-IND-102 MT,CNC Design Door,0,NO MATCH IN PDF,,
commercial Furniture.xlsx,TFL-IND-103 MT,CNC Design Door,0,NO MATCH IN PDF,,
commercial Furniture.xlsx,TFL-IND-104 MT,CNC Design Door,0,NO MATCH IN PDF,,
commercial Furniture.xlsx,TFL-IND-105 MT,CNC Design Door,0,NO MATCH IN PDF,,
commercial Furniture.xlsx,TFL-IND-106 MT,CNC Design Door,0,NO MATCH IN PDF,,
commercial Furniture.xlsx,TFL-IND-107 MT,Fire Exit Door,0,NO MATCH IN PDF,,
commercial Furniture.xlsx,TFL-IND-108 MT,Fire Exit Door,0,NO MATCH IN PDF,,
commercial Furniture.xlsx,TFL-IND-109 MT,Fire Exit Door,0,NO MATCH IN PDF,,
commercial Furniture.xlsx,TFL-IND-110 MT,Fire Exit Door,0,NO MATCH IN PDF,,
commercial Furniture.xlsx,TFL-IND-111 MT,Fire Exit Door,0,NO MATCH IN PDF,,
commercial Furniture.xlsx,TFL-IND-112 MT,Fire Exit Door,0,NO MATCH IN PDF,,
commercial Furniture.xlsx,TFL-IND-113 MT,Stair,0,NO MATCH IN PDF,,
commercial Furniture.xlsx,TFL-IND-114 MT,Stair,0,NO MATCH IN PDF,,
commercial Furniture.xlsx,TFL-IND-115 MT,Stair,0,NO MATCH IN PDF,,
commercial Furniture.xlsx,TFL-IND-112 MT,Hand Trolley,0,NO MATCH IN PDF,,
commercial Furniture.xlsx,TFL-IND-113 MT,Hand Trolley,0,NO MATCH IN PDF,,
commercial Furniture.xlsx,TFL-IND-114 MT,Hand Trolley,0,NO MATCH IN PDF,,
commercial Furniture.xlsx,TFL-IND-130 MT,Trolley,0,NO MATCH IN PDF,,
commercial Furniture.xlsx,TFL-IND-125 MT,Inspection Table,0,NO MATCH IN PDF,,
commercial Furniture.xlsx,TFL-IND-126 MT,Sample Rack ,0,NO MATCH IN PDF,,
commercial Furniture.xlsx,TFL-IND-127 MT,Storage Rack ,0,NO MATCH IN PDF,,
commercial Furniture.xlsx,TFL-IND-128 MT,Display Rack,0,NO MATCH IN PDF,,
commercial Furniture.xlsx,TFL-IND-129 MT,Cutting table ,0,NO MATCH IN PDF,,
commercial Furniture.xlsx,TFL-HOS-101 MT,Hospital Bed,0,NO MATCH IN PDF,,
commercial Furniture.xlsx,TFL-HOS-102 MT,Hospital Bed,0,NO MATCH IN PDF,,
commercial Furniture.xlsx,TFL-HOS-103 MT,OT Bed,0,NO MATCH IN PDF,,
commercial Furniture.xlsx,TFL-HOS-104 MT,Delivery Bed,0,NO MATCH IN PDF,,
commercial Furniture.xlsx,TFL-HOS-105 MT,Delivery Bed,0,NO MATCH IN PDF,,
commercial Furniture.xlsx,TFL-HOS-106 MT,Delivery Bed,0,NO MATCH IN PDF,,
commercial Furniture.xlsx,TFL-HOS-110 MT,Patient Bed,0,NO MATCH IN PDF,,
commercial Furniture.xlsx,TFL-HOS-111 MT,Patient Bed,0,NO MATCH IN PDF,,
commercial Furniture.xlsx,TFL-HOS-112 MT,Patient Bed,0,NO MATCH IN PDF,,
commercial Furniture.xlsx,TFL-HOS-107 MT,Bedside Table ,0,NO MATCH IN PDF,,
commercial Furniture.xlsx,TFL-HOS-108 MT,Bedside Table ,0,NO MATCH IN PDF,,
commercial Furniture.xlsx,TFL-HOS-109 MT,Bedside Table ,0,NO MATCH IN PDF,,
commercial Furniture.xlsx,TFL-HOS-113 MT,Bedside Table ,0,NO MATCH IN PDF,,
commercial Furniture.xlsx,TFL-HOS-114 MT,Bedside Table ,0,NO MATCH IN PDF,,
commercial Furniture.xlsx,TFL-HOS-115 MT,Bedside Table ,0,NO MATCH IN PDF,,
commercial Furniture.xlsx,TFL-HOS-116 MT,Medicine Cupboard,0,NO MATCH IN PDF,,
commercial Furniture.xlsx,TFL-HOS-117 MT,Medicine Cupboard,0,NO MATCH IN PDF,,
commercial Furniture.xlsx,TFL-HOS-118 MT,Medicine Cupboard,0,NO MATCH IN PDF,,
commercial Furniture.xlsx,TFL-HOS-118 MT,Saline Stand,0,NO MATCH IN PDF,,
commercial Furniture.xlsx,TFL-HOS-119 MT,Saline Stand,0,NO MATCH IN PDF,,
commercial Furniture.xlsx,TFL-HOS-120 MT,Saline Stand,0,NO MATCH IN PDF,,
commercial Furniture.xlsx,TFL-HOS-121 MT,Baby Cot,0,NO MATCH IN PDF,,
commercial Furniture.xlsx,TFL-HOS-122 MT,Baby Cot,0,NO MATCH IN PDF,,
commercial Furniture.xlsx,TFL-HOS-123 MT,Baby Cot,0,NO MATCH IN PDF,,
home funiture.xlsx,TFL-BED-201 LB,King Bed ,18500.0,Bed (King),18500.0,Measurement Match
home funiture.xlsx,TFL-BST-201 LB,Bed Side Table,4800.0,Bed Side Table,4800.0,Measurement Match
home funiture.xlsx,TFL-BED-202 LB,Double Bed,13000.0,Bed (Double),13000.0,Measurement Match
home funiture.xlsx,TFL-BED-202 LB,King Bed ,17800.0,Bed (King),17800.0,Measurement Match
home funiture.xlsx,TFL-BST-202 LB,Bed Side Table,2900.0,Bed Side Table,2900.0,Measurement Match
home funiture.xlsx,TFL-BED-203 LB,Double Bed,14980.0,Bed (Double),14980.0,Measurement Match
home funiture.xlsx,TFL-BED-203 LB,King Bed ,18500.0,Bed (King),18500.0,Measurement Match
home funiture.xlsx,TFL-BST-203 LB,Bed Side Table,4400.0,Bed Side Table,4400.0,Measurement Match
home funiture.xlsx,TFL-BED-204 LB,Double Bed,16500.0,Bed (Double),16500.0,Measurement Match
home funiture.xlsx,TFL-BED-204 LB,King Bed ,19100.0,Bed (King),19100.0,Variant Name Match
home funiture.xlsx,TFL-BST-204 LB,Bed Side Table,4200.0,Bed Side Table,4200.0,Measurement Match
home funiture.xlsx,TFL-BED-205 LB,Double Bed,16300.0,Bed (Double),16300.0,Measurement Match
home funiture.xlsx,TFL-BED-205 LB,King Bed ,18500.0,Bed (King),18500.0,Measurement Match
home funiture.xlsx,TFL-BST-205 LB,Bed Side Table,3000.0,Bed Side Table,3000.0,Measurement Match
home funiture.xlsx,TFL-BED-206 LB,Double Bed,16500.0,Bed (Double),16500.0,Measurement Match
home funiture.xlsx,TFL-BED-206 LB,King Bed ,18900.0,Bed (King),18900.0,Measurement Match
home funiture.xlsx,TFL-BED-109 LB,Double Bed,14500.0,Bed (Double),14500.0,Variant Name Match
home funiture.xlsx,TFL-BED-109 LB,King Bed,16050.0,Bed (King),16050.0,Variant Name Match
home funiture.xlsx,TFL-BST-109 LB,Bed Side Table,3900.0,Bed Side Table,3900.0,Measurement Match
home funiture.xlsx,TFL-BED-110 LB,Double Bed,19300.0,Bed (Double),19300.0,Measurement Match
home funiture.xlsx,TFL-BST-110 LB,Bed Side Table,3990.0,Bed Side Table,3990.0,Measurement Match
home funiture.xlsx,TFL-BED-111 LB,Double Bed,15900.0,Bed (Double),15900.0,Measurement Match
home funiture.xlsx,TFL-BST-111 LB,Bed Side Table,4990.0,Bed Side Table,4990.0,Measurement Match
home funiture.xlsx,TFL-BED-112 LB,Double Bed,14500.0,Bed (Double),14500.0,Measurement Match
home funiture.xlsx,TFL-BST-112 LB,Bed Side Table,5250.0,Bed Side Table,5250.0,Measurement Match
home funiture.xlsx,TFL-BED-113 LB,Double Bed,15500.0,Bed (Double),15500.0,Measurement Match
home funiture.xlsx,TFL-BST-113 LB,Bed Side Table,5500.0,Bed Side Table,5500.0,Measurement Match
home funiture.xlsx,TFL-BED-114 LB,Double Bed,15500.0,Bed (Double),15500.0,Variant Name Match
home funiture.xlsx,TFL-BST-114 LB,Bed side table,5590.0,Bed side table,5590.0,Measurement Match
home funiture.xlsx,TFL-BED-120 LB,Double Bed,16800.0,Bed (Double),16800.0,Measurement Match
home funiture.xlsx,TFL-BST-120 LB,Bed side table,3550.0,Bed side table,3550.0,Measurement Match
home funiture.xlsx,TFL-BED-119 LB,Double Bed,16800.0,Bed (Double),16800.0,Measurement Match
home funiture.xlsx,TFL-BST-119 LB,Bed Side Table,5000.0,Bed Side Table,5000.0,Measurement Match
home funiture.xlsx,TFL-BED-118 LB,Double Bed,16800.0,Bed (Double),16800.0,Measurement Match
home funiture.xlsx,TFL-BST-118 LB,Bed Side Table,5000.0,Bed Side Table,5000.0,Measurement Match
home funiture.xlsx,TFL-BED-117 LB,Double Bed,16800.0,Bed (Double),16800.0,Measurement Match
home funiture.xlsx,TFL-BST-117 LB,Bed Side Table,5000.0,Bed Side Table,5000.0,Measurement Match
home funiture.xlsx,TFL-BED-116 MT,Double Bed,22000.0,Bed (Double),22000.0,Measurement Match
home funiture.xlsx,TFL-BST-116 MS,Bed Side Table,5900.0,Bed Side Table,5900.0,Measurement Match
home funiture.xlsx,TFL-BED-401 WD,Double Bed,28500.0,Bed (Double),28500.0,Measurement Match
home funiture.xlsx,TFL-BED-401 WD,Queen Bed,30500.0,Bed (Queen),30500.0,Measurement Match
home funiture.xlsx,TFL-BED-401 WD,King Bed,32500.0,Bed (King),32500.0,Measurement Match
home funiture.xlsx,TFL-BED-402 WD,Bed (Double),26500.0,Bed (Double),26500.0,Measurement Match
home funiture.xlsx,TFL-BED-402 WD,Bed (Queen),28500.0,Bed (Queen),28500.0,Measurement Match
home funiture.xlsx,TFL-BED-402 WD,Bed (King),30500.0,Bed (King),30500.0,Measurement Match
home funiture.xlsx,TFL-BST-402 WD,Bed,9900.0,Bed,9900.0,Measurement Match
home funiture.xlsx,TFL-BED-403 WD,Bed (Double),28000.0,Bed (Double),28000.0,Measurement Match
home funiture.xlsx,TFL-BED-403 WD,Bed (Queen),30000.0,Bed (Queen),30000.0,Measurement Match
home funiture.xlsx,TFL-BED-403 WD,Bed (King),32000.0,Bed (King),32000.0,Measurement Match
home funiture.xlsx,TFL-BED-404 WD,Bed (Double),26000.0,Bed (Double),26000.0,Measurement Match
home funiture.xlsx,TFL-BED-404 WD,Bed (Queen),27500.0,Bed (Queen),27500.0,Measurement Match
home funiture.xlsx,TFL-BED-404 WD,Bed (King),29500.0,Bed (King),29500.0,Measurement Match
home funiture.xlsx,TFL-BED-405 WD,Bed (Double),27500.0,Bed (Double),27500.0,Measurement Match
home funiture.xlsx,TFL-BED-405 WD,Bed (Queen),29500.0,Bed (Queen),29500.0,Measurement Match
home funiture.xlsx,TFL-BED-405 WD,Bed (King),31500.0,Bed (King),31500.0,Measurement Match
home funiture.xlsx,TFL-BST-405 WD,Bed Side Table,10000.0,Bed Side Table,10000.0,Measurement Match
home funiture.xlsx,TFL-BED-407 WD,Bed (Double),30500.0,Bed (Double),30500.0,Measurement Match
home funiture.xlsx,TFL-BED-407 WD,Bed (Queen),32500.0,Bed (Queen),32500.0,Measurement Match
home funiture.xlsx,TFL-BED-407 WD,Bed (King),34500.0,Bed (King),34500.0,Measurement Match
home funiture.xlsx,TFL-BST-407 WD,Bed Side Table,10000.0,Bed Side Table,10000.0,Measurement Match
home funiture.xlsx,TFL-BED-104 WD,Bed (Double),33800.0,Bed (Double),33800.0,Variant Name Match
home funiture.xlsx,TFL-BED-104 WD,Bed (Queen),36500.0,Bed (Queen),36500.0,Measurement Match
home funiture.xlsx,TFL-BED-104 WD,Bed (King),38500.0,Bed (King),38500.0,Measurement Match
home funiture.xlsx,TFL-BST-104 WD,Bed Side Table,12000.0,Bed Side Table,12000.0,Measurement Match
home funiture.xlsx,TFL-BED-102 WD,Bed (Double),40500.0,Bed (Double),40500.0,Measurement Match
home funiture.xlsx,TFL-BED-102 WD,Bed (Queen),42200.0,Bed (Queen),42200.0,Measurement Match
home funiture.xlsx,TFL-BED-102 WD,Bed (King),43500.0,Bed (King),43500.0,Measurement Match
home funiture.xlsx,TFL-BST-102 WD,Bed Side Table,13000.0,Bed Side Table,13000.0,Measurement Match
home funiture.xlsx,TFL-BED-103 WD,Bed (Double),38200.0,Bed (Double),38200.0,Measurement Match
home funiture.xlsx,TFL-BED-103 WD,Bed (Queen),40800.0,Bed (Queen),40800.0,Measurement Match
home funiture.xlsx,TFL-BED-103 WD,Bed (King),43500.0,Bed (King),43500.0,Measurement Match
home funiture.xlsx,TFL-BST-103 WD,Bed Side Table,12500.0,Bed Side Table,12500.0,Measurement Match
home funiture.xlsx,TFL-BED-106 WD,Bed (Double),46500.0,Bed (Double),46500.0,Measurement Match
home funiture.xlsx,TFL-BED-106 WD,Bed (Queen),48500.0,Bed (Queen),48500.0,Measurement Match
home funiture.xlsx,TFL-BED-106 WD,Bed (King),50500.0,Bed (King),50500.0,Measurement Match
home funiture.xlsx,TFL-BST-106 WD,Bed Side Table,14990.0,Bed Side Table,14990.0,Measurement Match
home funiture.xlsx,TFL-BED-105 WD,Bed (Double),48500.0,Bed (Double),48500.0,Measurement Match
home funiture.xlsx,TFL-BED-105 WD,Bed (Queen),50500.0,Bed (Queen),50500.0,Measurement Match
home funiture.xlsx,TFL-BED-105 WD,Bed (King),52800.0,Bed (King),52800.0,Measurement Match
home funiture.xlsx,TFL-BST-105 WD,Bed Side Table,16000.0,Bed Side Table,16000.0,Measurement Match
home funiture.xlsx,TFL-BED-101 WD,Bed (Double),42200.0,Bed (Double),42200.0,Measurement Match
home funiture.xlsx,TFL-BED-101 WD,Bed (Queen),44200.0,Bed (Queen),44200.0,Measurement Match
home funiture.xlsx,TFL-BED-101 WD,Bed (King),46100.0,Bed (King),46100.0,Measurement Match
home funiture.xlsx,TFL-BST-101 WD,Bed Side Table,15990.0,Bed Side Table,15990.0,Measurement Match
home funiture.xlsx,TFL-BED-107 WD,Bed (Double),52000.0,Bed (Double),52000.0,Measurement Match
home funiture.xlsx,TFL-BED-107 WD,Bed (Queen),54500.0,Bed (Queen),54500.0,Measurement Match
home funiture.xlsx,TFL-BED-107 WD,Bed (King),57000.0,Bed (King),57000.0,Measurement Match
home funiture.xlsx,TFL-BST-107 WD,Bed Side Table,16000.0,Bed Side Table,16000.0,Measurement Match
home funiture.xlsx,TFL-BED-108 WD,Bed (Double),54200.0,Bed (Double),54200.0,Measurement Match
home funiture.xlsx,TFL-BED-108 WD,Bed (Queen),58000.0,Bed (Queen),58000.0,Measurement Match
home funiture.xlsx,TFL-BED-108 WD,Bed (King),61500.0,Bed (King),61500.0,Measurement Match
home funiture.xlsx,TFL-BST-108 WD,Bed Side Table,16700.0,Bed Side Table,16700.0,Measurement Match
home funiture.xlsx,TFL-DST-204 LB,Dressing Table,10990.0,Dressing Table,10990.0,Measurement Match
home funiture.xlsx,TFL-DST-205 LB,Dressing Table,13500.0,Dressing Table,13500.0,Measurement Match
home funiture.xlsx,TFL-DST-203 LB,Dressing Table,12990.0,Dressing Table,12990.0,Measurement Match
home funiture.xlsx,TFL-DST-202 LB,Dressing Table,13500.0,Dressing Table,13500.0,Measurement Match
home funiture.xlsx,TFL-DST-201 LB,Dressing Table,9980.0,Dressing Table,9980.0,Measurement Match
home funiture.xlsx,TFL-DST-206 LB,Dressing Table,12700.0,Dressing Table,12700.0,Measurement Match
home funiture.xlsx,TFL-DST-110 LB,Dressing Table,11990.0,Dressing Table,11990.0,Measurement Match
home funiture.xlsx,TFL-DST-104 WD,Dressing Table,29500.0,Dressing Table,29500.0,Measurement Match
home funiture.xlsx,TFL-DST-102 WD,Dressing Table,29500.0,Dressing Table,29500.0,Measurement Match
home funiture.xlsx,TFL-DST-402 WD,Dressing Table,22000.0,Dressing Table,22000.0,Measurement Match
home funiture.xlsx,TFL-DST-405 WD,Dressing Table,23200.0,Dressing Table,23200.0,Measurement Match
home funiture.xlsx,TFL-DST-407 WD,Dressing Table,22500.0,Dressing Table,22500.0,Measurement Match
home funiture.xlsx,TFL-DST-103 WD,Dressing Table,27000.0,Dressing Table,27000.0,Measurement Match
home funiture.xlsx,TFL-DST-106 WD,Dressing Table,35000.0,Dressing Table,35000.0,Measurement Match
home funiture.xlsx,TFL-DST-105 WD,Dressing Table,31000.0,Dressing Table,31000.0,Measurement Match
home funiture.xlsx,TFL-DST-101 WD,Dressing Table,28800.0,Dressing Table,28800.0,Measurement Match
home funiture.xlsx,TFL-DST-107 WD,Dressing Table,34000.0,Dressing Table,34000.0,Measurement Match
home funiture.xlsx,TFL-DST-108 WD,Dressing Table,33000.0,Dressing Table,33000.0,Measurement Match
home funiture.xlsx,TFL-DST-109 LB,Dressing Table,10900.0,Dressing Table,10900.0,Measurement Match
home funiture.xlsx,TFL-DST-110 LB,Dressing Table,11990.0,Dressing Table,11990.0,Measurement Match
home funiture.xlsx,TFL-DST-111 LB,Dressing Table,9990.0,Dressing Table,9990.0,Measurement Match
home funiture.xlsx,TFL-DST-112 LB,Dressing Table,11990.0,Dressing Table,11990.0,Measurement Match
home funiture.xlsx,TFL-DST-113 LB,Dressing Table,12990.0,Dressing Table,12990.0,Measurement Match
home funiture.xlsx,TFL-DST-114 LB,Dressing Table,11500.0,Dressing Table,11500.0,Measurement Match
home funiture.xlsx,TFL-DST-115 LB,Dressing Table,10200.0,Dressing Table,10200.0,Measurement Match
home funiture.xlsx,TFL-DST-116 LB,Dressing Table,15500.0,Dressing Table,15500.0,Measurement Match
home funiture.xlsx,TFL-DST-117 LB,Dressing Table,13500.0,Dressing Table,13500.0,Measurement Match
home funiture.xlsx,TFL-DST-118 LB,Dressing Table,14000.0,Dressing Table,14000.0,Measurement Match
home funiture.xlsx,TFL-DST-119 MT,Dressing Table,14990.0,Dressing Table,14990.0,Measurement Match
home funiture.xlsx,TFL-CBD-201 LB,2-Door Cupboard,9750.0,Cupboard (2 Door),9750.0,Measurement Match
home funiture.xlsx,TFL-CBD-206 LB,2-Door Cupboard,19100.0,Cupboard (2 Door),19100.0,Measurement Match
home funiture.xlsx,TFL-CBD-205 LB,2-Door Cupboard,17100.0,Cupboard (2 Door),17100.0,Variant Name Match
home funiture.xlsx,TFL-CBD-205 LB,3-Door Cupboard,22500.0,Cupboard (3 Door),22500.0,Variant + Closest Meas
home funiture.xlsx,TFL-CBD-205 LB,3-Door Cupboard,24500.0,Cupboard (3 Door),24500.0,Measurement Match
home funiture.xlsx,TFL-CBD-204 LB,2-Door Cupboard,17990.0,Cupboard (2 Door),17990.0,Variant Name Match
home funiture.xlsx,TFL-CBD-204 LB,3-Door Cupboard,22500.0,Cupboard (3 Door),22500.0,Measurement Match
home funiture.xlsx,TFL-CBD-203 LB,2-Door Cupboard,17900.0,Cupboard (2 Door),17900.0,Variant Name Match
home funiture.xlsx,TFL-CBD-203 LB,3-Door Cupboard,23000.0,Cupboard (3 Door),23000.0,Measurement Match
home funiture.xlsx,TFL-CBD-202 LB,3-Door Cupboard,22500.0,Cupboard (3 Door),22500.0,Measurement Match
home funiture.xlsx,TFL-CBD-202 LB,3-Door Cupboard,24500.0,Cupboard (3 Door),24500.0,Measurement Match
home funiture.xlsx,TFL-CBD-202 LB,2-Door Cupboard,18990.0,Cupboard (2 Door),18990.0,Variant Name Match
home funiture.xlsx,TFL-CBD-201 LB,2-Door Cupboard,15900.0,Cupboard (2 Door),15900.0,Variant + Closest Meas
home funiture.xlsx,TFL-CBD-201 LB,3-Door Cupboard,22500.0,Cupboard (3 Door),22500.0,Measurement Match
home funiture.xlsx,TFL-CBD-201 LB,3-Door Cupboard,24500.0,Cupboard (3 Door),24500.0,Variant + Closest Meas
home funiture.xlsx,TFL-CBD-402 WD,2-Door Cupboard,42990.0,Cupboard (2 Door),42990.0,Measurement Match
home funiture.xlsx,TFL-CBD-405 WD,2-Door Cupboard,43990.0,Cupboard (2 Door),43990.0,Measurement Match
home funiture.xlsx,TFL-CBD-407 WD,2-Door Cupboard,44500.0,Cupboard (2 Door),44500.0,Measurement Match
home funiture.xlsx,TFL-CBD-101 WD,2-Door Cupboard,48000.0,Cupboard (2 Door),48000.0,Measurement Match
home funiture.xlsx,TFL-CBD-102 WD,2-Door Cupboard,47000.0,Cupboard (2 Door),47000.0,Measurement Match
home funiture.xlsx,TFL-CBD-103 WD,2-Door Cupboard,49500.0,Cupboard (2 Door),49500.0,Measurement Match
home funiture.xlsx,TFL-CBD-104 WD,2-Door Cupboard,48500.0,Cupboard (2 Door),48500.0,Measurement Match
home funiture.xlsx,TFL-CBD-105 WD,2-Door Cupboard,50500.0,Cupboard (2 Door),50500.0,Measurement Match
home funiture.xlsx,TFL-CBD-106 WD,Cupboard,45000.0,Cupboard (2 Door),45000.0,Measurement Match
home funiture.xlsx,TFL-CBD-107 WD,Cupboard,51000.0,Cupboard (3 Door),51000.0,Measurement Match
home funiture.xlsx,TFL-CBD-108 WD,Cupboard,50500.0,Cupboard (2 Door),50500.0,Measurement Match
home funiture.xlsx,TFL-CBD-109 LB,2-Door Cupboard,16550.0,Cupboard (2-Door),16550.0,Measurement Match
home funiture.xlsx,TFL-CBD-109 LB,3-Door Cupboard,24990.0,Cupboard (3 Door),24990.0,Measurement Match
home funiture.xlsx,TFL-CBD-110 LB,2-Door Cupboard,16610.0,Cupboard (2-Door),16610.0,Variant Name Match
home funiture.xlsx,TFL-CBD-111 LB,2-Door Cupboard,17110.0,Cupboard (2-Door),17110.0,Measurement Match
home funiture.xlsx,TFL-CBD-112 LB,2-Door Cupboard,16550.0,Cupboard (2-Door),16550.0,Variant Name Match
home funiture.xlsx,TFL-CBD-112 LB,3-Door Cupboard,24800.0,Cupboard (3 Door),24800.0,Measurement Match
home funiture.xlsx,TFL-CBD-113 LB,2-Door Cupboard,16800.0,Cupboard (2 Door),16800.0,Measurement Match
home funiture.xlsx,TFL-CBD-113 LB,2-Door Cupboard,24990.0,Cupboard (3 Door),24990.0,Measurement Match
home funiture.xlsx,TFL-CBD-114 LB,2-Door Cupboard,16550.0,Cupboard (2 Door),16550.0,Variant Name Match
home funiture.xlsx,TFL-CBD-207 LB,3-Door Cupboard,24200.0,Cupboard (3 Door),24200.0,Measurement Match
home funiture.xlsx,TFL-CBD-208 LB,2-Door Cupboard,26000.0,Cupboard Cum Dressing Tabl;e (2 Door),26000.0,Measurement Match
home funiture.xlsx,TFL-CBD-208 LB,3-Door Cupboard,32000.0,Cupboard Cum Dressing Tabl;e (3 Door),32000.0,Measurement Match
home funiture.xlsx,TFL-CBD-115 LB,2-Door Cupboard,18200.0,Cupboard UV (2 Door),18200.0,Variant Name Match
home funiture.xlsx,TFL-CBD-115 LB,3-Door Cupboard,24900.0,Cupboard UV (3 Door),24900.0,Measurement Match
home funiture.xlsx,TFL-CBD-115 LB,3-Door Cupboard,27900.0,Cupboard UV (3 Door),27900.0,Measurement Match
home funiture.xlsx,TFL-CBD-116 LB,2-Door Cupboard,18200.0,Cupboard UV (2 Door),18200.0,Variant Name Match
home funiture.xlsx,TFL-CBD-116 LB,3-Door Cupboard,24900.0,Cupboard UV (3 Door),24900.0,Variant + Closest Meas
home funiture.xlsx,TFL-CBD-116 LB,3-Door Cupboard,27900.0,Cupboard UV (3 Door),27900.0,Measurement Match
home funiture.xlsx,TFL-CBD-117 LB,2-Door Cupboard,18200.0,Cupboard UV (2-Door),18200.0,Variant Name Match
home funiture.xlsx,TFL-CBD-117 LB,3-Door Cupboard,24900.0,Cupboard UV (3 Door),24900.0,Variant + Closest Meas
home funiture.xlsx,TFL-CBD-117 LB,3-Door Cupboard,27900.0,Cupboard UV (3 Door),27900.0,Measurement Match
home funiture.xlsx,TFL-CBD-118 LB,2-Door Cupboard,18200.0,Cupboard UV (2 Door),18200.0,Variant Name Match
home funiture.xlsx,TFL-CBD-118 LB,3-Door Cupboard,24900.0,Cupboard UV (3 Door),24900.0,Variant + Closest Meas
home funiture.xlsx,TFL-CBD-118 LB,3-Door Cupboard,27900.0,Cupboard (3 Door),27900.0,Measurement Match
home funiture.xlsx,TFL-CBD-119 MT,2-Door Cupboard,19990.0,Cupboard (2 Door),19990.0,Measurement Match
home funiture.xlsx,TFL-COD-110-LB,Wardrobe,15500.0,Wardrobe,15500.0,Measurement Match
home funiture.xlsx,TFL-WDR-110-LB,Wardrobe,16100.0,Wardrobe,16100.0,Measurement Match
home funiture.xlsx,TFL-COD-111-LB,Wardrobe,15900.0,Chest of Drawer,15900.0,Measurement Match
home funiture.xlsx,TFL-WDR-112-LB,Wardrobe,20400.0,Wardrobe,20400.0,Measurement Match
home funiture.xlsx,TFL-COD-113-LB,Wardrobe,15900.0,Chest of Drawer,15900.0,Measurement Match
home funiture.xlsx,TFL-COD-114-LB,Wardrobe,15990.0,Chest of Drawer,15990.0,Measurement Match
home funiture.xlsx,TFL-COD-115-LB,Chest of Drawer ,18200.0,Chest of Drawer,18200.0,Measurement Match
home funiture.xlsx,TFL-WDR-116-LB,Chest of Drawer ,20500.0,Wardrobe,20500.0,Measurement Match
home funiture.xlsx,TFL-WDR-117-LB,Chest of Drawer ,20500.0,Wardrobe,20500.0,Measurement Match
home funiture.xlsx,TFL-WDR-118-LB,Chest of Drawer ,20500.0,Wardrobe,20500.0,Measurement Match
home funiture.xlsx,TFL-COD-116 MT,Chest of Drawer ,19990.0,Chest of Drawer,19990.0,Measurement Match
home funiture.xlsx,TFL-WDR-115-LB,Wardrobe,20500.0,Wardrobe,20500.0,Measurement Match
home funiture.xlsx,TFL-WDR-116-LB,Wardrobe,20500.0,Wardrobe,20500.0,Measurement Match
home funiture.xlsx,TFL-WDR-117-LB,Wardrobe,20500.0,Wardrobe,20500.0,Measurement Match
home funiture.xlsx,TFL-WDR-118-LB,Wardrobe,20500.0,Wardrobe,20500.0,Measurement Match
home funiture.xlsx,TFL-WDR-402 WD,Wardrobe,42000.0,Wardrobe,42000.0,Measurement Match
home funiture.xlsx,TFL-COD-405 WD,Chest of Drawer,32500.0,Chest of Drawer,32500.0,Measurement Match
home funiture.xlsx,TFL-WDR-407 WD,Wardrobe,43500.0,Wardrobe,43500.0,Measurement Match
home funiture.xlsx,TFL-WDR-106-WD,Wardrobe,47500.0,Wardrobe,47500.0,Measurement Match
home funiture.xlsx,TFL-WDR-107-WD,Wardrobe,50500.0,Wardrobe,50500.0,Measurement Match
home funiture.xlsx,TFL-COD-109-LB,Wardrobe,14200.0,Wardrobe,14200.0,Measurement Match
home funiture.xlsx,TFL-WDR-108-WD,Wardrobe,48500.0,Wardrobe,48500.0,Measurement Match
home funiture.xlsx,TFL-WDR-105 WD,Wardrobe,49500.0,Wardrobe,49500.0,Variant Name Match
home funiture.xlsx,TFL-WDR-101 WD,Wardrobe,48000.0,Wardrobe,48000.0,Variant Name Match
home funiture.xlsx,TFL-WDR-102 WD,Wardrobe,49000.0,Wardrobe,49000.0,Variant Name Match
home funiture.xlsx,TFL-WDR-103 WD,Wardrobe,48000.0,Wardrobe,48000.0,Variant Name Match
home funiture.xlsx,TFL-COD-104 WD,Wardrobe,39000.0,Chest of Drawer,39000.0,Variant Name Match
home funiture.xlsx,TFL-WDR-104 WD,Wardrobe,46000.0,Wardrobe,46000.0,Variant Name Match
home funiture.xlsx,TFL-WDD-204-LB,Wardrobe,19590.0,NO MATCH IN PDF,,
home funiture.xlsx,TFL-COD-205-LB,Wardrobe,13980.0,Chest of Drawer,13980.0,Measurement Match
home funiture.xlsx,TFL-WDD-202-LB,Wardrobe,17500.0,NO MATCH IN PDF,,
home funiture.xlsx,TFL-WDD-201-LB,Wardrobe,16400.0,NO MATCH IN PDF,,
home funiture.xlsx,TFL-COD-203-LB,Wardrobe,13990.0,Chest of Drawer,13990.0,Measurement Match
home funiture.xlsx,TFL-ALN-201 LB,Alna,5700.0,Alna,5700.0,Measurement Match
home funiture.xlsx,TFL-ALN-202 LB,Alna,7400.0,Alna,7400.0,Measurement Match
home funiture.xlsx,TFL-CHD-201 LB,Alna,3550.0,Alna,3550.0,Measurement Match
home funiture.xlsx,TFL-RET-201 LB,Reading Table,4750.0,Reading Table,4750.0,Measurement Match
home funiture.xlsx,TFL-RET-202 LB,Reading Table,7400.0,Reading Table,7400.0,Measurement Match
home funiture.xlsx,TFL-RET-203 LB,Reading Table,7800.0,Reading Table,7800.0,Measurement Match
home funiture.xlsx,TFL-CMT-201 LB,Computer Table,3800.0,Computer Table,3800.0,Measurement Match
home funiture.xlsx,TFL-SRK-201 LB,Shoe Rack,6800.0,Shoe Rack,6800.0,Measurement Match
home funiture.xlsx,TFL-SRK-202 LB,Shoe Rack,6500.0,Shoe Rack,6500.0,Measurement Match
home funiture.xlsx,TFL-SRK-203 LB,Shoe Rack,7500.0,Shoe Rack,7500.0,Measurement Match
home funiture.xlsx,TFL-RKC-106 MT,Rocking Chair,6600.0,Rocking Chair,6600.0,Variant Name Match
home funiture.xlsx,TFL-DVN-201 FF,Divan,32400.0,Divan,32400.0,Measurement Match
home funiture.xlsx,TFL-DVN-202 FF,Divan,34000.0,Divan,34000.0,Measurement Match
home funiture.xlsx,TFL-DVN-203 FR,Divan,30500.0,Divan,30500.0,Measurement Match
home funiture.xlsx,TFL-SOF-101 WD,Sofa,17000.0,Sofa (Single Seater),17000.0,Measurement Match
home funiture.xlsx,TFL-SOF-101 WD,Sofa,27000.0,Sofa (Double Seater),27000.0,Measurement Match
home funiture.xlsx,TFL-SOF-102 WD,Sofa,19500.0,Sofa (Single Seater),19500.0,Measurement Match
home funiture.xlsx,TFL-SOF-102 WD,Sofa,27500.0,Sofa (Double Seater),27500.0,Measurement Match
home funiture.xlsx,TFL-SOF-103 WD,Sofa,19800.0,Sofa (Single Seater),19800.0,Measurement Match
home funiture.xlsx,TFL-SOF-103 WD,Sofa,25500.0,Sofa (Double Seater),25500.0,Measurement Match
home funiture.xlsx,TFL-SOF-104 WD,Sofa,21490.0,Sofa (Single Seater),21490.0,Measurement Match
home funiture.xlsx,TFL-SOF-104 WD,Sofa,29200.0,Sofa (Double Seater),29200.0,Measurement Match
home funiture.xlsx,TFL-SOF-105 WD,Sofa,15000.0,Sofa (Single Seater),15000.0,Measurement Match
home funiture.xlsx,TFL-SOF-105 WD,Sofa,26000.0,Sofa (Double Seater),26000.0,Measurement Match
home funiture.xlsx,TFL-SOF-105 WD,Sofa,34500.0,Sofa (Triple Seater),34500.0,Measurement Match
home funiture.xlsx,TFL-SOF-106 WD,Sofa,14980.0,Sofa (Single Seater),14980.0,Measurement Match
home funiture.xlsx,TFL-SOF-106 WD,Sofa,22000.0,Sofa (Double Seater),22000.0,Measurement Match
home funiture.xlsx,TFL-SOF-107 WD,Sofa,20500.0,Sofa (Single Seater),20500.0,Measurement Match
home funiture.xlsx,TFL-SOF-107 WD,Sofa,28500.0,Sofa (Double Seater),28500.0,Measurement Match
home funiture.xlsx,TFL-SOF-108 WD,Sofa,20800.0,Sofa (Single Seater),20800.0,Measurement Match
home funiture.xlsx,TFL-SOF-108-D- WD,Sofa,28000.0,Sofa (Double Seater),28000.0,Measurement Match
home funiture.xlsx,TFL-SOF-123-FR,Sofa,49000.0,Sofa (1 Seater),49000.0,Variant Name Match
home funiture.xlsx,TFL-SOF-102-FR,Sofa,56000.0,Sofa (2 Seater),56000.0,Variant + Closest Meas
home funiture.xlsx,TFL-SOF-102-FR,Sofa,56000.0,Sofa (2 Seater),56000.0,Variant + Closest Meas
home funiture.xlsx,TFL-CRT-101 WD,Center Table,9990.0,Center Table,9990.0,Measurement Match
home funiture.xlsx,TFL-CRT-102 WD,Center Table,10980.0,Center Table,10980.0,Measurement Match
home funiture.xlsx,TFL-CRT-103 WD,Center Table,7980.0,Center Table,7980.0,Measurement Match
home funiture.xlsx,TFL-CRT-104 WD,Center Table,14990.0,Center Table,14990.0,Measurement Match
home funiture.xlsx,TFL-CRT-106 WD,Center Table,14980.0,Center Table,14980.0,Measurement Match
home funiture.xlsx,TFL-CRT-107 WD,Center Table,9890.0,Center Table,9890.0,Measurement Match
home funiture.xlsx,TFL-CRT-108 WD,Center Table,12000.0,Center Table,12000.0,Measurement Match
home funiture.xlsx,TFL-STD-106 WD,Center Table,8880.0,Center Table,8880.0,Measurement Match
home funiture.xlsx,TFL-STD-107 WD,Sidetable,6500.0,Side Table,6500.0,Measurement Match
home funiture.xlsx,TFL-STD-108 WD,Sidetable,7980.0,Side Table,7980.0,Measurement Match
home funiture.xlsx,TFL-STD-101 WD,Sidetable,7980.0,Side Table,7980.0,Measurement Match
home funiture.xlsx,TFL-STD-102 WD,Sidetable,7990.0,Side Table,7990.0,Measurement Match
home funiture.xlsx,TFL-STD-103 WD,Sidetable,4990.0,Side Table,4990.0,Measurement Match
home funiture.xlsx,TFL-OSD-201 LB,Oven Shelf,6300.0,Oven Shelf,6300.0,Measurement Match
home funiture.xlsx,TFL-DNT-201 MT,Dining Talbe,12990.0,Dining Talbe,12990.0,Measurement Match
home funiture.xlsx,TFL-DNC-201 MT,Dining Chair,2495.0,Dining Chair,2495.0,Measurement Match
home funiture.xlsx,TFL-DNT-202 MT,Dining Talbe,13200.0,Dining Talbe,13200.0,Measurement Match
home funiture.xlsx,TFL-DNC-202 MT,Dining Chair,3200.0,Dining Chair,3200.0,Measurement Match
home funiture.xlsx,TFL-DNT-114,Dining Table,29980.0,NO MATCH IN PDF,,
home funiture.xlsx,TFL-DNT-108 WD,Dining Table,35990.0,Dining Table,35990.0,Variant Name Match
home funiture.xlsx,TFL-DNT-102,Dining Table,21500.0,Dining Table,21500.0,Variant Name Match
home funiture.xlsx,TFL-DNT-101 WD,Dining Table,48000.0,Dining Table,48000.0,Variant Name Match
home funiture.xlsx,TFL-DNT-103 WD,Dining Table,30800.0,Dining Table,30800.0,Measurement Match
home funiture.xlsx,TFL-DNT-104 WD,Dining Table,29980.0,Dining Table,29980.0,Measurement Match
home funiture.xlsx,TFL-DNT-105 WD,Dining Table,79000.0,Dining Table,79000.0,Measurement Match
home funiture.xlsx,TFL-DNT-112 WD,Dining Table,33200.0,Dining Table,33200.0,Measurement Match
home funiture.xlsx,TFL-DNC-101 WD,Dining Chair,8200.0,Dining Chair,8200.0,Measurement Match
home funiture.xlsx,TFL-DNC-102 WD,Dining Chair,7500.0,Dining Chair,7500.0,Measurement Match
home funiture.xlsx,TFL-DNC-103 WD,Dining Chair,7000.0,Dining Chair,7000.0,Measurement Match
home funiture.xlsx,TFL-DNC-104 WD,Dining Chair,14980.0,Dining Chair,14980.0,Measurement Match
home funiture.xlsx,TFL-DNC-105 WD,Dining Chair,13990.0,Dining Chair,13990.0,Variant Name Match
home funiture.xlsx,TFL-DNC-108 WD,Dining Chair,7050.0,Dining Chair,7050.0,Measurement Match
home funiture.xlsx,TFL-DNC-112 WD,Dining Chair,8500.0,Dining Chair,8500.0,Measurement Match
home funiture.xlsx,TFL-DNC-114 WD,Dining Chair,8500.0,Dining Chair,8500.0,Measurement Match
home funiture.xlsx,TFL-DSB-101 WD,Sideboard,49000.0,Sideboard,49000.0,Measurement Match
home funiture.xlsx,TFL-DSB-102 WD,Sideboard,48000.0,Sideboard,48000.0,Measurement Match
home funiture.xlsx,TFL-DSB-103 WD,Sideboard,35990.0,Sideboard,35990.0,Measurement Match
home funiture.xlsx,TFL-DSB-104 WD,Sideboard,29000.0,Sideboard,29000.0,Measurement Match
home funiture.xlsx,TFL-DSB-105 WD,Sideboard,33000.0,Sideboard,33000.0,Measurement Match
home funiture.xlsx,TFL-DSC-201 LB,Showcase,25550.0,Showcase,25550.0,Measurement Match
home funiture.xlsx,TFL-DSC-202 LB,Showcase,28000.0,Showcase,28000.0,Measurement Match
home funiture.xlsx,TFL-DNW-102 WD,Showcase,72000.0,Showcase,72000.0,Variant + Closest Meas
home funiture.xlsx,TFL-DNW-102 WD,Showcase,72000.0,Showcase,72000.0,Variant + Closest Meas
home funiture.xlsx,TFL-DNW-103 WD,Showcase,70000.0,Showcase,70000.0,Measurement Match
home funiture.xlsx,TFL-DNW-104 WD,Showcase,49000.0,Showcase,49000.0,Measurement Match
home funiture.xlsx,TFL-DNW-105 WD,Showcase,59000.0,Showcase,59000.0,Measurement Match
home funiture.xlsx,TFL-DNW-110 WD,Dinner Wagon,65000.0,Dinner Wagon,65000.0,Measurement Match
home funiture.xlsx,TFL-TVC-101 WD,TV Cabinet,27000.0,TV Cabinet,27000.0,Measurement Match
home funiture.xlsx,TFL-TVC-103 WD,TV Cabinet,29500.0,TV Cabinet,29500.0,Measurement Match
home funiture.xlsx,TFL-TVC-104 WD,TV Cabinet,25000.0,TV Cabinet,25000.0,Measurement Match
home funiture.xlsx,TFL-TVC-102 WD,TV Cabinet,27500.0,TV Cabinet,27500.0,Measurement Match
home funiture.xlsx,TFL-TVC-106 WD,TV Cabinet,20000.0,TV Cabinet,20000.0,Measurement Match
home funiture.xlsx,TFL-TVC-107 WD,TV Cabinet,20000.0,TV Cabinet,20000.0,Measurement Match
home funiture.xlsx,TFL-TVC-108 WD,TV Cabinet,17000.0,TV Cabinet,17000.0,Measurement Match
home funiture.xlsx,TFL-TVC-109 -LB,TV Cabinet,17000.0,TV Cabinet,17000.0,Measurement Match
home funiture.xlsx,TFL-TVC-110 WD,TV Cabinet,22000.0,TV Cabinet,22000.0,Measurement Match
home funiture.xlsx,TFL-TVC-105 WD,TV Cabinet,23000.0,TV Cabinet,23000.0,Measurement Match
home funiture.xlsx,TFL-TVC-112 -LB,TV Cabinet,13500.0,TV Cabinet,13500.0,Measurement Match
home funiture.xlsx,TFL-TVC-111 WD,TV Cabinet,15500.0,TV Cabinet,15500.0,Measurement Match
home funiture.xlsx,TFL-SRK-101 WD,Shoe Rack,31757.0,Shoe Rack,31757.0,Measurement Match
home funiture.xlsx,TFL-SRK-103 WD,Shoe Rack,38700.0,Shoe Rack,38700.0,Measurement Match
home funiture.xlsx,TFL-SRK-104 WD,Shoe Rack,30600.0,Shoe Rack,30600.0,Measurement Match
home funiture.xlsx,TFL-SRK-105 WD,Shoe Rack,17100.0,Shoe Rack,17100.0,Measurement Match
home funiture.xlsx,TFL-SRK-106 WD,Shoe Rack,36900.0,Shoe Rack,36900.0,Measurement Match
home funiture.xlsx,TFL-SRK-107 WD,Shoe Rack,12600.0,Shoe Rack,12600.0,Measurement Match
home funiture.xlsx,TFL-SRK-108 WD,Shoe Rack,38000.0,Shoe Rack,38000.0,Measurement Match
home funiture.xlsx,TFL-SRK-110 WD,Shoe Rack,41400.0,Shoe Rack,41400.0,Measurement Match
home funiture.xlsx,TFL-SRK-109 WD,Shoe Rack,11200.0,Shoe Rack,11200.0,Measurement Match
home funiture.xlsx,TFL-SRK-102 WD,Shoe Rack,29700.0,Shoe Rack,29700.0,Measurement Match
home funiture.xlsx,TFL-RET-101 -MS,Reading Table,12900.0,Reading Table,12900.0,Measurement Match
home funiture.xlsx,TFL-RET-102 -WD,Reading Table,17000.0,Reading Table,17000.0,Measurement Match
home funiture.xlsx,TFL-RET-103 -WD,Reading Table,25000.0,Reading Table,25000.0,Measurement Match
home funiture.xlsx,TFL-RET-104 -WD,Reading Table,29000.0,Reading Table,29000.0,Measurement Match
home funiture.xlsx,TFL-RET-105 WD,Reading Table,19000.0,Reading Table,19000.0,Measurement Match
home funiture.xlsx,TFL-RET-106 -WD,Reading Table,25000.0,Reading Table,25000.0,Measurement Match
home funiture.xlsx,TFL-RET-107 -WD,Reading Table,8000.0,Reading Table,8000.0,Measurement Match
home funiture.xlsx,TFL-RET-108 -WD,Reading Table,19000.0,Reading Table,19000.0,Measurement Match
home funiture.xlsx,TFL-RET-109 -WD,Reading Table,23000.0,Reading Table,23000.0,Measurement Match
home funiture.xlsx,TFL-RET-110 -LB,Reading Table,12000.0,Reading Table,12000.0,Measurement Match
home funiture.xlsx,TFL-BKS-101 WD,Bookshelf,65000.0,Bookshelf,65000.0,Measurement Match
home funiture.xlsx,TFL-BKS-102 WD,Bookshelf,56000.0,Bookshelf,56000.0,Measurement Match
home funiture.xlsx,TFL-BKS-103 WD,Bookshelf,65000.0,Bookshelf,65000.0,Measurement Match
home funiture.xlsx,TFL-BKS-104 WD,Bookshelf,50000.0,Bookshelf,50000.0,Measurement Match
home funiture.xlsx,TFL-BKS-105 WD,Bookshelf,50000.0,Bookshelf,50000.0,Measurement Match
home funiture.xlsx,TFL-BED-131 LB,Kids Bed,18100.0,Kids Bed,18100.0,Variant Name Match
home funiture.xlsx,TFL-BED-132 LB,Kids Bed,17500.0,Kids Bed,17500.0,Variant Name Match
home funiture.xlsx,TFL-BED-133 LB,Kids Bed,20500.0,Kids Bed,20500.0,Variant Name Match
home funiture.xlsx,TFL-BED-134 LB,Kids Bed,18300.0,Kids Bed,18300.0,Variant Name Match
home funiture.xlsx,TFL-BED-135 LB,Kids Bed,20500.0,Kids Bed,20500.0,Variant Name Match
home funiture.xlsx,TFL-BED-136 LB,Kids Bed,18200.0,Kids Bed,18200.0,Variant Name Match
home funiture.xlsx,TFL-INN-101 WD,Reading Table Cum Coffee Table,30000.0,Reading Table Cum Coffee Table,30000.0,Measurement Match
home funiture.xlsx,TFL-INN-102 WD,"Folding Coffee Table
With Stool",28000.0,Folding Coffee Table With Stool,28000.0,Measurement Match
home funiture.xlsx,TFL-INN-103 WD,Folding Reading Table,55000.0,Folding Reading Table,55000.0,Measurement Match
home funiture.xlsx,TFL-INN-104 WD,Folding Reading Table,9000.0,Folding Reading Table,9000.0,Measurement Match
home funiture.xlsx,TFL-INN-105 WD,Reading Table Cum Cabinet,20000.0,Reading Table Cum Cabinet,20000.0,Measurement Match
home funiture.xlsx,TFL-INN-106 WD,Reading Table Cum Cabinet,27000.0,Reading Table Cum Cabinet,27000.0,Measurement Match
home funiture.xlsx,TFL-INN-107 WD,Dining Table Cum Hanging Cabinet,30000.0,Dining Table Cum Hanging Cabinet,30000.0,Measurement Match
home funiture.xlsx,TFL-INN-108 WD,Dining Table Cum Cabinet,32000.0,Dining Table Cum Cabinet,32000.0,Measurement Match
home funiture.xlsx,TFL-INN-109 WD,Folding Bed Cum Cabinet,42000.0,Folding Bed Cum Cabinet,42000.0,Measurement Match
home funiture.xlsx,TFL-STA-101 MT,2-Door Steel Almirah,28500.0,Steel Almirah UV (2 Door),28500.0,Measurement Match
home funiture.xlsx,TFL-STA-102 MT,2-Door Steel Almirah,28500.0,Steel Almirah UV (2 Door),28500.0,Measurement Match
home funiture.xlsx,TFL-STA-103 MT,2-Door Steel Almirah,28500.0,Steel Almirah UV (2 Door),28500.0,Measurement Match
home funiture.xlsx,TFL-STA-104 MT,2-Door Steel Almirah,28500.0,Steel Almirah UV (2 Door),28500.0,Measurement Match
home funiture.xlsx,TFL-STA-105 MT,2-Door Steel Almirah,28500.0,Steel Almirah UV (2 Door),28500.0,Measurement Match
home funiture.xlsx,TFL-STA-106 MT,2-Door Steel Almirah,28500.0,Steel Almirah UV (2 Door),28500.0,Measurement Match
home funiture.xlsx,TFL-STA-107 MT,2-Door Steel Almirah,28500.0,Steel Almirah UV (2 Door),28500.0,Measurement Match
home funiture.xlsx,TFL-STA-108 MT,2-Door Steel Almirah,28500.0,Steel Almirah UV (2 Door),28500.0,Measurement Match
home funiture.xlsx,TFL-STA-109 MT,2-Door Steel Almirah,28500.0,Steel Almirah UV (2 Door),28500.0,Measurement Match
home funiture.xlsx,TFL-STA-110 MT,2-Door Steel Almirah,28500.0,Steel Almirah UV (2 Door),28500.0,Measurement Match
home funiture.xlsx,TFL-STA-111 MT,2-Door Steel Almirah,28500.0,Steel Almirah UV (2 Door),28500.0,Measurement Match
home funiture.xlsx,TFL-STA-112 MT,2-Door Steel Almirah,28500.0,Steel Almirah UV (2 Door),28500.0,Measurement Match
home funiture.xlsx,TFL-STA-113 MT,2-Door Steel Almirah,28500.0,Steel Almirah UV (2 Door),28500.0,Measurement Match
home funiture.xlsx,TFL-STA-114 MT,2-Door Steel Almirah,28500.0,Steel Almirah UV (2 Door),28500.0,Measurement Match
home funiture.xlsx,TFL-STA-115 MT,2-Door Steel Almirah,28500.0,Steel Almirah UV (2 Door),28500.0,Measurement Match
home funiture.xlsx,TFL-STA-116 MT,2-Door Steel Almirah,28500.0,Steel Almirah UV (2 Door),28500.0,Measurement Match
home funiture.xlsx,TFL-STA-117 MT,2-Door Steel Almirah,27000.0,Steel Almirah (2 Door),27000.0,Measurement Match
home funiture.xlsx,TFL-STA-118 MT,2-Door Steel Almirah,27000.0,Steel Almirah (2 Door),27000.0,Measurement Match
home funiture.xlsx,TFL-IRS-101 WD,Iron Shelf,16100.0,Iron Shelf,16100.0,Measurement Match
home funiture.xlsx,TFL-IRS-102 WD,Iron Shelf,20000.0,Iron Shelf,20000.0,Measurement Match
home funiture.xlsx,TFL-IRS-103 WD,Iron Shelf,20700.0,Iron Shelf,20700.0,Measurement Match
Office Furniture.xlsx,TFL-STO-202 LB,Sr. Executive Table,27000.0,NO MATCH IN PDF,,
Office Furniture.xlsx,TFL-STO-203 LB,Sr. Executive Table,25000.0,NO MATCH IN PDF,,
Office Furniture.xlsx,TFL-STO-204 LB,Sr. Executive Table,22500.0,NO MATCH IN PDF,,
Office Furniture.xlsx,TFL-STO-205 LB,Sr. Executive Table,30500.0,NO MATCH IN PDF,,
Office Furniture.xlsx,TFL-STO-206 LB,Sr. Executive Table,22500.0,NO MATCH IN PDF,,
Office Furniture.xlsx,TFL-STO-207 LB,Sr. Executive Table,22500.0,NO MATCH IN PDF,,
Office Furniture.xlsx,TFL-STO-208 LB,Sr. Executive Table,11300.0,NO MATCH IN PDF,,
Office Furniture.xlsx,TFL-STO-209 LB,Sr. Executive Table,8900.0,NO MATCH IN PDF,,
Office Furniture.xlsx,TFL-STO-210 LB,Sr. Executive Table,19500.0,NO MATCH IN PDF,,
Office Furniture.xlsx,TFL-STO-211 LB,Sr. Executive Table,12200.0,NO MATCH IN PDF,,
Office Furniture.xlsx,TFL-STO-212 LB,Sr. Executive Table,18800.0,NO MATCH IN PDF,,
Office Furniture.xlsx,TFL-STO-213 LB,Sr. Executive Table,20500.0,NO MATCH IN PDF,,
Office Furniture.xlsx,TFL-STO-214 LB,Sr. Executive Table,23500.0,NO MATCH IN PDF,,
Office Furniture.xlsx,TFL-ETO-215 LB,Executive Table,7800.0,NO MATCH IN PDF,,
Office Furniture.xlsx,TFL-ETO-216 LB,Executive Table,11500.0,NO MATCH IN PDF,,
Office Furniture.xlsx,TFL-ETO-217 LB,Executive Table,9500.0,NO MATCH IN PDF,,
Office Furniture.xlsx,TFL-ETO-218 LB,Executive Table,12500.0,NO MATCH IN PDF,,
Office Furniture.xlsx,TFL-ETO-219 LB,Executive Table,11700.0,NO MATCH IN PDF,,
Office Furniture.xlsx,TFL-ETO-220 LB,Executive Table,12500.0,NO MATCH IN PDF,,
Office Furniture.xlsx,TFL-ETO-221 LB,Executive Table,10700.0,NO MATCH IN PDF,,
Office Furniture.xlsx,TFL-ETO-222 LB,Executive Table,13500.0,NO MATCH IN PDF,,
Office Furniture.xlsx,TFL-ETO-223 LB,Executive Table,6900.0,NO MATCH IN PDF,,
Office Furniture.xlsx,TFL-ETO-224 LB,Executive Table,6600.0,NO MATCH IN PDF,,
Office Furniture.xlsx,TFL-ETO-225 LB,Executive Table,14500.0,NO MATCH IN PDF,,
Office Furniture.xlsx,TFL-ETO-226 LB,Executive Table,6000.0,NO MATCH IN PDF,,
Office Furniture.xlsx,TFL-ETO-227 LB,Executive Table,14700.0,NO MATCH IN PDF,,
Office Furniture.xlsx,TFL-ETO-228 LB,Executive Table,11300.0,NO MATCH IN PDF,,
Office Furniture.xlsx,TFL-DUO-201 LB,Mobile Drawer Unit,6400.0,NO MATCH IN PDF,,
Office Furniture.xlsx,TFL-DUO-202 LB,Mobile Drawer Unit,6200.0,NO MATCH IN PDF,,
Office Furniture.xlsx,TFL-DUO-203 LB,Mobile Drawer Unit,5700.0,NO MATCH IN PDF,,
Office Furniture.xlsx,TFL-DUO-204 LB,Mobile Drawer Unit,5400.0,NO MATCH IN PDF,,
Office Furniture.xlsx,TFL-DUO-205 LB,Hanging Drawer,4300.0,NO MATCH IN PDF,,
Office Furniture.xlsx,TFL-DUO-206 LB,Hanging Drawer,3200.0,NO MATCH IN PDF,,
Office Furniture.xlsx,TFL-DUO-207 LB,Hanging Drawer,2300.0,NO MATCH IN PDF,,
Office Furniture.xlsx,TFL-SRO-201 LB,Side Rack,8800.0,NO MATCH IN PDF,,
Office Furniture.xlsx,TFL-SRO-202 LB,Side Rack,5000.0,NO MATCH IN PDF,,
Office Furniture.xlsx,TFL-SRO-203 LB,Side Rack,8100.0,NO MATCH IN PDF,,
Office Furniture.xlsx,TFL-SRO-204 LB,Side Rack,8500.0,NO MATCH IN PDF,,
Office Furniture.xlsx,TFL-SRO-205 LB,Side Rack,9050.0,NO MATCH IN PDF,,
Office Furniture.xlsx,TFL-SRO-206 LB,Side Rack,8600.0,NO MATCH IN PDF,,
Office Furniture.xlsx,TFL-CTO-201 LB,Computer Table,6900.0,NO MATCH IN PDF,,
Office Furniture.xlsx,TFL-CTO-202 LB,Computer Table,3950.0,NO MATCH IN PDF,,
Office Furniture.xlsx,TFL-CTO-203 LB,Computer Table,8500.0,NO MATCH IN PDF,,
Office Furniture.xlsx,TFL-CTO-204 LB,Computer Table,6500.0,NO MATCH IN PDF,,
Office Furniture.xlsx,TFL-CTO-205 LB,Computer Table,3700.0,NO MATCH IN PDF,,
Office Furniture.xlsx,TFL-CTO-206 LB,Computer Table,6700.0,NO MATCH IN PDF,,
Office Furniture.xlsx,TFL-MPO-201 LB,Multipurpose Shelf,12500.0,NO MATCH IN PDF,,
Office Furniture.xlsx,TFL-MPO-202 LB,Multipurpose Shelf,15400.0,NO MATCH IN PDF,,
Office Furniture.xlsx,TFL-MPO-203 LB,Multipurpose Shelf,12700.0,NO MATCH IN PDF,,
Office Furniture.xlsx,TFL-MPO-204 LB,Multipurpose Shelf,7995.0,NO MATCH IN PDF,,
Office Furniture.xlsx,TFL-HCO-201 LB,Hanging File Cabinet,6800.0,NO MATCH IN PDF,,
Office Furniture.xlsx,TFL-HCO-202 LB,Hanging File Cabinet,5350.0,NO MATCH IN PDF,,
Office Furniture.xlsx,TFL-HCO-202 LB,Hanging File Cabinet,7250.0,NO MATCH IN PDF,,
Office Furniture.xlsx,TFL-OCT-201 LB,Conference Table,6500.0,NO MATCH IN PDF,,
Office Furniture.xlsx,TFL-OCT-201 LB,Conference Table,4500.0,NO MATCH IN PDF,,
Office Furniture.xlsx,TFL-OCT-201 LB,Conference Table,4300.0,NO MATCH IN PDF,,
Office Furniture.xlsx,TFL-OCT-202 LB,Conference Table,14500.0,NO MATCH IN PDF,,
Office Furniture.xlsx,TFL-OCT-203 LB,Conference Table,24000.0,NO MATCH IN PDF,,
Office Furniture.xlsx,TFL-OCT-204 LB,Conference Table,7500.0,NO MATCH IN PDF,,
Office Furniture.xlsx,TFL-OSF-301 FR,2- Seater Sofa,0,NO MATCH IN PDF,,
Office Furniture.xlsx,TFL-OSF-302 FR,2- Seater Sofa,25000.0,NO MATCH IN PDF,,
Office Furniture.xlsx,TFL-OSF-303 FR,2- Seater Sofa,32000.0,NO MATCH IN PDF,,
Office Furniture.xlsx,TFL-OSF-304 FR,2- Seater Sofa,0,NO MATCH IN PDF,,
Office Furniture.xlsx,TFL-OSF-305 FR,2- Seater Sofa,22500.0,NO MATCH IN PDF,,
Office Furniture.xlsx,TFL-OSF-306 FR,2- Seater Sofa,14500.0,NO MATCH IN PDF,,
Office Furniture.xlsx,TFL-OSF-307 FR,2- Seater Sofa,19500.0,NO MATCH IN PDF,,
Office Furniture.xlsx,TFL-OSF-308 FR,None,0,NO MATCH IN PDF,,
Office Furniture.xlsx,TFL-SOF-309 FR,2- Seater Sofa,0,NO MATCH IN PDF,,
Office Furniture.xlsx,TFL-SOF-310 FR,3- Seater Sofa,0,NO MATCH IN PDF,,
Office Furniture.xlsx,TFL-ECO-301 FF,Office Chair ,0,NO MATCH IN PDF,,
Office Furniture.xlsx,TFL-ECO-302 FF,Office Chair ,0,NO MATCH IN PDF,,
Office Furniture.xlsx,TFL-ECO-303 FF,Office Chair ,0,NO MATCH IN PDF,,
Office Furniture.xlsx,TFL-ECO-304 FF,Office Chair ,0,NO MATCH IN PDF,,
Office Furniture.xlsx,TFL-ECO-305 FR,Office Chair ,32000.0,NO MATCH IN PDF,,
Office Furniture.xlsx,TFL-ECO-306 FR,Office Chair ,0,NO MATCH IN PDF,,
Office Furniture.xlsx,TFL-ECO-307 FR,Office Chair ,0,NO MATCH IN PDF,,
Office Furniture.xlsx,TFL-ECO-308 FR,Office Chair ,0,NO MATCH IN PDF,,
Office Furniture.xlsx,TFL-ECO-308 FR,Office Chair ,0,NO MATCH IN PDF,,
Office Furniture.xlsx,TFL-ECO-309 FR,Office Chair ,38000.0,NO MATCH IN PDF,,
Office Furniture.xlsx,TFL-ECO-310 FF,Office Chair ,22700.0,NO MATCH IN PDF,,
Office Furniture.xlsx,TFL-ECO-311 FR,Office Chair ,22500.0,NO MATCH IN PDF,,
Office Furniture.xlsx,TFL-ECO-312 FR,Office Chair ,15500.0,NO MATCH IN PDF,,
Office Furniture.xlsx,TFL-ECO-313 FF,Office Chair ,15000.0,NO MATCH IN PDF,,
Office Furniture.xlsx,TFL-ECO-314 FR,Office Chair ,0,NO MATCH IN PDF,,
Office Furniture.xlsx,TFL-ECO-315 FR,Office Chair ,0,NO MATCH IN PDF,,
Office Furniture.xlsx,TFL-ECO-316 FR,Office Chair ,0,NO MATCH IN PDF,,
Office Furniture.xlsx,TFL-ECO-317 WD,Office Chair ,14500.0,NO MATCH IN PDF,,
Office Furniture.xlsx,TFL-ECO-318 WD,Office Chair ,17500.0,NO MATCH IN PDF,,
Office Furniture.xlsx,TFL-ECO-319 WD,Office Chair ,16100.0,NO MATCH IN PDF,,
Office Furniture.xlsx,TFL-ECO-320 WD,Officer Chair,33200.0,NO MATCH IN PDF,,
Office Furniture.xlsx,TFL-ECO-321 WD,Officer Chair,22200.0,NO MATCH IN PDF,,
Office Furniture.xlsx,TFL-ECO-322 WD,Officer Chair,22000.0,NO MATCH IN PDF,,
Office Furniture.xlsx,TFL-ECO-323 WD,Officer Chair,18200.0,NO MATCH IN PDF,,
Office Furniture.xlsx,TFL-ECO-324 WD,Officer Chair,20200.0,NO MATCH IN PDF,,
Office Furniture.xlsx,TFL-ECO-325 WD,Officer Chair,16200.0,NO MATCH IN PDF,,
Office Furniture.xlsx,TFL-OCO-301 FR,Officer Chair,0,NO MATCH IN PDF,,
Office Furniture.xlsx,TFL-OCO-302 FR,Officer Chair,0,NO MATCH IN PDF,,
Office Furniture.xlsx,TFL-OCO-303 FR,Officer Chair,0,NO MATCH IN PDF,,
Office Furniture.xlsx,TFL-OCO-304 FR,Officer Chair,0,NO MATCH IN PDF,,
Office Furniture.xlsx,TFL-OCO-305 FR,Officer Chair,7900.0,NO MATCH IN PDF,,
Office Furniture.xlsx,TFL-OCO-306 FR,Officer Chair,0,NO MATCH IN PDF,,
Office Furniture.xlsx,TFL-OCO-307 FR,Officer Chair,0,NO MATCH IN PDF,,
Office Furniture.xlsx,TFL-OCO-308 FR,Officer Chair,0,NO MATCH IN PDF,,
Office Furniture.xlsx,TFL-OCO-309 FR,Officer Chair,9000.0,NO MATCH IN PDF,,
Office Furniture.xlsx,TFL-OCO-310 FR,Officer Chair,9000.0,NO MATCH IN PDF,,
Office Furniture.xlsx,TFL-OCO-311 FR,Officer Chair,9000.0,NO MATCH IN PDF,,
Office Furniture.xlsx,TFL-OCO-312 FR,Officer Chair,0,NO MATCH IN PDF,,
Office Furniture.xlsx,TFL-VCO-301 FR,Visitor Chair ,17000.0,NO MATCH IN PDF,,
Office Furniture.xlsx,TFL-VCO-302 FR,Visitor Chair ,5500.0,NO MATCH IN PDF,,
Office Furniture.xlsx,TFL-VCO-303 FR,Visitor Chair ,6000.0,NO MATCH IN PDF,,
Office Furniture.xlsx,TFL-VCO-304 FR,Visitor Chair ,5800.0,NO MATCH IN PDF,,
Office Furniture.xlsx,TFL-VCO-305 FR,Visitor Chair ,4600.0,NO MATCH IN PDF,,
Office Furniture.xlsx,TFL-VCO-306 FR,Visitor Chair ,3800.0,NO MATCH IN PDF,,
Office Furniture.xlsx,TFL-VCO-307 FR,Visitor Chair ,7500.0,NO MATCH IN PDF,,
Office Furniture.xlsx,TFL-VCO-308 FR,Visitor Chair ,4900.0,NO MATCH IN PDF,,
Office Furniture.xlsx,TFL-VCO-309 FR,Visitor Chair ,6400.0,NO MATCH IN PDF,,
Office Furniture.xlsx,TFL-VCO-310,Visitor Chair ,3700.0,NO MATCH IN PDF,,
Office Furniture.xlsx,TFL-VCO-311 FR,Visitor Chair ,2800.0,NO MATCH IN PDF,,
Office Furniture.xlsx,TFL-VCO-312 WD,Visitor Chair ,4400.0,NO MATCH IN PDF,,
Office Furniture.xlsx,TFL-VCO-313 FR,Visitor Chair ,10500.0,NO MATCH IN PDF,,
Office Furniture.xlsx,TFL-VCO-314 FR,Visitor Chair ,0,NO MATCH IN PDF,,
Office Furniture.xlsx,TFL-VCO-315 FR,Visitor Chair ,5700.0,NO MATCH IN PDF,,
Office Furniture.xlsx,TFL-VCO-316 FR,Visitor Chair ,5100.0,NO MATCH IN PDF,,
Office Furniture.xlsx,TFL-VCO-317 FR,Visitor Chair ,11800.0,NO MATCH IN PDF,,
Office Furniture.xlsx,TFL-CRO-301 FR,Training Chair,0,NO MATCH IN PDF,,
Office Furniture.xlsx,TFL-CRO-302,Training Chair,0,NO MATCH IN PDF,,
Office Furniture.xlsx,TFL-CRO-303 FR,Training Chair,4500.0,NO MATCH IN PDF,,
Office Furniture.xlsx,TFL-CRO-304 WD,Training Chair,5200.0,NO MATCH IN PDF,,
Office Furniture.xlsx,TFL-CRO-305 LB,Training Chair,10800.0,NO MATCH IN PDF,,
Office Furniture.xlsx,TFL-RPC-301 FR,Reception Chair,0,NO MATCH IN PDF,,
Office Furniture.xlsx,TFL-ADC-301 FR,Auditorium Chair,0,NO MATCH IN PDF,,
Office Furniture.xlsx,TFL-POD-201 LB,Podium,8600.0,NO MATCH IN PDF,,
Office Furniture.xlsx,TFL-POD-203 LB,Podium,11700.0,NO MATCH IN PDF,,
Office Furniture.xlsx,TFL-WSO-201 LB,Workstation ,0,NO MATCH IN PDF,,
Office Furniture.xlsx,TFL-WSO-202 LB,Workstation ,0,NO MATCH IN PDF,,
Office Furniture.xlsx,TFL-WSO-203 LB,Workstation ,0,NO MATCH IN PDF,,
Office Furniture.xlsx,TFL-WSO-204 LB,Workstation ,0,NO MATCH IN PDF,,
Office Furniture.xlsx,TFL-RTO-201 LB,Reception Table,17500.0,NO MATCH IN PDF,,
Office Furniture.xlsx,TFL-RTO-202 LB,Reception Table,17700.0,NO MATCH IN PDF,,
Office Furniture.xlsx,TFL-RTO-203 LB,Reception Table,16500.0,NO MATCH IN PDF,,
Office Furniture.xlsx,TFL-RTO-204 LB,Reception Table,14200.0,NO MATCH IN PDF,,
Office Furniture.xlsx,TFL-GCO-301 WD,Waiting chair,13000.0,NO MATCH IN PDF,,
Office Furniture.xlsx,TFL-GCO-302 MT,Waiting chair,19000.0,NO MATCH IN PDF,,
Office Furniture.xlsx,TFL-GCO-303 MT,Waiting chair,32000.0,NO MATCH IN PDF,,
Office Furniture.xlsx,TFL-GCO-304 MT,Waiting chair,0,NO MATCH IN PDF,,
Office Furniture.xlsx,TFL-FCO-501 MT,Office File Cabinet,12500.0,NO MATCH IN PDF,,
Office Furniture.xlsx,TFL-FCO-502 MT,Office File Cabinet,17500.0,NO MATCH IN PDF,,
Office Furniture.xlsx,TFL-FCO-503 MT,Office File Cabinet,21500.0,NO MATCH IN PDF,,
Office Furniture.xlsx,TFL-FCO-504 MT,Combined File Cabinet,35000.0,NO MATCH IN PDF,,
Office Furniture.xlsx,TFL-FCO-505 MT,Combined File Cabinet,37500.0,NO MATCH IN PDF,,
Office Furniture.xlsx,TFL-SAO-501 MT,Office Almirah,34500.0,NO MATCH IN PDF,,
Office Furniture.xlsx,TFL-SAO-502 MT,Office Almirah,35500.0,NO MATCH IN PDF,,
Office Furniture.xlsx,TFL-SAO-503 MT,Office Almirah,28000.0,NO MATCH IN PDF,,
Office Furniture.xlsx,TFL-WSO-501 MT,Hydrolic Work Table,0,NO MATCH IN PDF,,
Product Specifications .xlsx,TFL-BED-201 LB,King Bed ,18500.0,Bed (King),18500.0,Measurement Match
Product Specifications .xlsx,TFL-BST-201 LB,Bed Side Table,4800.0,Bed Side Table,4800.0,Measurement Match
Product Specifications .xlsx,TFL-BED-202 LB,Double Bed,13000.0,Bed (Double),13000.0,Measurement Match
Product Specifications .xlsx,TFL-BED-202 LB,King Bed ,17800.0,Bed (King),17800.0,Measurement Match
Product Specifications .xlsx,TFL-BST-202 LB,Bed Side Table,2900.0,Bed Side Table,2900.0,Measurement Match
Product Specifications .xlsx,TFL-BED-203 LB,Double Bed,14980.0,Bed (Double),14980.0,Measurement Match
Product Specifications .xlsx,TFL-BED-203 LB,King Bed ,18500.0,Bed (King),18500.0,Measurement Match
Product Specifications .xlsx,TFL-BST-203 LB,Bed Side Table,4400.0,Bed Side Table,4400.0,Measurement Match
Product Specifications .xlsx,TFL-BED-204 LB,Double Bed,16500.0,Bed (Double),16500.0,Measurement Match
Product Specifications .xlsx,TFL-BED-204 LB,King Bed ,19100.0,Bed (King),19100.0,Variant Name Match
Product Specifications .xlsx,TFL-BST-204 LB,Bed Side Table,4200.0,Bed Side Table,4200.0,Measurement Match
Product Specifications .xlsx,TFL-BED-205 LB,Double Bed,16300.0,Bed (Double),16300.0,Measurement Match
Product Specifications .xlsx,TFL-BED-205 LB,King Bed ,18500.0,Bed (King),18500.0,Measurement Match
Product Specifications .xlsx,TFL-BST-205 LB,Bed Side Table,3000.0,Bed Side Table,3000.0,Measurement Match
Product Specifications .xlsx,TFL-BED-206 LB,Double Bed,16500.0,Bed (Double),16500.0,Measurement Match
Product Specifications .xlsx,TFL-BED-206 LB,King Bed ,18900.0,Bed (King),18900.0,Measurement Match
Product Specifications .xlsx,TFL-BED-109 LB,Double Bed,14500.0,Bed (Double),14500.0,Variant Name Match
Product Specifications .xlsx,TFL-BED-109 LB,King Bed,16050.0,Bed (King),16050.0,Variant Name Match
Product Specifications .xlsx,TFL-BST-109 LB,Bed Side Table,3900.0,Bed Side Table,3900.0,Measurement Match
Product Specifications .xlsx,TFL-BED-110 LB,Double Bed,19300.0,Bed (Double),19300.0,Measurement Match
Product Specifications .xlsx,TFL-BST-110 LB,Bed Side Table,3990.0,Bed Side Table,3990.0,Measurement Match
Product Specifications .xlsx,TFL-BED-111 LB,Double Bed,15900.0,Bed (Double),15900.0,Measurement Match
Product Specifications .xlsx,TFL-BST-111 LB,Bed Side Table,4990.0,Bed Side Table,4990.0,Measurement Match
Product Specifications .xlsx,TFL-BED-112 LB,Double Bed,14500.0,Bed (Double),14500.0,Measurement Match
Product Specifications .xlsx,TFL-BST-112 LB,Bed Side Table,5250.0,Bed Side Table,5250.0,Measurement Match
Product Specifications .xlsx,TFL-BED-113 LB,Double Bed,15500.0,Bed (Double),15500.0,Measurement Match
Product Specifications .xlsx,TFL-BST-113 LB,Bed Side Table,5500.0,Bed Side Table,5500.0,Measurement Match
Product Specifications .xlsx,TFL-BED-114 LB,Double Bed,15500.0,Bed (Double),15500.0,Variant Name Match
Product Specifications .xlsx,TFL-BST-114 LB,Bed side table,5590.0,Bed side table,5590.0,Measurement Match
Product Specifications .xlsx,TFL-BED-120 LB,Double Bed,16800.0,Bed (Double),16800.0,Measurement Match
Product Specifications .xlsx,TFL-BST-120 LB,Bed side table,3550.0,Bed side table,3550.0,Measurement Match
Product Specifications .xlsx,TFL-BED-119 LB,Double Bed,16800.0,Bed (Double),16800.0,Measurement Match
Product Specifications .xlsx,TFL-BST-119 LB,Bed Side Table,5000.0,Bed Side Table,5000.0,Measurement Match
Product Specifications .xlsx,TFL-BED-118 LB,Double Bed,16800.0,Bed (Double),16800.0,Measurement Match
Product Specifications .xlsx,TFL-BST-118 LB,Bed Side Table,5000.0,Bed Side Table,5000.0,Measurement Match
Product Specifications .xlsx,TFL-BED-117 LB,Double Bed,16800.0,Bed (Double),16800.0,Measurement Match
Product Specifications .xlsx,TFL-BST-117 LB,Bed Side Table,5000.0,Bed Side Table,5000.0,Measurement Match
Product Specifications .xlsx,TFL-BED-116 MT,Double Bed,22000.0,Bed (Double),22000.0,Measurement Match
Product Specifications .xlsx,TFL-BST-116 MS,Bed Side Table,5900.0,Bed Side Table,5900.0,Measurement Match
Product Specifications .xlsx,TFL-BED-401 WD,Bed (Double),28500.0,Bed (Double),28500.0,Measurement Match
Product Specifications .xlsx,TFL-BED-401 WD,Bed (Queen),30500.0,Bed (Queen),30500.0,Measurement Match
Product Specifications .xlsx,TFL-BED-401 WD,Bed (King),32500.0,Bed (King),32500.0,Measurement Match
Product Specifications .xlsx,TFL-BED-402 WD,Bed (Double),26500.0,Bed (Double),26500.0,Measurement Match
Product Specifications .xlsx,TFL-BED-402 WD,Bed (Queen),28500.0,Bed (Queen),28500.0,Measurement Match
Product Specifications .xlsx,TFL-BED-402 WD,Bed (King),30500.0,Bed (King),30500.0,Measurement Match
Product Specifications .xlsx,TFL-BST-402 WD,Bed,9900.0,Bed,9900.0,Measurement Match
Product Specifications .xlsx,TFL-BED-403 WD,Bed (Double),28000.0,Bed (Double),28000.0,Measurement Match
Product Specifications .xlsx,TFL-BED-403 WD,Bed (Queen),30000.0,Bed (Queen),30000.0,Measurement Match
Product Specifications .xlsx,TFL-BED-403 WD,Bed (King),32000.0,Bed (King),32000.0,Measurement Match
Product Specifications .xlsx,TFL-BED-404 WD,Bed (Double),26000.0,Bed (Double),26000.0,Measurement Match
Product Specifications .xlsx,TFL-BED-404 WD,Bed (Queen),27500.0,Bed (Queen),27500.0,Measurement Match
Product Specifications .xlsx,TFL-BED-404 WD,Bed (King),29500.0,Bed (King),29500.0,Measurement Match
Product Specifications .xlsx,TFL-BED-405 WD,Bed (Double),27500.0,Bed (Double),27500.0,Measurement Match
Product Specifications .xlsx,TFL-BED-405 WD,Bed (Queen),29500.0,Bed (Queen),29500.0,Measurement Match
Product Specifications .xlsx,TFL-BED-405 WD,Bed (King),31500.0,Bed (King),31500.0,Measurement Match
Product Specifications .xlsx,TFL-BST-405 WD,Bed Side Table,10000.0,Bed Side Table,10000.0,Measurement Match
Product Specifications .xlsx,TFL-BED-407 WD,Bed (Double),30500.0,Bed (Double),30500.0,Measurement Match
Product Specifications .xlsx,TFL-BED-407 WD,Bed (Queen),32500.0,Bed (Queen),32500.0,Measurement Match
Product Specifications .xlsx,TFL-BED-407 WD,Bed (King),34500.0,Bed (King),34500.0,Measurement Match
Product Specifications .xlsx,TFL-BST-407 WD,Bed Side Table,10000.0,Bed Side Table,10000.0,Measurement Match
Product Specifications .xlsx,TFL-BED-104 WD,Bed (Double),33800.0,Bed (Double),33800.0,Variant Name Match
Product Specifications .xlsx,TFL-BED-104 WD,Bed (Queen),36500.0,Bed (Queen),36500.0,Measurement Match
Product Specifications .xlsx,TFL-BED-104 WD,Bed (King),38500.0,Bed (King),38500.0,Measurement Match
Product Specifications .xlsx,TFL-BST-104 WD,Bed Side Table,12000.0,Bed Side Table,12000.0,Measurement Match
Product Specifications .xlsx,TFL-BED-102 WD,Bed (Double),40500.0,Bed (Double),40500.0,Measurement Match
Product Specifications .xlsx,TFL-BED-102 WD,Bed (Queen),42200.0,Bed (Queen),42200.0,Measurement Match
Product Specifications .xlsx,TFL-BED-102 WD,Bed (King),43500.0,Bed (King),43500.0,Measurement Match
Product Specifications .xlsx,TFL-BST-102 WD,Bed Side Table,13000.0,Bed Side Table,13000.0,Measurement Match
Product Specifications .xlsx,TFL-BED-103 WD,Bed (Double),38200.0,Bed (Double),38200.0,Measurement Match
Product Specifications .xlsx,TFL-BED-103 WD,Bed (Queen),40800.0,Bed (Queen),40800.0,Measurement Match
Product Specifications .xlsx,TFL-BED-103 WD,Bed (King),43500.0,Bed (King),43500.0,Measurement Match
Product Specifications .xlsx,TFL-BST-103 WD,Bed Side Table,12500.0,Bed Side Table,12500.0,Measurement Match
Product Specifications .xlsx,TFL-BED-106 WD,Bed (Double),46500.0,Bed (Double),46500.0,Measurement Match
Product Specifications .xlsx,TFL-BED-106 WD,Bed (Queen),48500.0,Bed (Queen),48500.0,Measurement Match
Product Specifications .xlsx,TFL-BED-106 WD,Bed (King),50500.0,Bed (King),50500.0,Measurement Match
Product Specifications .xlsx,TFL-BST-106 WD,Bed Side Table,14990.0,Bed Side Table,14990.0,Measurement Match
Product Specifications .xlsx,TFL-BED-105 WD,Bed (Double),48500.0,Bed (Double),48500.0,Measurement Match
Product Specifications .xlsx,TFL-BED-105 WD,Bed (Queen),50500.0,Bed (Queen),50500.0,Measurement Match
Product Specifications .xlsx,TFL-BED-105 WD,Bed (King),52800.0,Bed (King),52800.0,Measurement Match
Product Specifications .xlsx,TFL-BST-105 WD,Bed Side Table,16000.0,Bed Side Table,16000.0,Measurement Match
Product Specifications .xlsx,TFL-BED-101 WD,Bed (Double),42200.0,Bed (Double),42200.0,Measurement Match
Product Specifications .xlsx,TFL-BED-101 WD,Bed (Queen),44200.0,Bed (Queen),44200.0,Measurement Match
Product Specifications .xlsx,TFL-BED-101 WD,Bed (King),46100.0,Bed (King),46100.0,Measurement Match
Product Specifications .xlsx,TFL-BST-101 WD,Bed Side Table,15990.0,Bed Side Table,15990.0,Measurement Match
Product Specifications .xlsx,TFL-BED-107 WD,Bed (Double),52000.0,Bed (Double),52000.0,Measurement Match
Product Specifications .xlsx,TFL-BED-107 WD,Bed (Queen),54500.0,Bed (Queen),54500.0,Measurement Match
Product Specifications .xlsx,TFL-BED-107 WD,Bed (King),57000.0,Bed (King),57000.0,Measurement Match
Product Specifications .xlsx,TFL-BST-107 WD,Bed Side Table,16000.0,Bed Side Table,16000.0,Measurement Match
Product Specifications .xlsx,TFL-BED-108 WD,Bed (Double),54200.0,Bed (Double),54200.0,Measurement Match
Product Specifications .xlsx,TFL-BED-108 WD,Bed (Queen),58000.0,Bed (Queen),58000.0,Measurement Match
Product Specifications .xlsx,TFL-BED-108 WD,Bed (King),61500.0,Bed (King),61500.0,Measurement Match
Product Specifications .xlsx,TFL-BST-108 WD,Bed Side Table,16700.0,Bed Side Table,16700.0,Measurement Match
Product Specifications .xlsx,TFL-DST-204 LB,Dressing Table,10990.0,Dressing Table,10990.0,Measurement Match
Product Specifications .xlsx,TFL-DST-205 LB,Dressing Table,13500.0,Dressing Table,13500.0,Measurement Match
Product Specifications .xlsx,TFL-DST-203 LB,Dressing Table,12990.0,Dressing Table,12990.0,Measurement Match
Product Specifications .xlsx,TFL-DST-202 LB,Dressing Table,13500.0,Dressing Table,13500.0,Measurement Match
Product Specifications .xlsx,TFL-DST-201 LB,Dressing Table,9980.0,Dressing Table,9980.0,Measurement Match
Product Specifications .xlsx,TFL-DST-206 LB,Dressing Table,12700.0,Dressing Table,12700.0,Measurement Match
Product Specifications .xlsx,TFL-DST-110 LB,Dressing Table,11990.0,Dressing Table,11990.0,Measurement Match
Product Specifications .xlsx,TFL-DST-104 WD,Dressing Table,29500.0,Dressing Table,29500.0,Measurement Match
Product Specifications .xlsx,TFL-DST-102 WD,Dressing Table,29500.0,Dressing Table,29500.0,Measurement Match
Product Specifications .xlsx,TFL-DST-402 WD,Dressing Table,22000.0,Dressing Table,22000.0,Measurement Match
Product Specifications .xlsx,TFL-DST-405 WD,Dressing Table,23200.0,Dressing Table,23200.0,Measurement Match
Product Specifications .xlsx,TFL-DST-407 WD,Dressing Table,22500.0,Dressing Table,22500.0,Measurement Match
Product Specifications .xlsx,TFL-DST-103 WD,Dressing Table,27000.0,Dressing Table,27000.0,Measurement Match
Product Specifications .xlsx,TFL-DST-106 WD,Dressing Table,35000.0,Dressing Table,35000.0,Measurement Match
Product Specifications .xlsx,TFL-DST-105 WD,Dressing Table,31000.0,Dressing Table,31000.0,Measurement Match
Product Specifications .xlsx,TFL-DST-101 WD,Dressing Table,28800.0,Dressing Table,28800.0,Measurement Match
Product Specifications .xlsx,TFL-DST-107 WD,Dressing Table,34000.0,Dressing Table,34000.0,Measurement Match
Product Specifications .xlsx,TFL-DST-108 WD,Dressing Table,33000.0,Dressing Table,33000.0,Measurement Match
Product Specifications .xlsx,TFL-DST-109 LB,Dressing Table,10900.0,Dressing Table,10900.0,Measurement Match
Product Specifications .xlsx,TFL-DST-110 LB,Dressing Table,11990.0,Dressing Table,11990.0,Measurement Match
Product Specifications .xlsx,TFL-DST-111 LB,Dressing Table,9990.0,Dressing Table,9990.0,Measurement Match
Product Specifications .xlsx,TFL-DST-112 LB,Dressing Table,11990.0,Dressing Table,11990.0,Measurement Match
Product Specifications .xlsx,TFL-DST-113 LB,Dressing Table,12990.0,Dressing Table,12990.0,Measurement Match
Product Specifications .xlsx,TFL-DST-114 LB,Dressing Table,11500.0,Dressing Table,11500.0,Measurement Match
Product Specifications .xlsx,TFL-DST-115 LB,Dressing Table,10200.0,Dressing Table,10200.0,Measurement Match
Product Specifications .xlsx,TFL-DST-116 LB,Dressing Table,15500.0,Dressing Table,15500.0,Measurement Match
Product Specifications .xlsx,TFL-DST-117 LB,Dressing Table,13500.0,Dressing Table,13500.0,Measurement Match
Product Specifications .xlsx,TFL-DST-118 LB,Dressing Table,14000.0,Dressing Table,14000.0,Measurement Match
Product Specifications .xlsx,TFL-DST-119 MT,Dressing Table,14990.0,Dressing Table,14990.0,Measurement Match
Product Specifications .xlsx,TFL-CBD-201 LB,2-Door Cupboard,9750.0,Cupboard (2 Door),9750.0,Measurement Match
Product Specifications .xlsx,TFL-CBD-206 LB,2-Door Cupboard,19100.0,Cupboard (2 Door),19100.0,Measurement Match
Product Specifications .xlsx,TFL-CBD-205 LB,2-Door Cupboard,17100.0,Cupboard (2 Door),17100.0,Variant Name Match
Product Specifications .xlsx,TFL-CBD-205 LB,3-Door Cupboard,22500.0,Cupboard (3 Door),22500.0,Variant + Closest Meas
Product Specifications .xlsx,TFL-CBD-205 LB,3-Door Cupboard,24500.0,Cupboard (3 Door),24500.0,Measurement Match
Product Specifications .xlsx,TFL-CBD-204 LB,2-Door Cupboard,17990.0,Cupboard (2 Door),17990.0,Variant Name Match
Product Specifications .xlsx,TFL-CBD-204 LB,3-Door Cupboard,22500.0,Cupboard (3 Door),22500.0,Measurement Match
Product Specifications .xlsx,TFL-CBD-203 LB,2-Door Cupboard,17900.0,Cupboard (2 Door),17900.0,Variant Name Match
Product Specifications .xlsx,TFL-CBD-203 LB,3-Door Cupboard,23000.0,Cupboard (3 Door),23000.0,Measurement Match
Product Specifications .xlsx,TFL-CBD-202 LB,3-Door Cupboard,22500.0,Cupboard (3 Door),22500.0,Measurement Match
Product Specifications .xlsx,TFL-CBD-202 LB,3-Door Cupboard,24500.0,Cupboard (3 Door),24500.0,Measurement Match
Product Specifications .xlsx,TFL-CBD-202 LB,2-Door Cupboard,18990.0,Cupboard (2 Door),18990.0,Variant Name Match
Product Specifications .xlsx,TFL-CBD-201 LB,2-Door Cupboard,15900.0,Cupboard (2 Door),15900.0,Variant + Closest Meas
Product Specifications .xlsx,TFL-CBD-201 LB,3-Door Cupboard,22500.0,Cupboard (3 Door),22500.0,Measurement Match
Product Specifications .xlsx,TFL-CBD-201 LB,3-Door Cupboard,24500.0,Cupboard (3 Door),24500.0,Variant + Closest Meas
Product Specifications .xlsx,TFL-CBD-402 WD,2-Door Cupboard,42990.0,Cupboard (2 Door),42990.0,Measurement Match
Product Specifications .xlsx,TFL-CBD-405 WD,2-Door Cupboard,43990.0,Cupboard (2 Door),43990.0,Measurement Match
Product Specifications .xlsx,TFL-CBD-407 WD,2-Door Cupboard,44500.0,Cupboard (2 Door),44500.0,Measurement Match
Product Specifications .xlsx,TFL-CBD-101 WD,2-Door Cupboard,48000.0,Cupboard (2 Door),48000.0,Measurement Match
Product Specifications .xlsx,TFL-CBD-102 WD,2-Door Cupboard,47000.0,Cupboard (2 Door),47000.0,Measurement Match
Product Specifications .xlsx,TFL-CBD-103 WD,2-Door Cupboard,49500.0,Cupboard (2 Door),49500.0,Measurement Match
Product Specifications .xlsx,TFL-CBD-104 WD,2-Door Cupboard,48500.0,Cupboard (2 Door),48500.0,Measurement Match
Product Specifications .xlsx,TFL-CBD-105 WD,2-Door Cupboard,50500.0,Cupboard (2 Door),50500.0,Measurement Match
Product Specifications .xlsx,TFL-CBD-106 WD,Cupboard,45000.0,Cupboard (2 Door),45000.0,Measurement Match
Product Specifications .xlsx,TFL-CBD-107 WD,Cupboard,51000.0,Cupboard (3 Door),51000.0,Measurement Match
Product Specifications .xlsx,TFL-CBD-108 WD,Cupboard,50500.0,Cupboard (2 Door),50500.0,Measurement Match
Product Specifications .xlsx,TFL-CBD-109 LB,2-Door Cupboard,16550.0,Cupboard (2-Door),16550.0,Measurement Match
Product Specifications .xlsx,TFL-CBD-109 LB,3-Door Cupboard,24990.0,Cupboard (3 Door),24990.0,Measurement Match
Product Specifications .xlsx,TFL-CBD-110 LB,2-Door Cupboard,16610.0,Cupboard (2-Door),16610.0,Variant Name Match
Product Specifications .xlsx,TFL-CBD-111 LB,2-Door Cupboard,17110.0,Cupboard (2-Door),17110.0,Measurement Match
Product Specifications .xlsx,TFL-CBD-112 LB,2-Door Cupboard,16550.0,Cupboard (2-Door),16550.0,Variant Name Match
Product Specifications .xlsx,TFL-CBD-112 LB,3-Door Cupboard,24800.0,Cupboard (3 Door),24800.0,Measurement Match
Product Specifications .xlsx,TFL-CBD-113 LB,2-Door Cupboard,16800.0,Cupboard (2 Door),16800.0,Measurement Match
Product Specifications .xlsx,TFL-CBD-113 LB,2-Door Cupboard,24990.0,Cupboard (3 Door),24990.0,Measurement Match
Product Specifications .xlsx,TFL-CBD-114 LB,2-Door Cupboard,16550.0,Cupboard (2 Door),16550.0,Variant Name Match
Product Specifications .xlsx,TFL-CBD-207 LB,3-Door Cupboard,24200.0,Cupboard (3 Door),24200.0,Measurement Match
Product Specifications .xlsx,TFL-CBD-208 LB,2-Door Cupboard,26000.0,Cupboard Cum Dressing Tabl;e (2 Door),26000.0,Measurement Match
Product Specifications .xlsx,TFL-CBD-208 LB,3-Door Cupboard,32000.0,Cupboard Cum Dressing Tabl;e (3 Door),32000.0,Measurement Match
Product Specifications .xlsx,TFL-CBD-115 LB,2-Door Cupboard,18200.0,Cupboard UV (2 Door),18200.0,Variant Name Match
Product Specifications .xlsx,TFL-CBD-115 LB,3-Door Cupboard,24900.0,Cupboard UV (3 Door),24900.0,Measurement Match
Product Specifications .xlsx,TFL-CBD-115 LB,3-Door Cupboard,27900.0,Cupboard UV (3 Door),27900.0,Measurement Match
Product Specifications .xlsx,TFL-CBD-116 LB,2-Door Cupboard,18200.0,Cupboard UV (2 Door),18200.0,Variant Name Match
Product Specifications .xlsx,TFL-CBD-116 LB,3-Door Cupboard,24900.0,Cupboard UV (3 Door),24900.0,Variant + Closest Meas
Product Specifications .xlsx,TFL-CBD-116 LB,3-Door Cupboard,27900.0,Cupboard UV (3 Door),27900.0,Measurement Match
Product Specifications .xlsx,TFL-CBD-117 LB,2-Door Cupboard,18200.0,Cupboard UV (2-Door),18200.0,Variant Name Match
Product Specifications .xlsx,TFL-CBD-117 LB,3-Door Cupboard,24900.0,Cupboard UV (3 Door),24900.0,Variant + Closest Meas
Product Specifications .xlsx,TFL-CBD-117 LB,3-Door Cupboard,27900.0,Cupboard UV (3 Door),27900.0,Measurement Match
Product Specifications .xlsx,TFL-CBD-118 LB,2-Door Cupboard,18200.0,Cupboard UV (2 Door),18200.0,Variant Name Match
Product Specifications .xlsx,TFL-CBD-118 LB,3-Door Cupboard,24900.0,Cupboard UV (3 Door),24900.0,Variant + Closest Meas
Product Specifications .xlsx,TFL-CBD-118 LB,3-Door Cupboard,27900.0,Cupboard (3 Door),27900.0,Measurement Match
Product Specifications .xlsx,TFL-CBD-119 MT,2-Door Cupboard,19990.0,Cupboard (2 Door),19990.0,Measurement Match
Product Specifications .xlsx,TFL-COD-110-LB,Wardrobe,15500.0,Wardrobe,15500.0,Measurement Match
Product Specifications .xlsx,TFL-WDR-110-LB,Wardrobe,16100.0,Wardrobe,16100.0,Measurement Match
Product Specifications .xlsx,TFL-COD-111-LB,Wardrobe,15900.0,Chest of Drawer,15900.0,Measurement Match
Product Specifications .xlsx,TFL-WDR-112-LB,Wardrobe,20400.0,Wardrobe,20400.0,Measurement Match
Product Specifications .xlsx,TFL-COD-113-LB,Wardrobe,15900.0,Chest of Drawer,15900.0,Measurement Match
Product Specifications .xlsx,TFL-COD-114-LB,Wardrobe,15990.0,Chest of Drawer,15990.0,Measurement Match
Product Specifications .xlsx,TFL-COD-115-LB,Chest of Drawer ,18200.0,Chest of Drawer,18200.0,Measurement Match
Product Specifications .xlsx,TFL-WDR-116-LB,Chest of Drawer ,20500.0,Wardrobe,20500.0,Measurement Match
Product Specifications .xlsx,TFL-WDR-117-LB,Chest of Drawer ,20500.0,Wardrobe,20500.0,Measurement Match
Product Specifications .xlsx,TFL-WDR-118-LB,Chest of Drawer ,20500.0,Wardrobe,20500.0,Measurement Match
Product Specifications .xlsx,TFL-COD-116 MT,Chest of Drawer ,19990.0,Chest of Drawer,19990.0,Measurement Match
Product Specifications .xlsx,TFL-WDR-115-LB,Wardrobe,20500.0,Wardrobe,20500.0,Measurement Match
Product Specifications .xlsx,TFL-WDR-116-LB,Wardrobe,20500.0,Wardrobe,20500.0,Measurement Match
Product Specifications .xlsx,TFL-WDR-117-LB,Wardrobe,20500.0,Wardrobe,20500.0,Measurement Match
Product Specifications .xlsx,TFL-WDR-118-LB,Wardrobe,20500.0,Wardrobe,20500.0,Measurement Match
Product Specifications .xlsx,TFL-WDR-402 WD,Wardrobe,42000.0,Wardrobe,42000.0,Measurement Match
Product Specifications .xlsx,TFL-COD-405 WD,Chest of Drawer,32500.0,Chest of Drawer,32500.0,Measurement Match
Product Specifications .xlsx,TFL-WDR-407 WD,Wardrobe,43500.0,Wardrobe,43500.0,Measurement Match
Product Specifications .xlsx,TFL-WDR-106-WD,Wardrobe,47500.0,Wardrobe,47500.0,Measurement Match
Product Specifications .xlsx,TFL-WDR-107-WD,Wardrobe,50500.0,Wardrobe,50500.0,Measurement Match
Product Specifications .xlsx,TFL-COD-109-LB,Wardrobe,14200.0,Wardrobe,14200.0,Measurement Match
Product Specifications .xlsx,TFL-WDR-108-WD,Wardrobe,48500.0,Wardrobe,48500.0,Measurement Match
Product Specifications .xlsx,TFL-WDR-105 WD,Wardrobe,49500.0,Wardrobe,49500.0,Variant Name Match
Product Specifications .xlsx,TFL-WDR-101 WD,Wardrobe,48000.0,Wardrobe,48000.0,Variant Name Match
Product Specifications .xlsx,TFL-WDR-102 WD,Wardrobe,49000.0,Wardrobe,49000.0,Variant Name Match
Product Specifications .xlsx,TFL-WDR-103 WD,Wardrobe,48000.0,Wardrobe,48000.0,Variant Name Match
Product Specifications .xlsx,TFL-COD-104 WD,Wardrobe,39000.0,Chest of Drawer,39000.0,Variant Name Match
Product Specifications .xlsx,TFL-WDR-104 WD,Wardrobe,46000.0,Wardrobe,46000.0,Variant Name Match
Product Specifications .xlsx,TFL-WDD-204-LB,Wardrobe,19590.0,NO MATCH IN PDF,,
Product Specifications .xlsx,TFL-COD-205-LB,Wardrobe,13980.0,Chest of Drawer,13980.0,Measurement Match
Product Specifications .xlsx,TFL-WDD-202-LB,Wardrobe,17500.0,NO MATCH IN PDF,,
Product Specifications .xlsx,TFL-WDD-201-LB,Wardrobe,16400.0,NO MATCH IN PDF,,
Product Specifications .xlsx,TFL-COD-203-LB,Wardrobe,13990.0,Chest of Drawer,13990.0,Measurement Match
Product Specifications .xlsx,TFL-ALN-201 LB,Alna,5700.0,Alna,5700.0,Measurement Match
Product Specifications .xlsx,TFL-ALN-202 LB,Alna,7400.0,Alna,7400.0,Measurement Match
Product Specifications .xlsx,TFL-CHD-201 LB,Alna,3550.0,Alna,3550.0,Measurement Match
Product Specifications .xlsx,TFL-RET-201 LB,Reading Table,4750.0,Reading Table,4750.0,Measurement Match
Product Specifications .xlsx,TFL-RET-202 LB,Reading Table,7400.0,Reading Table,7400.0,Measurement Match
Product Specifications .xlsx,TFL-RET-203 LB,Reading Table,7800.0,Reading Table,7800.0,Measurement Match
Product Specifications .xlsx,TFL-CMT-201 LB,Computer Table,3800.0,Computer Table,3800.0,Measurement Match
Product Specifications .xlsx,TFL-SRK-201 LB,Shoe Rack,6800.0,Shoe Rack,6800.0,Measurement Match
Product Specifications .xlsx,TFL-SRK-202 LB,Shoe Rack,6500.0,Shoe Rack,6500.0,Measurement Match
Product Specifications .xlsx,TFL-SRK-203 LB,Shoe Rack,7500.0,Shoe Rack,7500.0,Measurement Match
Product Specifications .xlsx,TFL-RKC-106 MT,Rocking Chair,6600.0,Rocking Chair,6600.0,Variant Name Match
Product Specifications .xlsx,TFL-DVN-201 FF,Divan,32400.0,Divan,32400.0,Measurement Match
Product Specifications .xlsx,TFL-DVN-202 FF,Divan,34000.0,Divan,34000.0,Measurement Match
Product Specifications .xlsx,TFL-DVN-203 FR,Divan,30500.0,Divan,30500.0,Measurement Match
Product Specifications .xlsx,TFL-SOF-101 WD,Sofa,17000.0,Sofa (Single Seater),17000.0,Measurement Match
Product Specifications .xlsx,TFL-SOF-101 WD,Sofa,27000.0,Sofa (Double Seater),27000.0,Measurement Match
Product Specifications .xlsx,TFL-SOF-102 WD,Sofa,19500.0,Sofa (Single Seater),19500.0,Measurement Match
Product Specifications .xlsx,TFL-SOF-102 WD,Sofa,27500.0,Sofa (Double Seater),27500.0,Measurement Match
Product Specifications .xlsx,TFL-SOF-103 WD,Sofa,19800.0,Sofa (Single Seater),19800.0,Measurement Match
Product Specifications .xlsx,TFL-SOF-103 WD,Sofa,25500.0,Sofa (Double Seater),25500.0,Measurement Match
Product Specifications .xlsx,TFL-SOF-104 WD,Sofa,21490.0,Sofa (Single Seater),21490.0,Measurement Match
Product Specifications .xlsx,TFL-SOF-104 WD,Sofa,29200.0,Sofa (Double Seater),29200.0,Measurement Match
Product Specifications .xlsx,TFL-SOF-105 WD,Sofa,15000.0,Sofa (Single Seater),15000.0,Measurement Match
Product Specifications .xlsx,TFL-SOF-105 WD,Sofa,26000.0,Sofa (Double Seater),26000.0,Measurement Match
Product Specifications .xlsx,TFL-SOF-105 WD,Sofa,34500.0,Sofa (Triple Seater),34500.0,Measurement Match
Product Specifications .xlsx,TFL-SOF-106 WD,Sofa,14980.0,Sofa (Single Seater),14980.0,Measurement Match
Product Specifications .xlsx,TFL-SOF-106 WD,Sofa,22000.0,Sofa (Double Seater),22000.0,Measurement Match
Product Specifications .xlsx,TFL-SOF-107 WD,Sofa,20500.0,Sofa (Single Seater),20500.0,Measurement Match
Product Specifications .xlsx,TFL-SOF-107 WD,Sofa,28500.0,Sofa (Double Seater),28500.0,Measurement Match
Product Specifications .xlsx,TFL-SOF-108 WD,Sofa,20800.0,Sofa (Single Seater),20800.0,Measurement Match
Product Specifications .xlsx,TFL-SOF-108-D- WD,Sofa,28000.0,Sofa (Double Seater),28000.0,Measurement Match
Product Specifications .xlsx,TFL-SOF-123-FR,Sofa,49000.0,Sofa (1 Seater),49000.0,Variant Name Match
Product Specifications .xlsx,TFL-SOF-102-FR,Sofa,56000.0,Sofa (2 Seater),56000.0,Variant + Closest Meas
Product Specifications .xlsx,TFL-SOF-102-FR,Sofa,56000.0,Sofa (2 Seater),56000.0,Variant + Closest Meas
Product Specifications .xlsx,TFL-CRT-101 WD,Center Table,9990.0,Center Table,9990.0,Measurement Match
Product Specifications .xlsx,TFL-CRT-102 WD,Center Table,10980.0,Center Table,10980.0,Measurement Match
Product Specifications .xlsx,TFL-CRT-103 WD,Center Table,7980.0,Center Table,7980.0,Measurement Match
Product Specifications .xlsx,TFL-CRT-104 WD,Center Table,14990.0,Center Table,14990.0,Measurement Match
Product Specifications .xlsx,TFL-CRT-106 WD,Center Table,14980.0,Center Table,14980.0,Measurement Match
Product Specifications .xlsx,TFL-CRT-107 WD,Center Table,9890.0,Center Table,9890.0,Measurement Match
Product Specifications .xlsx,TFL-CRT-108 WD,Center Table,12000.0,Center Table,12000.0,Measurement Match
Product Specifications .xlsx,TFL-STD-106 WD,Center Table,8880.0,Center Table,8880.0,Measurement Match
Product Specifications .xlsx,TFL-STD-107 WD,Sidetable,6500.0,Side Table,6500.0,Measurement Match
Product Specifications .xlsx,TFL-STD-108 WD,Sidetable,7980.0,Side Table,7980.0,Measurement Match
Product Specifications .xlsx,TFL-STD-101 WD,Sidetable,7980.0,Side Table,7980.0,Measurement Match
Product Specifications .xlsx,TFL-STD-102 WD,Sidetable,7990.0,Side Table,7990.0,Measurement Match
Product Specifications .xlsx,TFL-STD-103 WD,Sidetable,4990.0,Side Table,4990.0,Measurement Match
Product Specifications .xlsx,TFL-OSD-201 LB,Oven Shelf,6300.0,Oven Shelf,6300.0,Measurement Match
Product Specifications .xlsx,TFL-DNT-201 MT,Dining Talbe,12990.0,Dining Talbe,12990.0,Measurement Match
Product Specifications .xlsx,TFL-DNC-201 MT,Dining Chair,2495.0,Dining Chair,2495.0,Measurement Match
Product Specifications .xlsx,TFL-DNT-202 MT,Dining Talbe,13200.0,Dining Talbe,13200.0,Measurement Match
Product Specifications .xlsx,TFL-DNC-202 MT,Dining Chair,3200.0,Dining Chair,3200.0,Measurement Match
Product Specifications .xlsx,TFL-DNT-114,Dining Table,29980.0,NO MATCH IN PDF,,
Product Specifications .xlsx,TFL-DNT-108 WD,Dining Table,35990.0,Dining Table,35990.0,Variant Name Match
Product Specifications .xlsx,TFL-DNT-102,Dining Table,21500.0,Dining Table,21500.0,Variant Name Match
Product Specifications .xlsx,TFL-DNT-101 WD,Dining Table,48000.0,Dining Table,48000.0,Variant Name Match
Product Specifications .xlsx,TFL-DNT-103 WD,Dining Table,30800.0,Dining Table,30800.0,Measurement Match
Product Specifications .xlsx,TFL-DNT-104 WD,Dining Table,29980.0,Dining Table,29980.0,Measurement Match
Product Specifications .xlsx,TFL-DNT-105 WD,Dining Table,79000.0,Dining Table,79000.0,Measurement Match
Product Specifications .xlsx,TFL-DNT-112 WD,Dining Table,33200.0,Dining Table,33200.0,Measurement Match
Product Specifications .xlsx,TFL-DNC-101 WD,Dining Chair,8200.0,Dining Chair,8200.0,Measurement Match
Product Specifications .xlsx,TFL-DNC-102 WD,Dining Chair,7500.0,Dining Chair,7500.0,Measurement Match
Product Specifications .xlsx,TFL-DNC-103 WD,Dining Chair,7000.0,Dining Chair,7000.0,Measurement Match
Product Specifications .xlsx,TFL-DNC-104 WD,Dining Chair,14980.0,Dining Chair,14980.0,Measurement Match
Product Specifications .xlsx,TFL-DNC-105 WD,Dining Chair,13990.0,Dining Chair,13990.0,Variant Name Match
Product Specifications .xlsx,TFL-DNC-108 WD,Dining Chair,7050.0,Dining Chair,7050.0,Measurement Match
Product Specifications .xlsx,TFL-DNC-112 WD,Dining Chair,8500.0,Dining Chair,8500.0,Measurement Match
Product Specifications .xlsx,TFL-DNC-114 WD,Dining Chair,8500.0,Dining Chair,8500.0,Measurement Match
Product Specifications .xlsx,TFL-DSB-101 WD,Sideboard,49000.0,Sideboard,49000.0,Measurement Match
Product Specifications .xlsx,TFL-DSB-102 WD,Sideboard,48000.0,Sideboard,48000.0,Measurement Match
Product Specifications .xlsx,TFL-DSB-103 WD,Sideboard,35990.0,Sideboard,35990.0,Measurement Match
Product Specifications .xlsx,TFL-DSB-104 WD,Sideboard,29000.0,Sideboard,29000.0,Measurement Match
Product Specifications .xlsx,TFL-DSB-105 WD,Sideboard,33000.0,Sideboard,33000.0,Measurement Match
Product Specifications .xlsx,TFL-DSC-201 LB,Showcase,25550.0,Showcase,25550.0,Measurement Match
Product Specifications .xlsx,TFL-DSC-202 LB,Showcase,28000.0,Showcase,28000.0,Measurement Match
Product Specifications .xlsx,TFL-DNW-102 WD,Showcase,72000.0,Showcase,72000.0,Variant + Closest Meas
Product Specifications .xlsx,TFL-DNW-102 WD,Showcase,72000.0,Showcase,72000.0,Variant + Closest Meas
Product Specifications .xlsx,TFL-DNW-103 WD,Showcase,70000.0,Showcase,70000.0,Measurement Match
Product Specifications .xlsx,TFL-DNW-104 WD,Showcase,49000.0,Showcase,49000.0,Measurement Match
Product Specifications .xlsx,TFL-DNW-105 WD,Showcase,59000.0,Showcase,59000.0,Measurement Match
Product Specifications .xlsx,TFL-DNW-110 WD,Dinner Wagon,65000.0,Dinner Wagon,65000.0,Measurement Match
Product Specifications .xlsx,TFL-TVC-101 WD,TV Cabinet,27000.0,TV Cabinet,27000.0,Measurement Match
Product Specifications .xlsx,TFL-TVC-103 WD,TV Cabinet,29500.0,TV Cabinet,29500.0,Measurement Match
Product Specifications .xlsx,TFL-TVC-104 WD,TV Cabinet,25000.0,TV Cabinet,25000.0,Measurement Match
Product Specifications .xlsx,TFL-TVC-102 WD,TV Cabinet,27500.0,TV Cabinet,27500.0,Measurement Match
Product Specifications .xlsx,TFL-TVC-106 WD,TV Cabinet,20000.0,TV Cabinet,20000.0,Measurement Match
Product Specifications .xlsx,TFL-TVC-107 WD,TV Cabinet,20000.0,TV Cabinet,20000.0,Measurement Match
Product Specifications .xlsx,TFL-TVC-108 WD,TV Cabinet,17000.0,TV Cabinet,17000.0,Measurement Match
Product Specifications .xlsx,TFL-TVC-109 -LB,TV Cabinet,17000.0,TV Cabinet,17000.0,Measurement Match
Product Specifications .xlsx,TFL-TVC-110 WD,TV Cabinet,22000.0,TV Cabinet,22000.0,Measurement Match
Product Specifications .xlsx,TFL-TVC-105 WD,TV Cabinet,23000.0,TV Cabinet,23000.0,Measurement Match
Product Specifications .xlsx,TFL-TVC-112 -LB,TV Cabinet,13500.0,TV Cabinet,13500.0,Measurement Match
Product Specifications .xlsx,TFL-TVC-111 WD,TV Cabinet,15500.0,TV Cabinet,15500.0,Measurement Match
Product Specifications .xlsx,TFL-SRK-101 WD,Shoe Rack,31757.0,Shoe Rack,31757.0,Measurement Match
Product Specifications .xlsx,TFL-SRK-103 WD,Shoe Rack,38700.0,Shoe Rack,38700.0,Measurement Match
Product Specifications .xlsx,TFL-SRK-104 WD,Shoe Rack,30600.0,Shoe Rack,30600.0,Measurement Match
Product Specifications .xlsx,TFL-SRK-105 WD,Shoe Rack,17100.0,Shoe Rack,17100.0,Measurement Match
Product Specifications .xlsx,TFL-SRK-106 WD,Shoe Rack,36900.0,Shoe Rack,36900.0,Measurement Match
Product Specifications .xlsx,TFL-SRK-107 WD,Shoe Rack,12600.0,Shoe Rack,12600.0,Measurement Match
Product Specifications .xlsx,TFL-SRK-108 WD,Shoe Rack,38000.0,Shoe Rack,38000.0,Measurement Match
Product Specifications .xlsx,TFL-SRK-110 WD,Shoe Rack,41400.0,Shoe Rack,41400.0,Measurement Match
Product Specifications .xlsx,TFL-SRK-109 WD,Shoe Rack,11200.0,Shoe Rack,11200.0,Measurement Match
Product Specifications .xlsx,TFL-SRK-102 WD,Shoe Rack,29700.0,Shoe Rack,29700.0,Measurement Match
Product Specifications .xlsx,TFL-RET-101 -MS,Reading Table,12900.0,Reading Table,12900.0,Measurement Match
Product Specifications .xlsx,TFL-RET-102 -WD,Reading Table,17000.0,Reading Table,17000.0,Measurement Match
Product Specifications .xlsx,TFL-RET-103 -WD,Reading Table,25000.0,Reading Table,25000.0,Measurement Match
Product Specifications .xlsx,TFL-RET-104 -WD,Reading Table,29000.0,Reading Table,29000.0,Measurement Match
Product Specifications .xlsx,TFL-RET-105 WD,Reading Table,19000.0,Reading Table,19000.0,Measurement Match
Product Specifications .xlsx,TFL-RET-106 -WD,Reading Table,25000.0,Reading Table,25000.0,Measurement Match
Product Specifications .xlsx,TFL-RET-107 -WD,Reading Table,8000.0,Reading Table,8000.0,Measurement Match
Product Specifications .xlsx,TFL-RET-108 -WD,Reading Table,19000.0,Reading Table,19000.0,Measurement Match
Product Specifications .xlsx,TFL-RET-109 -WD,Reading Table,23000.0,Reading Table,23000.0,Measurement Match
Product Specifications .xlsx,TFL-RET-110 -LB,Reading Table,12000.0,Reading Table,12000.0,Measurement Match
Product Specifications .xlsx,TFL-BKS-101 WD,Bookshelf,65000.0,Bookshelf,65000.0,Measurement Match
Product Specifications .xlsx,TFL-BKS-102 WD,Bookshelf,56000.0,Bookshelf,56000.0,Measurement Match
Product Specifications .xlsx,TFL-BKS-103 WD,Bookshelf,65000.0,Bookshelf,65000.0,Measurement Match
Product Specifications .xlsx,TFL-BKS-104 WD,Bookshelf,50000.0,Bookshelf,50000.0,Measurement Match
Product Specifications .xlsx,TFL-BKS-105 WD,Bookshelf,50000.0,Bookshelf,50000.0,Measurement Match
Product Specifications .xlsx,TFL-BED-131 LB,Kids Bed,18100.0,Kids Bed,18100.0,Variant Name Match
Product Specifications .xlsx,TFL-BED-132 LB,Kids Bed,17500.0,Kids Bed,17500.0,Variant Name Match
Product Specifications .xlsx,TFL-BED-133 LB,Kids Bed,20500.0,Kids Bed,20500.0,Variant Name Match
Product Specifications .xlsx,TFL-BED-134 LB,Kids Bed,18300.0,Kids Bed,18300.0,Variant Name Match
Product Specifications .xlsx,TFL-BED-135 LB,Kids Bed,20500.0,Kids Bed,20500.0,Variant Name Match
Product Specifications .xlsx,TFL-BED-136 LB,Kids Bed,18200.0,Kids Bed,18200.0,Variant Name Match
Product Specifications .xlsx,TFL-INN-101 WD,Reading Table Cum Coffee Table,30000.0,Reading Table Cum Coffee Table,30000.0,Measurement Match
Product Specifications .xlsx,TFL-INN-102 WD,"Folding Coffee Table
With Stool",28000.0,Folding Coffee Table With Stool,28000.0,Measurement Match
Product Specifications .xlsx,TFL-INN-103 WD,Folding Reading Table,55000.0,Folding Reading Table,55000.0,Measurement Match
Product Specifications .xlsx,TFL-INN-104 WD,Folding Reading Table,9000.0,Folding Reading Table,9000.0,Measurement Match
Product Specifications .xlsx,TFL-INN-105 WD,Reading Table Cum Cabinet,20000.0,Reading Table Cum Cabinet,20000.0,Measurement Match
Product Specifications .xlsx,TFL-INN-106 WD,Reading Table Cum Cabinet,27000.0,Reading Table Cum Cabinet,27000.0,Measurement Match
Product Specifications .xlsx,TFL-INN-107 WD,Dining Table Cum Hanging Cabinet,30000.0,Dining Table Cum Hanging Cabinet,30000.0,Measurement Match
Product Specifications .xlsx,TFL-INN-108 WD,Dining Table Cum Cabinet,32000.0,Dining Table Cum Cabinet,32000.0,Measurement Match
Product Specifications .xlsx,TFL-INN-109 WD,Folding Bed Cum Cabinet,42000.0,Folding Bed Cum Cabinet,42000.0,Measurement Match
Product Specifications .xlsx,TFL-STA-101 MT,2-Door Steel Almirah,28500.0,Steel Almirah UV (2 Door),28500.0,Measurement Match
Product Specifications .xlsx,TFL-STA-102 MT,2-Door Steel Almirah,28500.0,Steel Almirah UV (2 Door),28500.0,Measurement Match
Product Specifications .xlsx,TFL-STA-103 MT,2-Door Steel Almirah,28500.0,Steel Almirah UV (2 Door),28500.0,Measurement Match
Product Specifications .xlsx,TFL-STA-104 MT,2-Door Steel Almirah,28500.0,Steel Almirah UV (2 Door),28500.0,Measurement Match
Product Specifications .xlsx,TFL-STA-105 MT,2-Door Steel Almirah,28500.0,Steel Almirah UV (2 Door),28500.0,Measurement Match
Product Specifications .xlsx,TFL-STA-106 MT,2-Door Steel Almirah,28500.0,Steel Almirah UV (2 Door),28500.0,Measurement Match
Product Specifications .xlsx,TFL-STA-107 MT,2-Door Steel Almirah,28500.0,Steel Almirah UV (2 Door),28500.0,Measurement Match
Product Specifications .xlsx,TFL-STA-108 MT,2-Door Steel Almirah,28500.0,Steel Almirah UV (2 Door),28500.0,Measurement Match
Product Specifications .xlsx,TFL-STA-109 MT,2-Door Steel Almirah,28500.0,Steel Almirah UV (2 Door),28500.0,Measurement Match
Product Specifications .xlsx,TFL-STA-110 MT,2-Door Steel Almirah,28500.0,Steel Almirah UV (2 Door),28500.0,Measurement Match
Product Specifications .xlsx,TFL-STA-111 MT,2-Door Steel Almirah,28500.0,Steel Almirah UV (2 Door),28500.0,Measurement Match
Product Specifications .xlsx,TFL-STA-112 MT,2-Door Steel Almirah,28500.0,Steel Almirah UV (2 Door),28500.0,Measurement Match
Product Specifications .xlsx,TFL-STA-113 MT,2-Door Steel Almirah,28500.0,Steel Almirah UV (2 Door),28500.0,Measurement Match
Product Specifications .xlsx,TFL-STA-114 MT,2-Door Steel Almirah,28500.0,Steel Almirah UV (2 Door),28500.0,Measurement Match
Product Specifications .xlsx,TFL-STA-115 MT,2-Door Steel Almirah,28500.0,Steel Almirah UV (2 Door),28500.0,Measurement Match
Product Specifications .xlsx,TFL-STA-116 MT,2-Door Steel Almirah,28500.0,Steel Almirah UV (2 Door),28500.0,Measurement Match
Product Specifications .xlsx,TFL-STA-117 MT,2-Door Steel Almirah,27000.0,Steel Almirah (2 Door),27000.0,Measurement Match
Product Specifications .xlsx,TFL-STA-118 MT,2-Door Steel Almirah,27000.0,Steel Almirah (2 Door),27000.0,Measurement Match
Product Specifications .xlsx,TFL-IRS-101 WD,Iron Shelf,16100.0,Iron Shelf,16100.0,Measurement Match
Product Specifications .xlsx,TFL-IRS-102 WD,Iron Shelf,20000.0,Iron Shelf,20000.0,Measurement Match
Product Specifications .xlsx,TFL-IRS-103 WD,Iron Shelf,20700.0,Iron Shelf,20700.0,Measurement Match
Product Specifications .xlsx,TFL-STO-202 LB,Sr. Executive Table,27000.0,NO MATCH IN PDF,,
Product Specifications .xlsx,TFL-STO-203 LB,Sr. Executive Table,25000.0,NO MATCH IN PDF,,
Product Specifications .xlsx,TFL-STO-204 LB,Sr. Executive Table,22500.0,NO MATCH IN PDF,,
Product Specifications .xlsx,TFL-STO-205 LB,Sr. Executive Table,30500.0,NO MATCH IN PDF,,
Product Specifications .xlsx,TFL-STO-206 LB,Sr. Executive Table,22500.0,NO MATCH IN PDF,,
Product Specifications .xlsx,TFL-STO-207 LB,Sr. Executive Table,22500.0,NO MATCH IN PDF,,
Product Specifications .xlsx,TFL-STO-208 LB,Sr. Executive Table,11300.0,NO MATCH IN PDF,,
Product Specifications .xlsx,TFL-STO-209 LB,Sr. Executive Table,8900.0,NO MATCH IN PDF,,
Product Specifications .xlsx,TFL-STO-210 LB,Sr. Executive Table,19500.0,NO MATCH IN PDF,,
Product Specifications .xlsx,TFL-STO-211 LB,Sr. Executive Table,12200.0,NO MATCH IN PDF,,
Product Specifications .xlsx,TFL-STO-212 LB,Sr. Executive Table,18800.0,NO MATCH IN PDF,,
Product Specifications .xlsx,TFL-STO-213 LB,Sr. Executive Table,20500.0,NO MATCH IN PDF,,
Product Specifications .xlsx,TFL-STO-214 LB,Sr. Executive Table,23500.0,NO MATCH IN PDF,,
Product Specifications .xlsx,TFL-ETO-215 LB,Executive Table,7800.0,NO MATCH IN PDF,,
Product Specifications .xlsx,TFL-ETO-216 LB,Executive Table,11500.0,NO MATCH IN PDF,,
Product Specifications .xlsx,TFL-ETO-217 LB,Executive Table,9500.0,NO MATCH IN PDF,,
Product Specifications .xlsx,TFL-ETO-218 LB,Executive Table,12500.0,NO MATCH IN PDF,,
Product Specifications .xlsx,TFL-ETO-219 LB,Executive Table,11700.0,NO MATCH IN PDF,,
Product Specifications .xlsx,TFL-ETO-220 LB,Executive Table,12500.0,NO MATCH IN PDF,,
Product Specifications .xlsx,TFL-ETO-221 LB,Executive Table,10700.0,NO MATCH IN PDF,,
Product Specifications .xlsx,TFL-ETO-222 LB,Executive Table,13500.0,NO MATCH IN PDF,,
Product Specifications .xlsx,TFL-ETO-223 LB,Executive Table,6900.0,NO MATCH IN PDF,,
Product Specifications .xlsx,TFL-ETO-224 LB,Executive Table,6600.0,NO MATCH IN PDF,,
Product Specifications .xlsx,TFL-ETO-225 LB,Executive Table,14500.0,NO MATCH IN PDF,,
Product Specifications .xlsx,TFL-ETO-226 LB,Executive Table,6000.0,NO MATCH IN PDF,,
Product Specifications .xlsx,TFL-ETO-227 LB,Executive Table,14700.0,NO MATCH IN PDF,,
Product Specifications .xlsx,TFL-ETO-228 LB,Executive Table,11300.0,NO MATCH IN PDF,,
Product Specifications .xlsx,TFL-DUO-201 LB,Mobile Drawer Unit,6400.0,NO MATCH IN PDF,,
Product Specifications .xlsx,TFL-DUO-202 LB,Mobile Drawer Unit,6200.0,NO MATCH IN PDF,,
Product Specifications .xlsx,TFL-DUO-203 LB,Mobile Drawer Unit,5700.0,NO MATCH IN PDF,,
Product Specifications .xlsx,TFL-DUO-204 LB,Mobile Drawer Unit,5400.0,NO MATCH IN PDF,,
Product Specifications .xlsx,TFL-DUO-205 LB,Hanging Drawer,4300.0,NO MATCH IN PDF,,
Product Specifications .xlsx,TFL-DUO-206 LB,Hanging Drawer,3200.0,NO MATCH IN PDF,,
Product Specifications .xlsx,TFL-DUO-207 LB,Hanging Drawer,2300.0,NO MATCH IN PDF,,
Product Specifications .xlsx,TFL-SRO-201 LB,Side Rack,8800.0,NO MATCH IN PDF,,
Product Specifications .xlsx,TFL-SRO-202 LB,Side Rack,5000.0,NO MATCH IN PDF,,
Product Specifications .xlsx,TFL-SRO-203 LB,Side Rack,8100.0,NO MATCH IN PDF,,
Product Specifications .xlsx,TFL-SRO-204 LB,Side Rack,8500.0,NO MATCH IN PDF,,
Product Specifications .xlsx,TFL-SRO-205 LB,Side Rack,9050.0,NO MATCH IN PDF,,
Product Specifications .xlsx,TFL-SRO-206 LB,Side Rack,8600.0,NO MATCH IN PDF,,
Product Specifications .xlsx,TFL-CTO-201 LB,Computer Table,6900.0,NO MATCH IN PDF,,
Product Specifications .xlsx,TFL-CTO-202 LB,Computer Table,3950.0,NO MATCH IN PDF,,
Product Specifications .xlsx,TFL-CTO-203 LB,Computer Table,8500.0,NO MATCH IN PDF,,
Product Specifications .xlsx,TFL-CTO-204 LB,Computer Table,6500.0,NO MATCH IN PDF,,
Product Specifications .xlsx,TFL-CTO-205 LB,Computer Table,3700.0,NO MATCH IN PDF,,
Product Specifications .xlsx,TFL-CTO-206 LB,Computer Table,6700.0,NO MATCH IN PDF,,
Product Specifications .xlsx,TFL-MPO-201 LB,Multipurpose Shelf,12500.0,NO MATCH IN PDF,,
Product Specifications .xlsx,TFL-MPO-202 LB,Multipurpose Shelf,15400.0,NO MATCH IN PDF,,
Product Specifications .xlsx,TFL-MPO-203 LB,Multipurpose Shelf,12700.0,NO MATCH IN PDF,,
Product Specifications .xlsx,TFL-MPO-204 LB,Multipurpose Shelf,7995.0,NO MATCH IN PDF,,
Product Specifications .xlsx,TFL-HCO-201 LB,Hanging File Cabinet,6800.0,NO MATCH IN PDF,,
Product Specifications .xlsx,TFL-HCO-202 LB,Hanging File Cabinet,5350.0,NO MATCH IN PDF,,
Product Specifications .xlsx,TFL-HCO-202 LB,Hanging File Cabinet,7250.0,NO MATCH IN PDF,,
Product Specifications .xlsx,TFL-OCT-201 LB,Conference Table,6500.0,NO MATCH IN PDF,,
Product Specifications .xlsx,TFL-OCT-201 LB,Conference Table,4500.0,NO MATCH IN PDF,,
Product Specifications .xlsx,TFL-OCT-201 LB,Conference Table,4300.0,NO MATCH IN PDF,,
Product Specifications .xlsx,TFL-OCT-202 LB,Conference Table,14500.0,NO MATCH IN PDF,,
Product Specifications .xlsx,TFL-OCT-203 LB,Conference Table,24000.0,NO MATCH IN PDF,,
Product Specifications .xlsx,TFL-OCT-204 LB,Conference Table,7500.0,NO MATCH IN PDF,,
Product Specifications .xlsx,TFL-OSF-301 FR,2- Seater Sofa,0,NO MATCH IN PDF,,
Product Specifications .xlsx,TFL-OSF-302 FR,2- Seater Sofa,25000.0,NO MATCH IN PDF,,
Product Specifications .xlsx,TFL-OSF-303 FR,2- Seater Sofa,32000.0,NO MATCH IN PDF,,
Product Specifications .xlsx,TFL-OSF-304 FR,2- Seater Sofa,0,NO MATCH IN PDF,,
Product Specifications .xlsx,TFL-OSF-305 FR,2- Seater Sofa,22500.0,NO MATCH IN PDF,,
Product Specifications .xlsx,TFL-OSF-306 FR,2- Seater Sofa,14500.0,NO MATCH IN PDF,,
Product Specifications .xlsx,TFL-OSF-307 FR,2- Seater Sofa,19500.0,NO MATCH IN PDF,,
Product Specifications .xlsx,TFL-OSF-308 FR,None,0,NO MATCH IN PDF,,
Product Specifications .xlsx,TFL-SOF-309 FR,2- Seater Sofa,0,NO MATCH IN PDF,,
Product Specifications .xlsx,TFL-SOF-310 FR,3- Seater Sofa,0,NO MATCH IN PDF,,
Product Specifications .xlsx,TFL-ECO-301 FF,Office Chair ,0,NO MATCH IN PDF,,
Product Specifications .xlsx,TFL-ECO-302 FF,Office Chair ,0,NO MATCH IN PDF,,
Product Specifications .xlsx,TFL-ECO-303 FF,Office Chair ,0,NO MATCH IN PDF,,
Product Specifications .xlsx,TFL-ECO-304 FF,Office Chair ,0,NO MATCH IN PDF,,
Product Specifications .xlsx,TFL-ECO-305 FR,Office Chair ,32000.0,NO MATCH IN PDF,,
Product Specifications .xlsx,TFL-ECO-306 FR,Office Chair ,0,NO MATCH IN PDF,,
Product Specifications .xlsx,TFL-ECO-307 FR,Office Chair ,0,NO MATCH IN PDF,,
Product Specifications .xlsx,TFL-ECO-308 FR,Office Chair ,0,NO MATCH IN PDF,,
Product Specifications .xlsx,TFL-ECO-308 FR,Office Chair ,0,NO MATCH IN PDF,,
Product Specifications .xlsx,TFL-ECO-309 FR,Office Chair ,38000.0,NO MATCH IN PDF,,
Product Specifications .xlsx,TFL-ECO-310 FF,Office Chair ,22700.0,NO MATCH IN PDF,,
Product Specifications .xlsx,TFL-ECO-311 FR,Office Chair ,22500.0,NO MATCH IN PDF,,
Product Specifications .xlsx,TFL-ECO-312 FR,Office Chair ,15500.0,NO MATCH IN PDF,,
Product Specifications .xlsx,TFL-ECO-313 FF,Office Chair ,15000.0,NO MATCH IN PDF,,
Product Specifications .xlsx,TFL-ECO-314 FR,Office Chair ,0,NO MATCH IN PDF,,
Product Specifications .xlsx,TFL-ECO-315 FR,Office Chair ,0,NO MATCH IN PDF,,
Product Specifications .xlsx,TFL-ECO-316 FR,Office Chair ,0,NO MATCH IN PDF,,
Product Specifications .xlsx,TFL-ECO-317 WD,Office Chair ,14500.0,NO MATCH IN PDF,,
Product Specifications .xlsx,TFL-ECO-318 WD,Office Chair ,17500.0,NO MATCH IN PDF,,
Product Specifications .xlsx,TFL-ECO-319 WD,Office Chair ,16100.0,NO MATCH IN PDF,,
Product Specifications .xlsx,TFL-ECO-320 WD,Officer Chair,33200.0,NO MATCH IN PDF,,
Product Specifications .xlsx,TFL-ECO-321 WD,Officer Chair,22200.0,NO MATCH IN PDF,,
Product Specifications .xlsx,TFL-ECO-322 WD,Officer Chair,22000.0,NO MATCH IN PDF,,
Product Specifications .xlsx,TFL-ECO-323 WD,Officer Chair,18200.0,NO MATCH IN PDF,,
Product Specifications .xlsx,TFL-ECO-324 WD,Officer Chair,20200.0,NO MATCH IN PDF,,
Product Specifications .xlsx,TFL-ECO-325 WD,Officer Chair,16200.0,NO MATCH IN PDF,,
Product Specifications .xlsx,TFL-OCO-301 FR,Officer Chair,0,NO MATCH IN PDF,,
Product Specifications .xlsx,TFL-OCO-302 FR,Officer Chair,0,NO MATCH IN PDF,,
Product Specifications .xlsx,TFL-OCO-303 FR,Officer Chair,0,NO MATCH IN PDF,,
Product Specifications .xlsx,TFL-OCO-304 FR,Officer Chair,0,NO MATCH IN PDF,,
Product Specifications .xlsx,TFL-OCO-305 FR,Officer Chair,7900.0,NO MATCH IN PDF,,
Product Specifications .xlsx,TFL-OCO-306 FR,Officer Chair,0,NO MATCH IN PDF,,
Product Specifications .xlsx,TFL-OCO-307 FR,Officer Chair,0,NO MATCH IN PDF,,
Product Specifications .xlsx,TFL-OCO-308 FR,Officer Chair,0,NO MATCH IN PDF,,
Product Specifications .xlsx,TFL-OCO-309 FR,Officer Chair,9000.0,NO MATCH IN PDF,,
Product Specifications .xlsx,TFL-OCO-310 FR,Officer Chair,9000.0,NO MATCH IN PDF,,
Product Specifications .xlsx,TFL-OCO-311 FR,Officer Chair,9000.0,NO MATCH IN PDF,,
Product Specifications .xlsx,TFL-OCO-312 FR,Officer Chair,0,NO MATCH IN PDF,,
Product Specifications .xlsx,TFL-VCO-301 FR,Visitor Chair ,17000.0,NO MATCH IN PDF,,
Product Specifications .xlsx,TFL-VCO-302 FR,Visitor Chair ,5500.0,NO MATCH IN PDF,,
Product Specifications .xlsx,TFL-VCO-303 FR,Visitor Chair ,6000.0,NO MATCH IN PDF,,
Product Specifications .xlsx,TFL-VCO-304 FR,Visitor Chair ,5800.0,NO MATCH IN PDF,,
Product Specifications .xlsx,TFL-VCO-305 FR,Visitor Chair ,4600.0,NO MATCH IN PDF,,
Product Specifications .xlsx,TFL-VCO-306 FR,Visitor Chair ,3800.0,NO MATCH IN PDF,,
Product Specifications .xlsx,TFL-VCO-307 FR,Visitor Chair ,7500.0,NO MATCH IN PDF,,
Product Specifications .xlsx,TFL-VCO-308 FR,Visitor Chair ,4900.0,NO MATCH IN PDF,,
Product Specifications .xlsx,TFL-VCO-309 FR,Visitor Chair ,6400.0,NO MATCH IN PDF,,
Product Specifications .xlsx,TFL-VCO-310,Visitor Chair ,3700.0,NO MATCH IN PDF,,
Product Specifications .xlsx,TFL-VCO-311 FR,Visitor Chair ,2800.0,NO MATCH IN PDF,,
Product Specifications .xlsx,TFL-VCO-312 WD,Visitor Chair ,4400.0,NO MATCH IN PDF,,
Product Specifications .xlsx,TFL-VCO-313 FR,Visitor Chair ,10500.0,NO MATCH IN PDF,,
Product Specifications .xlsx,TFL-VCO-314 FR,Visitor Chair ,0,NO MATCH IN PDF,,
Product Specifications .xlsx,TFL-VCO-315 FR,Visitor Chair ,5700.0,NO MATCH IN PDF,,
Product Specifications .xlsx,TFL-VCO-316 FR,Visitor Chair ,5100.0,NO MATCH IN PDF,,
Product Specifications .xlsx,TFL-VCO-317 FR,Visitor Chair ,11800.0,NO MATCH IN PDF,,
Product Specifications .xlsx,TFL-CRO-301 FR,Training Chair,0,NO MATCH IN PDF,,
Product Specifications .xlsx,TFL-CRO-302,Training Chair,0,NO MATCH IN PDF,,
Product Specifications .xlsx,TFL-CRO-303 FR,Training Chair,4500.0,NO MATCH IN PDF,,
Product Specifications .xlsx,TFL-CRO-304 WD,Training Chair,5200.0,NO MATCH IN PDF,,
Product Specifications .xlsx,TFL-CRO-305 LB,Training Chair,10800.0,NO MATCH IN PDF,,
Product Specifications .xlsx,TFL-RPC-301 FR,Reception Chair,0,NO MATCH IN PDF,,
Product Specifications .xlsx,TFL-ADC-301 FR,Auditorium Chair,0,NO MATCH IN PDF,,
Product Specifications .xlsx,TFL-POD-201 LB,Podium,8600.0,NO MATCH IN PDF,,
Product Specifications .xlsx,TFL-POD-203 LB,Podium,11700.0,NO MATCH IN PDF,,
Product Specifications .xlsx,TFL-WSO-201 LB,Workstation ,0,NO MATCH IN PDF,,
Product Specifications .xlsx,TFL-WSO-202 LB,Workstation ,0,NO MATCH IN PDF,,
Product Specifications .xlsx,TFL-WSO-203 LB,Workstation ,0,NO MATCH IN PDF,,
Product Specifications .xlsx,TFL-WSO-204 LB,Workstation ,0,NO MATCH IN PDF,,
Product Specifications .xlsx,TFL-RTO-201 LB,Reception Table,17500.0,NO MATCH IN PDF,,
Product Specifications .xlsx,TFL-RTO-202 LB,Reception Table,17700.0,NO MATCH IN PDF,,
Product Specifications .xlsx,TFL-RTO-203 LB,Reception Table,16500.0,NO MATCH IN PDF,,
Product Specifications .xlsx,TFL-RTO-204 LB,Reception Table,14200.0,NO MATCH IN PDF,,
Product Specifications .xlsx,TFL-GCO-301 WD,Waiting chair,13000.0,NO MATCH IN PDF,,
Product Specifications .xlsx,TFL-GCO-302 MT,Waiting chair,19000.0,NO MATCH IN PDF,,
Product Specifications .xlsx,TFL-GCO-303 MT,Waiting chair,32000.0,NO MATCH IN PDF,,
Product Specifications .xlsx,TFL-GCO-304 MT,Waiting chair,0,NO MATCH IN PDF,,
Product Specifications .xlsx,TFL-FCO-501 MT,Office File Cabinet,12500.0,NO MATCH IN PDF,,
Product Specifications .xlsx,TFL-FCO-502 MT,Office File Cabinet,17500.0,NO MATCH IN PDF,,
Product Specifications .xlsx,TFL-FCO-503 MT,Office File Cabinet,21500.0,NO MATCH IN PDF,,
Product Specifications .xlsx,TFL-FCO-504 MT,Combined File Cabinet,35000.0,NO MATCH IN PDF,,
Product Specifications .xlsx,TFL-FCO-505 MT,Combined File Cabinet,37500.0,NO MATCH IN PDF,,
Product Specifications .xlsx,TFL-SAO-501 MT,Office Almirah,34500.0,NO MATCH IN PDF,,
Product Specifications .xlsx,TFL-SAO-502 MT,Office Almirah,35500.0,NO MATCH IN PDF,,
Product Specifications .xlsx,TFL-SAO-503 MT,Office Almirah,28000.0,NO MATCH IN PDF,,
Product Specifications .xlsx,TFL-WSO-501 MT,Hydrolic Work Table,0,NO MATCH IN PDF,,
Product Specifications .xlsx,TFL-EDF-101 WD,Single Student Table,0,NO MATCH IN PDF,,
Product Specifications .xlsx,TFL-EDF-101 WD,Single Student Chair ,0,NO MATCH IN PDF,,
Product Specifications .xlsx,TFL-EDF-103 WD,Double Student Table,0,NO MATCH IN PDF,,
Product Specifications .xlsx,TFL-EDF-104 WD,Double Student Chair ,0,NO MATCH IN PDF,,
Product Specifications .xlsx,TFL-EDF-105 WD,Teachers  Table,0,NO MATCH IN PDF,,
Product Specifications .xlsx,TFL-EDF-106 WD,Teachers  Chair ,0,NO MATCH IN PDF,,
Product Specifications .xlsx,TFL-EDF-107 MT,Teachers  Table,0,NO MATCH IN PDF,,
Product Specifications .xlsx,TFL-EDF-108 MT,Chair ,0,NO MATCH IN PDF,,
Product Specifications .xlsx,TFL-EDF-108 MT,Chair ,0,NO MATCH IN PDF,,
Product Specifications .xlsx,TFL-EDF-109 MT,School Bench ,0,NO MATCH IN PDF,,
Product Specifications .xlsx,TFL-EDF-110 MT,School Bench ,0,NO MATCH IN PDF,,
Product Specifications .xlsx,TFL-ESB-101 MT,School Bench ,0,NO MATCH IN PDF,,
Product Specifications .xlsx,TFL-ESB-102 MT,School Bench ,0,NO MATCH IN PDF,,
Product Specifications .xlsx,TFL-ESB-103 MT,School Bench ,0,NO MATCH IN PDF,,
Product Specifications .xlsx,TFL-ESB-104 MT,School Bench ,0,NO MATCH IN PDF,,
Product Specifications .xlsx,TFL-ESB-105 MT,School Bench ,0,NO MATCH IN PDF,,
Product Specifications .xlsx,TFL-ESB-106 MT,School Bench ,0,NO MATCH IN PDF,,
Product Specifications .xlsx,TFL-EDF-111 MT,Student Locker,0,NO MATCH IN PDF,,
Product Specifications .xlsx,TFL-EDF-112 LB,Student Locker,0,NO MATCH IN PDF,,
Product Specifications .xlsx,TFL-EDF-113 LB,Student Locker,0,NO MATCH IN PDF,,
Product Specifications .xlsx,TFL-EDF-114LB,Library Table ,0,NO MATCH IN PDF,,
Product Specifications .xlsx,TFL-EDF-115LB,Pordium ,0,NO MATCH IN PDF,,
Product Specifications .xlsx,TFL-EDF-116LB,Pordium ,0,NO MATCH IN PDF,,
Product Specifications .xlsx,TFL-OFC-119 MT,File Cabinet ,0,NO MATCH IN PDF,,
Product Specifications .xlsx,TFL-OFC-120 MT,File Cabinet ,0,NO MATCH IN PDF,,
Product Specifications .xlsx,TFL-OFC-121 MT,File Cabinet ,0,NO MATCH IN PDF,,
Product Specifications .xlsx,TFL-OFC-122 MT,File Cabinet ,0,NO MATCH IN PDF,,
Product Specifications .xlsx,TFL-OFC-123 MT,File Cabinet ,0,NO MATCH IN PDF,,
Product Specifications .xlsx,TFL-OFC-124 MT,Combined File Cabinet,0,NO MATCH IN PDF,,
Product Specifications .xlsx,TFL-OFC-125 MT,File Cabinet ,0,NO MATCH IN PDF,,
Product Specifications .xlsx,TFL-OFC-126 MT,File Cabinet ,0,NO MATCH IN PDF,,
Product Specifications .xlsx,TFL-OFC-127 MT,Combined File Cabinet,0,NO MATCH IN PDF,,
Product Specifications .xlsx,TFL-OFC-128 MT,Steel Almirah ,0,NO MATCH IN PDF,,
Product Specifications .xlsx,TFL-OFC-129 MT,Steel Almirah ,0,NO MATCH IN PDF,,
Product Specifications .xlsx,TFL-OFC-130 MT,Steel Almirah ,0,NO MATCH IN PDF,,
Product Specifications .xlsx,TFL-IND-101 MT,CNC Design Door,0,NO MATCH IN PDF,,
Product Specifications .xlsx,TFL-IND-102 MT,CNC Design Door,0,NO MATCH IN PDF,,
Product Specifications .xlsx,TFL-IND-103 MT,CNC Design Door,0,NO MATCH IN PDF,,
Product Specifications .xlsx,TFL-IND-104 MT,CNC Design Door,0,NO MATCH IN PDF,,
Product Specifications .xlsx,TFL-IND-105 MT,CNC Design Door,0,NO MATCH IN PDF,,
Product Specifications .xlsx,TFL-IND-106 MT,CNC Design Door,0,NO MATCH IN PDF,,
Product Specifications .xlsx,TFL-IND-107 MT,Fire Exit Door,0,NO MATCH IN PDF,,
Product Specifications .xlsx,TFL-IND-108 MT,Fire Exit Door,0,NO MATCH IN PDF,,
Product Specifications .xlsx,TFL-IND-109 MT,Fire Exit Door,0,NO MATCH IN PDF,,
Product Specifications .xlsx,TFL-IND-110 MT,Fire Exit Door,0,NO MATCH IN PDF,,
Product Specifications .xlsx,TFL-IND-111 MT,Fire Exit Door,0,NO MATCH IN PDF,,
Product Specifications .xlsx,TFL-IND-112 MT,Fire Exit Door,0,NO MATCH IN PDF,,
Product Specifications .xlsx,TFL-IND-113 MT,Stair,0,NO MATCH IN PDF,,
Product Specifications .xlsx,TFL-IND-114 MT,Stair,0,NO MATCH IN PDF,,
Product Specifications .xlsx,TFL-IND-115 MT,Stair,0,NO MATCH IN PDF,,
Product Specifications .xlsx,TFL-IND-112 MT,Hand Trolley,0,NO MATCH IN PDF,,
Product Specifications .xlsx,TFL-IND-113 MT,Hand Trolley,0,NO MATCH IN PDF,,
Product Specifications .xlsx,TFL-IND-114 MT,Hand Trolley,0,NO MATCH IN PDF,,
Product Specifications .xlsx,TFL-IND-130 MT,Trolley,0,NO MATCH IN PDF,,
Product Specifications .xlsx,TFL-IND-125 MT,Inspection Table,0,NO MATCH IN PDF,,
Product Specifications .xlsx,TFL-IND-126 MT,Sample Rack ,0,NO MATCH IN PDF,,
Product Specifications .xlsx,TFL-IND-127 MT,Storage Rack ,0,NO MATCH IN PDF,,
Product Specifications .xlsx,TFL-IND-128 MT,Display Rack,0,NO MATCH IN PDF,,
Product Specifications .xlsx,TFL-IND-129 MT,Cutting table ,0,NO MATCH IN PDF,,
Product Specifications .xlsx,TFL-HOS-101 MT,Hospital Bed,0,NO MATCH IN PDF,,
Product Specifications .xlsx,TFL-HOS-102 MT,Hospital Bed,0,NO MATCH IN PDF,,
Product Specifications .xlsx,TFL-HOS-103 MT,OT Bed,0,NO MATCH IN PDF,,
Product Specifications .xlsx,TFL-HOS-104 MT,Delivery Bed,0,NO MATCH IN PDF,,
Product Specifications .xlsx,TFL-HOS-105 MT,Delivery Bed,0,NO MATCH IN PDF,,
Product Specifications .xlsx,TFL-HOS-106 MT,Delivery Bed,0,NO MATCH IN PDF,,
Product Specifications .xlsx,TFL-HOS-110 MT,Patient Bed,0,NO MATCH IN PDF,,
Product Specifications .xlsx,TFL-HOS-111 MT,Patient Bed,0,NO MATCH IN PDF,,
Product Specifications .xlsx,TFL-HOS-112 MT,Patient Bed,0,NO MATCH IN PDF,,
Product Specifications .xlsx,TFL-HOS-107 MT,Bedside Table ,0,NO MATCH IN PDF,,
Product Specifications .xlsx,TFL-HOS-108 MT,Bedside Table ,0,NO MATCH IN PDF,,
Product Specifications .xlsx,TFL-HOS-109 MT,Bedside Table ,0,NO MATCH IN PDF,,
Product Specifications .xlsx,TFL-HOS-113 MT,Bedside Table ,0,NO MATCH IN PDF,,
Product Specifications .xlsx,TFL-HOS-114 MT,Bedside Table ,0,NO MATCH IN PDF,,
Product Specifications .xlsx,TFL-HOS-115 MT,Bedside Table ,0,NO MATCH IN PDF,,
Product Specifications .xlsx,TFL-HOS-116 MT,Medicine Cupboard,0,NO MATCH IN PDF,,
Product Specifications .xlsx,TFL-HOS-117 MT,Medicine Cupboard,0,NO MATCH IN PDF,,
Product Specifications .xlsx,TFL-HOS-118 MT,Medicine Cupboard,0,NO MATCH IN PDF,,
Product Specifications .xlsx,TFL-HOS-118 MT,Saline Stand,0,NO MATCH IN PDF,,
Product Specifications .xlsx,TFL-HOS-119 MT,Saline Stand,0,NO MATCH IN PDF,,
Product Specifications .xlsx,TFL-HOS-120 MT,Saline Stand,0,NO MATCH IN PDF,,
Product Specifications .xlsx,TFL-HOS-121 MT,Baby Cot,0,NO MATCH IN PDF,,
Product Specifications .xlsx,TFL-HOS-122 MT,Baby Cot,0,NO MATCH IN PDF,,
Product Specifications .xlsx,TFL-HOS-123 MT,Baby Cot,0,NO MATCH IN PDF,,
Computer Table Specifications.xlsx,TFL-CTO-202 LB,Computer Table,3950.0,NO MATCH IN PDF,,
Computer Table Specifications.xlsx,TFL-CTO-203 LB,Computer Table,8500.0,NO MATCH IN PDF,,
Computer Table Specifications.xlsx,TFL-CTO-204 LB,Computer Table,6500.0,NO MATCH IN PDF,,
Computer Table Specifications.xlsx,TFL-CTO-205 LB,Computer Table,3700.0,NO MATCH IN PDF,,
Computer Table Specifications.xlsx,TFL-CTO-206 LB,Computer Table,6700.0,NO MATCH IN PDF,,
Conference Table Specifications.xlsx,TFL-OCT-201 LB,Conference Table,6500.0,NO MATCH IN PDF,,
Conference Table Specifications.xlsx,TFL-OCT-201 LB,Conference Table,4500.0,NO MATCH IN PDF,,
Conference Table Specifications.xlsx,TFL-OCT-201 LB,Conference Table,4300.0,NO MATCH IN PDF,,
Conference Table Specifications.xlsx,TFL-OCT-202 LB,Conference Table,14500.0,NO MATCH IN PDF,,
Conference Table Specifications.xlsx,TFL-OCT-203 LB,Conference Table,24000.0,NO MATCH IN PDF,,
Conference Table Specifications.xlsx,TFL-OCT-204 LB,Conference Table,7500.0,NO MATCH IN PDF,,
Divan Specifications.xlsx,TFL-SOF-309 FR,2- Seater Sofa,0,NO MATCH IN PDF,,
Divan Specifications.xlsx,TFL-SOF-310 FR,Divan ,0,NO MATCH IN PDF,,
Drawer Unit Specifications.xlsx,TFL-DUO-201 LB,Mobile Drawer Unit,6400.0,NO MATCH IN PDF,,
Drawer Unit Specifications.xlsx,TFL-DUO-202 LB,Mobile Drawer Unit,6200.0,NO MATCH IN PDF,,
Drawer Unit Specifications.xlsx,TFL-DUO-203 LB,Mobile Drawer Unit,5700.0,NO MATCH IN PDF,,
Drawer Unit Specifications.xlsx,TFL-DUO-204 LB,Mobile Drawer Unit,5400.0,NO MATCH IN PDF,,
Drawer Unit Specifications.xlsx,TFL-DUO-205 LB,Hanging Drawer,4300.0,NO MATCH IN PDF,,
Drawer Unit Specifications.xlsx,TFL-DUO-206 LB,Hanging Drawer,3200.0,NO MATCH IN PDF,,
Drawer Unit Specifications.xlsx,TFL-DUO-207 LB,Hanging Drawer,2300.0,NO MATCH IN PDF,,
Executive Chair Specifications.xlsx,TFL-ECO-301 FF,Office Chair ,32000.0,NO MATCH IN PDF,,
Executive Chair Specifications.xlsx,TFL-ECO-302 FF,Office Chair ,32000.0,NO MATCH IN PDF,,
Executive Chair Specifications.xlsx,TFL-ECO-303 FF,Office Chair ,32000.0,NO MATCH IN PDF,,
Executive Chair Specifications.xlsx,TFL-ECO-304 FF,Office Chair ,3200.0,NO MATCH IN PDF,,
Executive Chair Specifications.xlsx,TFL-ECO-305 FR,Office Chair ,18000.0,NO MATCH IN PDF,,
Executive Chair Specifications.xlsx,TFL-ECO-306 FR,Office Chair ,32000.0,NO MATCH IN PDF,,
Executive Chair Specifications.xlsx,TFL-ECO-307 FR,Office Chair ,18000.0,NO MATCH IN PDF,,
Executive Chair Specifications.xlsx,TFL-ECO-308 FR,Office Chair ,32000.0,NO MATCH IN PDF,,
Executive Chair Specifications.xlsx,TFL-ECO-320 FR,Office Chair ,14500.0,NO MATCH IN PDF,,
Executive Chair Specifications.xlsx,TFL-ECO-309 FR,Office Chair ,38000.0,NO MATCH IN PDF,,
Executive Chair Specifications.xlsx,TFL-ECO-310 FF,Office Chair ,22700.0,NO MATCH IN PDF,,
Executive Chair Specifications.xlsx,TFL-ECO-311 FR,Office Chair ,22500.0,NO MATCH IN PDF,,
Executive Chair Specifications.xlsx,TFL-ECO-312 FR,Office Chair ,15500.0,NO MATCH IN PDF,,
Executive Chair Specifications.xlsx,TFL-ECO-313 FF,Office Chair ,15000.0,NO MATCH IN PDF,,
Executive Chair Specifications.xlsx,TFL-ECO-314 FR,Office Chair ,18500.0,NO MATCH IN PDF,,
Executive Chair Specifications.xlsx,TFL-ECO-315 FR,Office Chair ,17000.0,NO MATCH IN PDF,,
Executive Chair Specifications.xlsx,TFL-ECO-316 FR,Office Chair ,17000.0,NO MATCH IN PDF,,
Executive Chair Specifications.xlsx,TFL-ECO-317 WD,Office Chair ,14500.0,NO MATCH IN PDF,,
Executive Chair Specifications.xlsx,TFL-ECO-318 WD,Office Chair ,17500.0,NO MATCH IN PDF,,
Executive Chair Specifications.xlsx,TFL-ECO-319 WD,Office Chair ,16100.0,NO MATCH IN PDF,,
Executive Table  Specifications.xlsx,TFL-STO-202 LB,Sr. Executive Table,21500.0,NO MATCH IN PDF,,
Executive Table  Specifications.xlsx,TFL-STO-203 LB,Sr. Executive Table,21000.0,NO MATCH IN PDF,,
Executive Table  Specifications.xlsx,TFL-STO-204 LB,Sr. Executive Table,22500.0,NO MATCH IN PDF,,
Executive Table  Specifications.xlsx,TFL-STO-205 LB,Sr. Executive Table,30500.0,NO MATCH IN PDF,,
Executive Table  Specifications.xlsx,TFL-STO-206 LB,Sr. Executive Table,22500.0,NO MATCH IN PDF,,
Executive Table  Specifications.xlsx,TFL-STO-207 LB,Sr. Executive Table,22500.0,NO MATCH IN PDF,,
Executive Table  Specifications.xlsx,TFL-STO-208 LB,Sr. Executive Table,11300.0,NO MATCH IN PDF,,
Executive Table  Specifications.xlsx,TFL-STO-209 LB,Sr. Executive Table,8900.0,NO MATCH IN PDF,,
Executive Table  Specifications.xlsx,TFL-STO-210 LB,Sr. Executive Table,19500.0,NO MATCH IN PDF,,
Executive Table  Specifications.xlsx,TFL-STO-211 LB,Sr. Executive Table,11200.0,NO MATCH IN PDF,,
Executive Table  Specifications.xlsx,TFL-STO-212 LB,Sr. Executive Table,18800.0,NO MATCH IN PDF,,
Executive Table  Specifications.xlsx,TFL-STO-213 LB,Sr. Executive Table,20500.0,NO MATCH IN PDF,,
Executive Table  Specifications.xlsx,TFL-STO-214 LB,Sr. Executive Table,23500.0,NO MATCH IN PDF,,
Executive Table  Specifications.xlsx,TFL-ETO-215 LB,Executive Table,7800.0,NO MATCH IN PDF,,
Executive Table  Specifications.xlsx,TFL-ETO-216 LB,Executive Table,11500.0,NO MATCH IN PDF,,
Executive Table  Specifications.xlsx,TFL-ETO-217 LB,Executive Table,9500.0,NO MATCH IN PDF,,
Executive Table  Specifications.xlsx,TFL-ETO-218 LB,Executive Table,12500.0,NO MATCH IN PDF,,
Executive Table  Specifications.xlsx,TFL-ETO-219 LB,Executive Table,11700.0,NO MATCH IN PDF,,
Executive Table  Specifications.xlsx,TFL-ETO-220 LB,Executive Table,12500.0,NO MATCH IN PDF,,
Executive Table  Specifications.xlsx,TFL-ETO-221 LB,Executive Table,10900.0,NO MATCH IN PDF,,
Executive Table  Specifications.xlsx,TFL-ETO-222 LB,Executive Table,13500.0,NO MATCH IN PDF,,
Executive Table  Specifications.xlsx,TFL-ETO-223 LB,Executive Table,6900.0,NO MATCH IN PDF,,
Executive Table  Specifications.xlsx,TFL-ETO-224 LB,Executive Table,7700.0,NO MATCH IN PDF,,
Executive Table  Specifications.xlsx,TFL-ETO-225 LB,Executive Table,13100.0,NO MATCH IN PDF,,
Executive Table  Specifications.xlsx,TFL-ETO-226 LB,Executive Table,5400.0,NO MATCH IN PDF,,
Executive Table  Specifications.xlsx,TFL-ETO-227 LB,Executive Table,14700.0,NO MATCH IN PDF,,
Executive Table  Specifications.xlsx,TFL-ETO-228 LB,Executive Table,11300.0,NO MATCH IN PDF,,
File Cabinet.xlsx,TFL-FCO-502 MT,Office File Cabinet,17500.0,NO MATCH IN PDF,,
File Cabinet.xlsx,TFL-FCO-503 MT,Office File Cabinet,21500.0,NO MATCH IN PDF,,
File Cabinet.xlsx,TFL-FCO-504 MT,Combined File Cabinet,35000.0,NO MATCH IN PDF,,
Hanging Cabinet Specifications.xlsx,TFL-HCO-201 LB,Hanging File Cabinet,6800.0,NO MATCH IN PDF,,
Hanging Cabinet Specifications.xlsx,TFL-HCO-202 LB,Hanging File Cabinet,5350.0,NO MATCH IN PDF,,
Hanging Cabinet Specifications.xlsx,TFL-HCO-203 LB,Hanging File Cabinet,7250.0,NO MATCH IN PDF,,
Multipurpose Shelf Specifications.xlsx,TFL-MPO-201 LB,Multipurpose Shelf,12500.0,NO MATCH IN PDF,,
Multipurpose Shelf Specifications.xlsx,TFL-MPO-202 LB,Multipurpose Shelf,16500.0,NO MATCH IN PDF,,
Multipurpose Shelf Specifications.xlsx,TFL-MPO-203 LB,Multipurpose Shelf,12700.0,NO MATCH IN PDF,,
Multipurpose Shelf Specifications.xlsx,TFL-MPO-204 LB,Multipurpose Shelf,7995.0,NO MATCH IN PDF,,
Multipurpose Shelf Specifications.xlsx,TFL-HCO-201 LB,Hanging File Cabinet,6800.0,NO MATCH IN PDF,,
Multipurpose Shelf Specifications.xlsx,TFL-HCO-202 LB,Hanging File Cabinet,5350.0,NO MATCH IN PDF,,
Multipurpose Shelf Specifications.xlsx,TFL-HCO-202 LB,Hanging File Cabinet,7250.0,NO MATCH IN PDF,,
Multipurpose Shelf Specifications.xlsx,TFL-OCT-201 LB,Conference Table,6500.0,NO MATCH IN PDF,,
Multipurpose Shelf Specifications.xlsx,TFL-OCT-201 LB,Conference Table,4500.0,NO MATCH IN PDF,,
Multipurpose Shelf Specifications.xlsx,TFL-OCT-201 LB,Conference Table,4300.0,NO MATCH IN PDF,,
Multipurpose Shelf Specifications.xlsx,TFL-OCT-202 LB,Conference Table,14500.0,NO MATCH IN PDF,,
Multipurpose Shelf Specifications.xlsx,TFL-OCT-203 LB,Conference Table,24000.0,NO MATCH IN PDF,,
Multipurpose Shelf Specifications.xlsx,TFL-OCT-204 LB,Conference Table,7500.0,NO MATCH IN PDF,,
Multipurpose Shelf Specifications.xlsx,TFL-OSF-301 FR,2- Seater Sofa,0,NO MATCH IN PDF,,
Multipurpose Shelf Specifications.xlsx,TFL-OSF-302 FR,2- Seater Sofa,25000.0,NO MATCH IN PDF,,
Multipurpose Shelf Specifications.xlsx,TFL-OSF-303 FR,2- Seater Sofa,32000.0,NO MATCH IN PDF,,
Multipurpose Shelf Specifications.xlsx,TFL-OSF-304 FR,2- Seater Sofa,0,NO MATCH IN PDF,,
Multipurpose Shelf Specifications.xlsx,TFL-OSF-305 FR,2- Seater Sofa,22500.0,NO MATCH IN PDF,,
Multipurpose Shelf Specifications.xlsx,TFL-OSF-306 FR,2- Seater Sofa,17200.0,NO MATCH IN PDF,,
Multipurpose Shelf Specifications.xlsx,TFL-OSF-307 FR,2- Seater Sofa,20500.0,NO MATCH IN PDF,,
Multipurpose Shelf Specifications.xlsx,TFL-OSF-308 FR,None,0,NO MATCH IN PDF,,
Multipurpose Shelf Specifications.xlsx,TFL-SOF-309 FR,2- Seater Sofa,0,NO MATCH IN PDF,,
Multipurpose Shelf Specifications.xlsx,TFL-SOF-310 FR,Divan ,0,NO MATCH IN PDF,,
Multipurpose Shelf Specifications.xlsx,TFL-ECO-301 FF,Office Chair ,32000.0,NO MATCH IN PDF,,
Multipurpose Shelf Specifications.xlsx,TFL-ECO-302 FF,Office Chair ,32000.0,NO MATCH IN PDF,,
Multipurpose Shelf Specifications.xlsx,TFL-ECO-303 FF,Office Chair ,32000.0,NO MATCH IN PDF,,
Multipurpose Shelf Specifications.xlsx,TFL-ECO-304 FF,Office Chair ,3200.0,NO MATCH IN PDF,,
Multipurpose Shelf Specifications.xlsx,TFL-ECO-305 FR,Office Chair ,18000.0,NO MATCH IN PDF,,
Multipurpose Shelf Specifications.xlsx,TFL-ECO-306 FR,Office Chair ,32000.0,NO MATCH IN PDF,,
Multipurpose Shelf Specifications.xlsx,TFL-ECO-307 FR,Office Chair ,18000.0,NO MATCH IN PDF,,
Multipurpose Shelf Specifications.xlsx,TFL-ECO-308 FR,Office Chair ,32000.0,NO MATCH IN PDF,,
Multipurpose Shelf Specifications.xlsx,TFL-ECO-320 FR,Office Chair ,14500.0,NO MATCH IN PDF,,
Multipurpose Shelf Specifications.xlsx,TFL-ECO-309 FR,Office Chair ,38000.0,NO MATCH IN PDF,,
Multipurpose Shelf Specifications.xlsx,TFL-ECO-310 FF,Office Chair ,22700.0,NO MATCH IN PDF,,
Multipurpose Shelf Specifications.xlsx,TFL-ECO-311 FR,Office Chair ,22500.0,NO MATCH IN PDF,,
Multipurpose Shelf Specifications.xlsx,TFL-ECO-312 FR,Office Chair ,15500.0,NO MATCH IN PDF,,
Multipurpose Shelf Specifications.xlsx,TFL-ECO-313 FF,Office Chair ,15000.0,NO MATCH IN PDF,,
Multipurpose Shelf Specifications.xlsx,TFL-ECO-314 FR,Office Chair ,18500.0,NO MATCH IN PDF,,
Multipurpose Shelf Specifications.xlsx,TFL-ECO-315 FR,Office Chair ,17000.0,NO MATCH IN PDF,,
Multipurpose Shelf Specifications.xlsx,TFL-ECO-316 FR,Office Chair ,17000.0,NO MATCH IN PDF,,
Multipurpose Shelf Specifications.xlsx,TFL-ECO-317 WD,Office Chair ,14500.0,NO MATCH IN PDF,,
Multipurpose Shelf Specifications.xlsx,TFL-ECO-318 WD,Office Chair ,17500.0,NO MATCH IN PDF,,
Multipurpose Shelf Specifications.xlsx,TFL-ECO-319 WD,Office Chair ,16100.0,NO MATCH IN PDF,,
Multipurpose Shelf Specifications.xlsx,TFL-OCO-301 FR,Officer Chair,26000.0,NO MATCH IN PDF,,
Multipurpose Shelf Specifications.xlsx,TFL-OCO-302 FR,Officer Chair,26000.0,NO MATCH IN PDF,,
Multipurpose Shelf Specifications.xlsx,TFL-OCO-303 FR,Officer Chair,26000.0,NO MATCH IN PDF,,
Multipurpose Shelf Specifications.xlsx,TFL-OCO-304 FR,Officer Chair,24000.0,NO MATCH IN PDF,,
Multipurpose Shelf Specifications.xlsx,TFL-OCO-305 FR,Officer Chair,7900.0,NO MATCH IN PDF,,
Multipurpose Shelf Specifications.xlsx,TFL-OCO-306 FR,Officer Chair,8000.0,NO MATCH IN PDF,,
Multipurpose Shelf Specifications.xlsx,TFL-OCO-307 FR,Officer Chair,7020.0,NO MATCH IN PDF,,
Multipurpose Shelf Specifications.xlsx,TFL-OCO-308 FR,Officer Chair,20280.0,NO MATCH IN PDF,,
Multipurpose Shelf Specifications.xlsx,TFL-OCO-309 FR,Officer Chair,9000.0,NO MATCH IN PDF,,
Multipurpose Shelf Specifications.xlsx,TFL-OCO-310 FR,Officer Chair,9000.0,NO MATCH IN PDF,,
Multipurpose Shelf Specifications.xlsx,TFL-OCO-311 FR,Officer Chair,9000.0,NO MATCH IN PDF,,
Multipurpose Shelf Specifications.xlsx,TFL-OCO-312 FR,Officer Chair,13000.0,NO MATCH IN PDF,,
Multipurpose Shelf Specifications.xlsx,TFL-VCO-301 FR,Visitor Chair ,17000.0,NO MATCH IN PDF,,
Multipurpose Shelf Specifications.xlsx,TFL-VCO-302 FR,Visitor Chair ,5500.0,NO MATCH IN PDF,,
Multipurpose Shelf Specifications.xlsx,TFL-VCO-303 FR,Visitor Chair ,6000.0,NO MATCH IN PDF,,
Multipurpose Shelf Specifications.xlsx,TFL-VCO-304 FR,Visitor Chair ,6200.0,NO MATCH IN PDF,,
Multipurpose Shelf Specifications.xlsx,TFL-VCO-305 FR,Visitor Chair ,5500.0,NO MATCH IN PDF,,
Multipurpose Shelf Specifications.xlsx,TFL-VCO-306 FR,Visitor Chair ,4600.0,NO MATCH IN PDF,,
Multipurpose Shelf Specifications.xlsx,TFL-VCO-307 FR,Visitor Chair ,7500.0,NO MATCH IN PDF,,
Multipurpose Shelf Specifications.xlsx,TFL-VCO-308 FR,Visitor Chair ,4900.0,NO MATCH IN PDF,,
Multipurpose Shelf Specifications.xlsx,TFL-VCO-309 FR,Visitor Chair ,8000.0,NO MATCH IN PDF,,
Multipurpose Shelf Specifications.xlsx,TFL-VCO-310,Visitor Chair ,3150.0,NO MATCH IN PDF,,
Multipurpose Shelf Specifications.xlsx,TFL-VCO-311 FR,Visitor Chair ,2950.0,NO MATCH IN PDF,,
Multipurpose Shelf Specifications.xlsx,TFL-VCO-312 WD,Visitor Chair ,4600.0,NO MATCH IN PDF,,
Multipurpose Shelf Specifications.xlsx,TFL-VCO-313 FR,Visitor Chair ,7000.0,NO MATCH IN PDF,,
Multipurpose Shelf Specifications.xlsx,TFL-VCO-314 FR,Visitor Chair ,11800.0,NO MATCH IN PDF,,
Multipurpose Shelf Specifications.xlsx,TFL-VCO-315 FR,Visitor Chair ,6500.0,NO MATCH IN PDF,,
Multipurpose Shelf Specifications.xlsx,TFL-VCO-316 FR,Visitor Chair ,5100.0,NO MATCH IN PDF,,
Office Almirah.xlsx,TFL-SAO-502 MT,Office Almirah,35500.0,NO MATCH IN PDF,,
Office Almirah.xlsx,TFL-SAO-503 MT,Office Almirah,28000.0,NO MATCH IN PDF,,
Officer Chair  Specifications.xlsx,TFL-OCO-301 FR,Officer Chair,26000.0,NO MATCH IN PDF,,
Officer Chair  Specifications.xlsx,TFL-OCO-302 FR,Officer Chair,26000.0,NO MATCH IN PDF,,
Officer Chair  Specifications.xlsx,TFL-OCO-303 FR,Officer Chair,26000.0,NO MATCH IN PDF,,
Officer Chair  Specifications.xlsx,TFL-OCO-304 FR,Officer Chair,24000.0,NO MATCH IN PDF,,
Officer Chair  Specifications.xlsx,TFL-OCO-305 FR,Officer Chair,7900.0,NO MATCH IN PDF,,
Officer Chair  Specifications.xlsx,TFL-OCO-306 FR,Officer Chair,8000.0,NO MATCH IN PDF,,
Officer Chair  Specifications.xlsx,TFL-OCO-307 FR,Officer Chair,7020.0,NO MATCH IN PDF,,
Officer Chair  Specifications.xlsx,TFL-OCO-308 FR,Officer Chair,20280.0,NO MATCH IN PDF,,
Officer Chair  Specifications.xlsx,TFL-OCO-309 FR,Officer Chair,9000.0,NO MATCH IN PDF,,
Officer Chair  Specifications.xlsx,TFL-OCO-310 FR,Officer Chair,9000.0,NO MATCH IN PDF,,
Officer Chair  Specifications.xlsx,TFL-OCO-311 FR,Officer Chair,9000.0,NO MATCH IN PDF,,
Officer Chair  Specifications.xlsx,TFL-OCO-312 FR,Officer Chair,13000.0,NO MATCH IN PDF,,
Podium.xlsx,TFL-POD-203 LB,Podium,11700.0,NO MATCH IN PDF,,
Side Rack  Specifications.xlsx,TFL-SRO-201 LB,Side Rack,8800.0,NO MATCH IN PDF,,
Side Rack  Specifications.xlsx,TFL-SRO-202 LB,Side Rack,5000.0,NO MATCH IN PDF,,
Side Rack  Specifications.xlsx,TFL-SRO-203 LB,Side Rack,8100.0,NO MATCH IN PDF,,
Side Rack  Specifications.xlsx,TFL-SRO-204 LB,Side Rack,8500.0,NO MATCH IN PDF,,
Side Rack  Specifications.xlsx,TFL-SRO-205 LB,Side Rack,9050.0,NO MATCH IN PDF,,
Side Rack  Specifications.xlsx,TFL-SRO-206 LB,Side Rack,8600.0,NO MATCH IN PDF,,
Sofa Specifications.xlsx,TFL-OSF-301 FR-D,2- Seater Sofa,0,NO MATCH IN PDF,,
Sofa Specifications.xlsx,TFL-OSF-301 FR-S,1- Seater Sofa,0,NO MATCH IN PDF,,
Sofa Specifications.xlsx,TFL-OSF-302 FR-D,2- Seater Sofa,25000.0,NO MATCH IN PDF,,
Sofa Specifications.xlsx,TFL-OSF-302 FR-S,1- Seater Sofa,17500.0,NO MATCH IN PDF,,
Sofa Specifications.xlsx,TFL-OSF-303 FR-D,2- Seater Sofa,32000.0,NO MATCH IN PDF,,
Sofa Specifications.xlsx,TFL-OSF-303 FR-S,1- Seater Sofa,22000.0,NO MATCH IN PDF,,
Sofa Specifications.xlsx,TFL-OSF-304 FR-D,2- Seater Sofa,0,NO MATCH IN PDF,,
Sofa Specifications.xlsx,TFL-OSF-304 FR-S,1- Seater Sofa,0,NO MATCH IN PDF,,
Sofa Specifications.xlsx,TFL-OSF-305 FR-D,2- Seater Sofa,22500.0,NO MATCH IN PDF,,
Sofa Specifications.xlsx,TFL-OSF-305 FR-S,1- Seater Sofa,15100.0,NO MATCH IN PDF,,
Sofa Specifications.xlsx,TFL-OSF-306 FR-D,2- Seater Sofa,17200.0,NO MATCH IN PDF,,
Sofa Specifications.xlsx,TFL-OSF-306 FR-S,1- Seater Sofa,10500.0,NO MATCH IN PDF,,
Sofa Specifications.xlsx,TFL-OSF-307 FR-D,2- Seater Sofa,20500.0,NO MATCH IN PDF,,
Sofa Specifications.xlsx,TFL-OSF-307 FR-S,1- Seater Sofa,15800.0,NO MATCH IN PDF,,
Sofa Specifications.xlsx,TFL-OSF-308 FR-S,None,0,NO MATCH IN PDF,,
Training Chair.xlsx,TFL-CRO-302 FR,Training Chair,0,NO MATCH IN PDF,,
Training Chair.xlsx,TFL-CRO-303 FR,Training Chair,4800.0,NO MATCH IN PDF,,
Training Chair.xlsx,TFL-CRO-304 WD,Training Chair,5800.0,NO MATCH IN PDF,,
Training Chair.xlsx,TFL-CRO-305 LB,Training Chair,10500.0,NO MATCH IN PDF,,
Visitor Chair  Specifications.xlsx,TFL-VCO-301 FR,Visitor Chair ,17000.0,NO MATCH IN PDF,,
Visitor Chair  Specifications.xlsx,TFL-VCO-302 FR,Visitor Chair ,5500.0,NO MATCH IN PDF,,
Visitor Chair  Specifications.xlsx,TFL-VCO-303 FR,Visitor Chair ,6000.0,NO MATCH IN PDF,,
Visitor Chair  Specifications.xlsx,TFL-VCO-304 FR,Visitor Chair ,6200.0,NO MATCH IN PDF,,
Visitor Chair  Specifications.xlsx,TFL-VCO-305 FR,Visitor Chair ,5500.0,NO MATCH IN PDF,,
Visitor Chair  Specifications.xlsx,TFL-VCO-306 FR,Visitor Chair ,4600.0,NO MATCH IN PDF,,
Visitor Chair  Specifications.xlsx,TFL-VCO-307 FR,Visitor Chair ,7500.0,NO MATCH IN PDF,,
Visitor Chair  Specifications.xlsx,TFL-VCO-308 FR,Visitor Chair ,4900.0,NO MATCH IN PDF,,
Visitor Chair  Specifications.xlsx,TFL-VCO-309 FR,Visitor Chair ,8000.0,NO MATCH IN PDF,,
Visitor Chair  Specifications.xlsx,TFL-VCO-310,Visitor Chair ,3150.0,NO MATCH IN PDF,,
Visitor Chair  Specifications.xlsx,TFL-VCO-311 FR,Visitor Chair ,2950.0,NO MATCH IN PDF,,
Visitor Chair  Specifications.xlsx,TFL-VCO-312 WD,Visitor Chair ,4600.0,NO MATCH IN PDF,,
Visitor Chair  Specifications.xlsx,TFL-VCO-313 FR,Visitor Chair ,7000.0,NO MATCH IN PDF,,
Visitor Chair  Specifications.xlsx,TFL-VCO-314 FR,Visitor Chair ,11800.0,NO MATCH IN PDF,,
Visitor Chair  Specifications.xlsx,TFL-VCO-315 FR,Visitor Chair ,6500.0,NO MATCH IN PDF,,
Visitor Chair  Specifications.xlsx,TFL-VCO-316 FR,Visitor Chair ,5100.0,NO MATCH IN PDF,,
Waiting Chair.xlsx,TFL-GCO-302 MT,Waiting chair,19000.0,NO MATCH IN PDF,,
Waiting Chair.xlsx,TFL-GCO-303 MT,Waiting chair,32000.0,NO MATCH IN PDF,,
Waiting Chair.xlsx,TFL-GCO-304 MT,Waiting chair,0,NO MATCH IN PDF,,
